#0 building with "orbstack" instance using docker driver

#1 [internal] load build definition from Dockerfile
#1 transferring dockerfile: 9.50kB done
#1 DONE 0.0s

#2 resolve image config for docker-image://docker.io/docker/dockerfile:1
#2 DONE 0.7s

#3 docker-image://docker.io/docker/dockerfile:1@sha256:4edf897a3ffa55b89f906fc8cc78afdb3f1834cc9c7083565e611a8a7d5fe99e
#3 CACHED

#4 [internal] load metadata for docker.io/library/golang:1.27.1-trixie
#4 ...

#5 [internal] load metadata for docker.io/library/debian:trixie-slim
#5 DONE 0.9s

#4 [internal] load metadata for docker.io/library/golang:1.27.1-trixie
#4 DONE 1.0s

#6 [internal] load .dockerignore
#6 transferring context: 513B done
#6 DONE 0.1s

#7 [internal] preparing inline document
#7 DONE 0.1s

#8 [media-base 1/3] FROM docker.io/library/golang:1.27.1-trixie@sha256:8f58fd67ea075142d947a60e0caa4317746a55118d312f027793d382c7741734
#8 resolve docker.io/library/golang:1.27.1-trixie@sha256:8f58fd67ea075142d947a60e0caa4317746a55118d312f027793d382c7741734 0.1s done
#8 ...

#9 [internal] preparing inline document
#9 DONE 0.1s

#8 [media-base 1/3] FROM docker.io/library/golang:1.27.1-trixie@sha256:8f58fd67ea075142d947a60e0caa4317746a55118d312f027793d382c7741734
#8 sha256:8f58fd67ea075142d947a60e0caa4317746a55118d312f027793d382c7741734 9.05kB / 9.05kB done
#8 sha256:df9831efb49cab24dec437e8482f2a9ddbd9e239131fa3ffe095dc1492081e1d 0B / 49.76MB 0.1s
#8 sha256:86f385aa2c76a7dd234ab579740a6011f59b0284b9e77b56b88dfad43c2fd58b 0B / 25.04MB 0.1s
#8 sha256:21758bb7e93fe251a31f1c2390cdaaea748885814d1a8f00fcb37480dc0df0ec 2.32kB / 2.32kB done
#8 sha256:211b281df59fbd2bcd0035f0e6d341fad1bd98d20936585e1d683e66d02423a8 3.06kB / 3.06kB done
#8 ...

#10 [internal] load build context
#10 transferring context: 35.77MB 0.3s done
#10 DONE 0.4s

#8 [media-base 1/3] FROM docker.io/library/golang:1.27.1-trixie@sha256:8f58fd67ea075142d947a60e0caa4317746a55118d312f027793d382c7741734
#8 sha256:df9831efb49cab24dec437e8482f2a9ddbd9e239131fa3ffe095dc1492081e1d 3.15MB / 49.76MB 0.6s
#8 sha256:86f385aa2c76a7dd234ab579740a6011f59b0284b9e77b56b88dfad43c2fd58b 3.15MB / 25.04MB 0.6s
#8 sha256:86f385aa2c76a7dd234ab579740a6011f59b0284b9e77b56b88dfad43c2fd58b 23.07MB / 25.04MB 0.8s
#8 sha256:a7f73cdbf7c744c3331ef0185e57129804983040b8484e91af064b3bfa14750c 0B / 67.62MB 0.8s
#8 sha256:df9831efb49cab24dec437e8482f2a9ddbd9e239131fa3ffe095dc1492081e1d 6.29MB / 49.76MB 0.9s
#8 sha256:86f385aa2c76a7dd234ab579740a6011f59b0284b9e77b56b88dfad43c2fd58b 25.04MB / 25.04MB 0.8s done
#8 sha256:4a1596a794cd2e47c670e9ac8812fa322e7ad997b933666f93f23e2f830a0149 0B / 98.56MB 0.9s
#8 sha256:a7f73cdbf7c744c3331ef0185e57129804983040b8484e91af064b3bfa14750c 5.24MB / 67.62MB 1.0s
#8 sha256:df9831efb49cab24dec437e8482f2a9ddbd9e239131fa3ffe095dc1492081e1d 9.44MB / 49.76MB 1.1s
#8 sha256:a7f73cdbf7c744c3331ef0185e57129804983040b8484e91af064b3bfa14750c 12.58MB / 67.62MB 1.1s
#8 sha256:4a1596a794cd2e47c670e9ac8812fa322e7ad997b933666f93f23e2f830a0149 11.53MB / 98.56MB 1.1s
#8 sha256:a7f73cdbf7c744c3331ef0185e57129804983040b8484e91af064b3bfa14750c 17.83MB / 67.62MB 1.2s
#8 sha256:4a1596a794cd2e47c670e9ac8812fa322e7ad997b933666f93f23e2f830a0149 22.02MB / 98.56MB 1.2s
#8 ...

#11 [stage-6  1/11] FROM docker.io/library/debian:trixie-slim@sha256:a29215f6a35e51e22adffa17f89e9d2ef06214e64a2bad10d765c46aea49f11f
#11 resolve docker.io/library/debian:trixie-slim@sha256:a29215f6a35e51e22adffa17f89e9d2ef06214e64a2bad10d765c46aea49f11f 0.1s done
#11 sha256:c3f38b5c1e1e5b416d5b48fb6b3edd3f6ed640b56f1dbf956548df03e66b4c95 466B / 466B done
#11 sha256:bbeda6b4abb749f743f4547ef5a28070a14de8caef211daa5afb78d5b5fa21ba 30.20MB / 30.20MB 0.6s done
#11 sha256:a29215f6a35e51e22adffa17f89e9d2ef06214e64a2bad10d765c46aea49f11f 8.97kB / 8.97kB done
#11 sha256:a2ca65377c251208de42e1a2722cb949211236c161b634f6f3663754e2d06850 1.04kB / 1.04kB done
#11 extracting sha256:bbeda6b4abb749f743f4547ef5a28070a14de8caef211daa5afb78d5b5fa21ba 0.6s done
#11 DONE 1.4s

#8 [media-base 1/3] FROM docker.io/library/golang:1.27.1-trixie@sha256:8f58fd67ea075142d947a60e0caa4317746a55118d312f027793d382c7741734
#8 sha256:df9831efb49cab24dec437e8482f2a9ddbd9e239131fa3ffe095dc1492081e1d 13.63MB / 49.76MB 1.4s
#8 sha256:a7f73cdbf7c744c3331ef0185e57129804983040b8484e91af064b3bfa14750c 32.51MB / 67.62MB 1.4s
#8 sha256:4a1596a794cd2e47c670e9ac8812fa322e7ad997b933666f93f23e2f830a0149 41.94MB / 98.56MB 1.4s
#8 sha256:df9831efb49cab24dec437e8482f2a9ddbd9e239131fa3ffe095dc1492081e1d 16.78MB / 49.76MB 1.6s
#8 sha256:a7f73cdbf7c744c3331ef0185e57129804983040b8484e91af064b3bfa14750c 47.19MB / 67.62MB 1.6s
#8 sha256:4a1596a794cd2e47c670e9ac8812fa322e7ad997b933666f93f23e2f830a0149 61.87MB / 98.56MB 1.6s
#8 sha256:a7f73cdbf7c744c3331ef0185e57129804983040b8484e91af064b3bfa14750c 56.62MB / 67.62MB 1.7s
#8 sha256:4a1596a794cd2e47c670e9ac8812fa322e7ad997b933666f93f23e2f830a0149 71.30MB / 98.56MB 1.7s
#8 sha256:df9831efb49cab24dec437e8482f2a9ddbd9e239131fa3ffe095dc1492081e1d 22.02MB / 49.76MB 1.9s
#8 sha256:a7f73cdbf7c744c3331ef0185e57129804983040b8484e91af064b3bfa14750c 63.96MB / 67.62MB 1.8s
#8 sha256:4a1596a794cd2e47c670e9ac8812fa322e7ad997b933666f93f23e2f830a0149 89.13MB / 98.56MB 1.9s
#8 sha256:a7f73cdbf7c744c3331ef0185e57129804983040b8484e91af064b3bfa14750c 67.62MB / 67.62MB 1.9s done
#8 sha256:4a1596a794cd2e47c670e9ac8812fa322e7ad997b933666f93f23e2f830a0149 98.56MB / 98.56MB 2.0s
#8 sha256:125215c6056cfe0a165d14de8a72a3546ec1167a4468ebcd93c0f403469ef15d 0B / 67.65MB 2.0s
#8 sha256:df9831efb49cab24dec437e8482f2a9ddbd9e239131fa3ffe095dc1492081e1d 27.26MB / 49.76MB 2.2s
#8 sha256:4a1596a794cd2e47c670e9ac8812fa322e7ad997b933666f93f23e2f830a0149 98.56MB / 98.56MB 2.0s done
#8 sha256:125215c6056cfe0a165d14de8a72a3546ec1167a4468ebcd93c0f403469ef15d 16.78MB / 67.65MB 2.2s
#8 sha256:4a6adabd62831292d2afb3ec306ec6d79d44a32500332a1540d456ff01b70c8a 0B / 126B 2.2s
#8 sha256:df9831efb49cab24dec437e8482f2a9ddbd9e239131fa3ffe095dc1492081e1d 30.41MB / 49.76MB 2.3s
#8 sha256:125215c6056cfe0a165d14de8a72a3546ec1167a4468ebcd93c0f403469ef15d 29.36MB / 67.65MB 2.3s
#8 sha256:4a6adabd62831292d2afb3ec306ec6d79d44a32500332a1540d456ff01b70c8a 126B / 126B 2.2s done
#8 sha256:4f4fb700ef54461cfa02571ae0db9a0dc1e0cdb5577484a6d75e68dc38e8acc1 0B / 32B 2.3s
#8 sha256:125215c6056cfe0a165d14de8a72a3546ec1167a4468ebcd93c0f403469ef15d 40.89MB / 67.65MB 2.4s
#8 sha256:4f4fb700ef54461cfa02571ae0db9a0dc1e0cdb5577484a6d75e68dc38e8acc1 32B / 32B 2.3s done
#8 sha256:df9831efb49cab24dec437e8482f2a9ddbd9e239131fa3ffe095dc1492081e1d 37.75MB / 49.76MB 2.6s
#8 sha256:125215c6056cfe0a165d14de8a72a3546ec1167a4468ebcd93c0f403469ef15d 67.11MB / 67.65MB 2.6s
#8 sha256:df9831efb49cab24dec437e8482f2a9ddbd9e239131fa3ffe095dc1492081e1d 45.09MB / 49.76MB 2.8s
#8 sha256:125215c6056cfe0a165d14de8a72a3546ec1167a4468ebcd93c0f403469ef15d 67.65MB / 67.65MB 2.6s done
#8 sha256:df9831efb49cab24dec437e8482f2a9ddbd9e239131fa3ffe095dc1492081e1d 48.23MB / 49.76MB 2.9s
#8 extracting sha256:df9831efb49cab24dec437e8482f2a9ddbd9e239131fa3ffe095dc1492081e1d
#8 sha256:df9831efb49cab24dec437e8482f2a9ddbd9e239131fa3ffe095dc1492081e1d 49.76MB / 49.76MB 2.9s done
#8 extracting sha256:df9831efb49cab24dec437e8482f2a9ddbd9e239131fa3ffe095dc1492081e1d 0.8s done
#8 extracting sha256:86f385aa2c76a7dd234ab579740a6011f59b0284b9e77b56b88dfad43c2fd58b
#8 extracting sha256:86f385aa2c76a7dd234ab579740a6011f59b0284b9e77b56b88dfad43c2fd58b 0.3s done
#8 extracting sha256:a7f73cdbf7c744c3331ef0185e57129804983040b8484e91af064b3bfa14750c
#8 extracting sha256:a7f73cdbf7c744c3331ef0185e57129804983040b8484e91af064b3bfa14750c 1.1s done
#8 extracting sha256:4a1596a794cd2e47c670e9ac8812fa322e7ad997b933666f93f23e2f830a0149
#8 extracting sha256:4a1596a794cd2e47c670e9ac8812fa322e7ad997b933666f93f23e2f830a0149 1.2s done
#8 extracting sha256:125215c6056cfe0a165d14de8a72a3546ec1167a4468ebcd93c0f403469ef15d
#8 ...

#12 [stage-6  2/11] RUN apt-get update -qq &&     apt-get install --no-install-recommends -y       ca-certificates libzstd1 libglib2.0-0t64 libexpat1 libjpeg62-turbo libspng0 libpng16-16t64       libwebp7 libwebpmux3 libwebpdemux2 libtiff6 libheif1 libheif-plugin-libde265       libheif-plugin-dav1d libexif12 liblcms2-2 libcgif0 libimagequant0 libhwy1t64 libdav1d7 &&     rm -rf /var/lib/apt/lists /var/cache/apt/archives
#12 1.580 Reading package lists...
#12 1.888 Building dependency tree...
#12 1.990 Reading state information...
#12 2.124 libzstd1 is already the newest version (1.5.7+dfsg-1).
#12 2.124 libzstd1 set to manually installed.
#12 2.124 The following additional packages will be installed:
#12 2.125   libatomic1 libbrotli1 libde265-0 libdeflate0 libffi8 libgomp1 libjbig0
#12 2.125   liblerc4 libsharpyuv0 openssl
#12 2.125 Suggested packages:
#12 2.125   low-memory-monitor libheif-plugin-ffmpegdec libheif-plugin-jpegdec
#12 2.125   libheif-plugin-jpegenc libheif-plugin-j2kdec libheif-plugin-j2kenc
#12 2.125   libheif-plugin-kvazaar libheif-plugin-rav1e libheif-plugin-svtenc
#12 2.125   liblcms2-utils
#12 2.125 Recommended packages:
#12 2.125   libglib2.0-data shared-mime-info xdg-user-dirs libheif-plugin-x265
#12 2.125   libheif-plugin-aomenc
#12 2.195 The following NEW packages will be installed:
#12 2.195   ca-certificates libatomic1 libbrotli1 libcgif0 libdav1d7 libde265-0
#12 2.195   libdeflate0 libexif12 libexpat1 libffi8 libglib2.0-0t64 libgomp1
#12 2.195   libheif-plugin-dav1d libheif-plugin-libde265 libheif1 libhwy1t64
#12 2.196   libimagequant0 libjbig0 libjpeg62-turbo liblcms2-2 liblerc4 libpng16-16t64
#12 2.196   libsharpyuv0 libspng0 libtiff6 libwebp7 libwebpdemux2 libwebpmux3 openssl
#12 2.244 0 upgraded, 29 newly installed, 0 to remove and 1 not upgraded.
#12 2.244 Need to get 7532 kB of archives.
#12 2.244 After this operation, 25.6 MB of additional disk space will be used.
#12 2.244 Get:1 http://deb.debian.org/debian trixie/main arm64 libexpat1 arm64 2.8.3-1~deb13u1 [109 kB]
#12 2.290 Get:2 http://deb.debian.org/debian-security trixie-security/main arm64 openssl arm64 3.5.7-1~deb13u3 [1473 kB]
#12 2.347 Get:3 http://deb.debian.org/debian trixie/main arm64 ca-certificates all 20250419 [162 kB]
#12 2.347 Get:4 http://deb.debian.org/debian trixie/main arm64 libatomic1 arm64 14.2.0-19 [10.1 kB]
#12 2.365 Get:5 http://deb.debian.org/debian trixie/main arm64 libbrotli1 arm64 1.1.0-2+b7 [308 kB]
#12 2.366 Get:6 http://deb.debian.org/debian trixie/main arm64 libcgif0 arm64 0.5.0-1 [10.1 kB]
#12 2.381 Get:7 http://deb.debian.org/debian trixie/main arm64 libdav1d7 arm64 1.5.1-1 [252 kB]
#12 2.401 Get:8 http://deb.debian.org/debian trixie/main arm64 libde265-0 arm64 1.0.15-1+deb13u2 [153 kB]
#12 2.402 Get:9 http://deb.debian.org/debian trixie/main arm64 libdeflate0 arm64 1.23-2 [42.4 kB]
#12 2.419 Get:10 http://deb.debian.org/debian trixie/main arm64 libexif12 arm64 0.6.25-1+deb13u1 [417 kB]
#12 2.421 Get:11 http://deb.debian.org/debian trixie/main arm64 libffi8 arm64 3.4.8-2 [21.3 kB]
#12 2.423 Get:12 http://deb.debian.org/debian trixie/main arm64 libglib2.0-0t64 arm64 2.84.4-3~deb13u5 [1429 kB]
#12 2.463 Get:13 http://deb.debian.org/debian trixie/main arm64 libgomp1 arm64 14.2.0-19 [124 kB]
#12 2.482 Get:14 http://deb.debian.org/debian trixie/main arm64 libsharpyuv0 arm64 1.5.0-0.1 [114 kB]
#12 2.484 Get:15 http://deb.debian.org/debian-security trixie-security/main arm64 libheif-plugin-libde265 arm64 1.23.4-1~deb13u1 [19.5 kB]
#12 2.499 Get:16 http://deb.debian.org/debian-security trixie-security/main arm64 libheif1 arm64 1.23.4-1~deb13u1 [693 kB]
#12 2.507 Get:17 http://deb.debian.org/debian-security trixie-security/main arm64 libheif-plugin-dav1d arm64 1.23.4-1~deb13u1 [21.5 kB]
#12 2.526 Get:18 http://deb.debian.org/debian trixie/main arm64 libhwy1t64 arm64 1.2.0-2+b2 [499 kB]
#12 2.533 Get:19 http://deb.debian.org/debian trixie/main arm64 libimagequant0 arm64 2.18.0-1+b2 [34.6 kB]
#12 2.533 Get:20 http://deb.debian.org/debian trixie/main arm64 libjbig0 arm64 2.1-6.1+b2 [30.4 kB]
#12 2.554 Get:21 http://deb.debian.org/debian trixie/main arm64 libjpeg62-turbo arm64 1:2.1.5-4 [173 kB]
#12 2.571 Get:22 http://deb.debian.org/debian trixie/main arm64 liblcms2-2 arm64 2.16-2+deb13u2 [152 kB]
#12 2.586 Get:23 http://deb.debian.org/debian trixie/main arm64 liblerc4 arm64 4.0.0+ds-5 [146 kB]
#12 2.603 Get:24 http://deb.debian.org/debian-security trixie-security/main arm64 libpng16-16t64 arm64 1.6.48-1+deb13u6 [275 kB]
#12 2.605 Get:25 http://deb.debian.org/debian trixie/main arm64 libspng0 arm64 0.7.4-2 [30.4 kB]
#12 2.605 Get:26 http://deb.debian.org/debian trixie/main arm64 libwebp7 arm64 1.5.0-0.1 [271 kB]
#12 2.630 Get:27 http://deb.debian.org/debian trixie/main arm64 libtiff6 arm64 4.7.0-3+deb13u3 [325 kB]
#12 2.644 Get:28 http://deb.debian.org/debian trixie/main arm64 libwebpdemux2 arm64 1.5.0-0.1 [113 kB]
#12 2.663 Get:29 http://deb.debian.org/debian trixie/main arm64 libwebpmux3 arm64 1.5.0-0.1 [125 kB]
#12 2.720 debconf: unable to initialize frontend: Dialog
#12 2.720 debconf: (TERM is not set, so the dialog frontend is not usable.)
#12 2.720 debconf: falling back to frontend: Readline
#12 2.720 debconf: unable to initialize frontend: Readline
#12 2.720 debconf: (Can't locate Term/ReadLine.pm in @INC (you may need to install the Term::ReadLine module) (@INC entries checked: /etc/perl /usr/local/lib/aarch64-linux-gnu/perl/5.40.1 /usr/local/share/perl/5.40.1 /usr/lib/aarch64-linux-gnu/perl5/5.40 /usr/share/perl5 /usr/lib/aarch64-linux-gnu/perl-base /usr/lib/aarch64-linux-gnu/perl/5.40 /usr/share/perl/5.40 /usr/local/lib/site_perl) at /usr/share/perl5/Debconf/FrontEnd/Readline.pm line 8, <STDIN> line 29.)
#12 2.720 debconf: falling back to frontend: Teletype
#12 2.721 debconf: unable to initialize frontend: Teletype
#12 2.721 debconf: (This frontend requires a controlling tty.)
#12 2.721 debconf: falling back to frontend: Noninteractive
#12 3.057 Preconfiguring packages ...
#12 3.088 Fetched 7532 kB in 0s (16.3 MB/s)
#12 3.101 Selecting previously unselected package libexpat1:arm64.
#12 3.101 (Reading database ...
(Reading database ... 5%
(Reading database ... 10%
(Reading database ... 15%
(Reading database ... 20%
(Reading database ... 25%
(Reading database ... 30%
(Reading database ... 35%
(Reading database ... 40%
(Reading database ... 45%
(Reading database ... 50%
(Reading database ... 55%
(Reading database ... 60%
(Reading database ... 65%
(Reading database ... 70%
(Reading database ... 75%
(Reading database ... 80%
(Reading database ... 85%
(Reading database ... 90%
(Reading database ... 95%
(Reading database ... 100%
(Reading database ... 4948 files and directories currently installed.)
#12 3.105 Preparing to unpack .../00-libexpat1_2.8.3-1~deb13u1_arm64.deb ...
#12 3.147 Unpacking libexpat1:arm64 (2.8.3-1~deb13u1) ...
#12 3.178 Selecting previously unselected package openssl.
#12 3.179 Preparing to unpack .../01-openssl_3.5.7-1~deb13u3_arm64.deb ...
#12 3.182 Unpacking openssl (3.5.7-1~deb13u3) ...
#12 3.271 Selecting previously unselected package ca-certificates.
#12 3.272 Preparing to unpack .../02-ca-certificates_20250419_all.deb ...
#12 3.276 Unpacking ca-certificates (20250419) ...
#12 3.313 Selecting previously unselected package libatomic1:arm64.
#12 3.314 Preparing to unpack .../03-libatomic1_14.2.0-19_arm64.deb ...
#12 3.317 Unpacking libatomic1:arm64 (14.2.0-19) ...
#12 3.336 Selecting previously unselected package libbrotli1:arm64.
#12 3.337 Preparing to unpack .../04-libbrotli1_1.1.0-2+b7_arm64.deb ...
#12 3.340 Unpacking libbrotli1:arm64 (1.1.0-2+b7) ...
#12 3.375 Selecting previously unselected package libcgif0:arm64.
#12 3.375 Preparing to unpack .../05-libcgif0_0.5.0-1_arm64.deb ...
#12 3.378 Unpacking libcgif0:arm64 (0.5.0-1) ...
#12 3.401 Selecting previously unselected package libdav1d7:arm64.
#12 3.401 Preparing to unpack .../06-libdav1d7_1.5.1-1_arm64.deb ...
#12 3.404 Unpacking libdav1d7:arm64 (1.5.1-1) ...
#12 3.435 Selecting previously unselected package libde265-0:arm64.
#12 3.436 Preparing to unpack .../07-libde265-0_1.0.15-1+deb13u2_arm64.deb ...
#12 3.439 Unpacking libde265-0:arm64 (1.0.15-1+deb13u2) ...
#12 3.467 Selecting previously unselected package libdeflate0:arm64.
#12 3.467 Preparing to unpack .../08-libdeflate0_1.23-2_arm64.deb ...
#12 3.471 Unpacking libdeflate0:arm64 (1.23-2) ...
#12 3.494 Selecting previously unselected package libexif12:arm64.
#12 3.495 Preparing to unpack .../09-libexif12_0.6.25-1+deb13u1_arm64.deb ...
#12 3.498 Unpacking libexif12:arm64 (0.6.25-1+deb13u1) ...
#12 3.569 Selecting previously unselected package libffi8:arm64.
#12 3.569 Preparing to unpack .../10-libffi8_3.4.8-2_arm64.deb ...
#12 3.571 Unpacking libffi8:arm64 (3.4.8-2) ...
#12 3.598 Selecting previously unselected package libglib2.0-0t64:arm64.
#12 3.599 Preparing to unpack .../11-libglib2.0-0t64_2.84.4-3~deb13u5_arm64.deb ...
#12 3.603 Unpacking libglib2.0-0t64:arm64 (2.84.4-3~deb13u5) ...
#12 3.690 Selecting previously unselected package libgomp1:arm64.
#12 3.691 Preparing to unpack .../12-libgomp1_14.2.0-19_arm64.deb ...
#12 3.695 Unpacking libgomp1:arm64 (14.2.0-19) ...
#12 3.724 Selecting previously unselected package libsharpyuv0:arm64.
#12 3.724 Preparing to unpack .../13-libsharpyuv0_1.5.0-0.1_arm64.deb ...
#12 3.728 Unpacking libsharpyuv0:arm64 (1.5.0-0.1) ...
#12 3.751 Selecting previously unselected package libheif-plugin-libde265:arm64.
#12 3.751 Preparing to unpack .../14-libheif-plugin-libde265_1.23.4-1~deb13u1_arm64.deb ...
#12 3.754 Unpacking libheif-plugin-libde265:arm64 (1.23.4-1~deb13u1) ...
#12 3.781 Selecting previously unselected package libheif1:arm64.
#12 3.782 Preparing to unpack .../15-libheif1_1.23.4-1~deb13u1_arm64.deb ...
#12 3.784 Unpacking libheif1:arm64 (1.23.4-1~deb13u1) ...
#12 3.837 Selecting previously unselected package libheif-plugin-dav1d:arm64.
#12 3.837 Preparing to unpack .../16-libheif-plugin-dav1d_1.23.4-1~deb13u1_arm64.deb ...
#12 3.841 Unpacking libheif-plugin-dav1d:arm64 (1.23.4-1~deb13u1) ...
#12 3.866 Selecting previously unselected package libhwy1t64:arm64.
#12 3.867 Preparing to unpack .../17-libhwy1t64_1.2.0-2+b2_arm64.deb ...
#12 3.871 Unpacking libhwy1t64:arm64 (1.2.0-2+b2) ...
#12 3.924 Selecting previously unselected package libimagequant0:arm64.
#12 3.925 Preparing to unpack .../18-libimagequant0_2.18.0-1+b2_arm64.deb ...
#12 3.928 Unpacking libimagequant0:arm64 (2.18.0-1+b2) ...
#12 3.954 Selecting previously unselected package libjbig0:arm64.
#12 3.955 Preparing to unpack .../19-libjbig0_2.1-6.1+b2_arm64.deb ...
#12 3.960 Unpacking libjbig0:arm64 (2.1-6.1+b2) ...
#12 3.995 Selecting previously unselected package libjpeg62-turbo:arm64.
#12 3.996 Preparing to unpack .../20-libjpeg62-turbo_1%3a2.1.5-4_arm64.deb ...
#12 4.000 Unpacking libjpeg62-turbo:arm64 (1:2.1.5-4) ...
#12 4.035 Selecting previously unselected package liblcms2-2:arm64.
#12 4.035 Preparing to unpack .../21-liblcms2-2_2.16-2+deb13u2_arm64.deb ...
#12 4.041 Unpacking liblcms2-2:arm64 (2.16-2+deb13u2) ...
#12 4.072 Selecting previously unselected package liblerc4:arm64.
#12 4.072 Preparing to unpack .../22-liblerc4_4.0.0+ds-5_arm64.deb ...
#12 4.076 Unpacking liblerc4:arm64 (4.0.0+ds-5) ...
#12 4.106 Selecting previously unselected package libpng16-16t64:arm64.
#12 4.107 Preparing to unpack .../23-libpng16-16t64_1.6.48-1+deb13u6_arm64.deb ...
#12 4.110 Unpacking libpng16-16t64:arm64 (1.6.48-1+deb13u6) ...
#12 4.141 Selecting previously unselected package libspng0:arm64.
#12 4.142 Preparing to unpack .../24-libspng0_0.7.4-2_arm64.deb ...
#12 4.145 Unpacking libspng0:arm64 (0.7.4-2) ...
#12 4.173 Selecting previously unselected package libwebp7:arm64.
#12 4.174 Preparing to unpack .../25-libwebp7_1.5.0-0.1_arm64.deb ...
#12 4.180 Unpacking libwebp7:arm64 (1.5.0-0.1) ...
#12 4.219 Selecting previously unselected package libtiff6:arm64.
#12 4.220 Preparing to unpack .../26-libtiff6_4.7.0-3+deb13u3_arm64.deb ...
#12 4.223 Unpacking libtiff6:arm64 (4.7.0-3+deb13u3) ...
#12 4.257 Selecting previously unselected package libwebpdemux2:arm64.
#12 4.258 Preparing to unpack .../27-libwebpdemux2_1.5.0-0.1_arm64.deb ...
#12 4.261 Unpacking libwebpdemux2:arm64 (1.5.0-0.1) ...
#12 4.291 Selecting previously unselected package libwebpmux3:arm64.
#12 4.291 Preparing to unpack .../28-libwebpmux3_1.5.0-0.1_arm64.deb ...
#12 4.294 Unpacking libwebpmux3:arm64 (1.5.0-0.1) ...
#12 4.328 Setting up libhwy1t64:arm64 (1.2.0-2+b2) ...
#12 4.338 Setting up libexpat1:arm64 (2.8.3-1~deb13u1) ...
#12 4.350 Setting up liblcms2-2:arm64 (2.16-2+deb13u2) ...
#12 4.360 Setting up libsharpyuv0:arm64 (1.5.0-0.1) ...
#12 4.369 Setting up libcgif0:arm64 (0.5.0-1) ...
#12 4.377 Setting up liblerc4:arm64 (4.0.0+ds-5) ...
#12 4.386 Setting up libbrotli1:arm64 (1.1.0-2+b7) ...
#12 4.394 Setting up libdeflate0:arm64 (1.23-2) ...
#12 4.399 Setting up libgomp1:arm64 (14.2.0-19) ...
#12 4.404 Setting up libjbig0:arm64 (2.1-6.1+b2) ...
#12 4.410 Setting up libjpeg62-turbo:arm64 (1:2.1.5-4) ...
#12 4.416 Setting up libexif12:arm64 (0.6.25-1+deb13u1) ...
#12 4.421 Setting up libimagequant0:arm64 (2.18.0-1+b2) ...
#12 4.427 Setting up libpng16-16t64:arm64 (1.6.48-1+deb13u6) ...
#12 4.433 Setting up libatomic1:arm64 (14.2.0-19) ...
#12 4.439 Setting up libwebp7:arm64 (1.5.0-0.1) ...
#12 4.445 Setting up libffi8:arm64 (3.4.8-2) ...
#12 4.450 Setting up libdav1d7:arm64 (1.5.1-1) ...
#12 4.456 Setting up libtiff6:arm64 (4.7.0-3+deb13u3) ...
#12 4.462 Setting up libspng0:arm64 (0.7.4-2) ...
#12 4.467 Setting up libde265-0:arm64 (1.0.15-1+deb13u2) ...
#12 4.473 Setting up openssl (3.5.7-1~deb13u3) ...
#12 4.490 Setting up libwebpmux3:arm64 (1.5.0-0.1) ...
#12 4.505 Setting up libwebpdemux2:arm64 (1.5.0-0.1) ...
#12 4.521 Setting up ca-certificates (20250419) ...
#12 4.561 debconf: unable to initialize frontend: Dialog
#12 4.561 debconf: (TERM is not set, so the dialog frontend is not usable.)
#12 4.561 debconf: falling back to frontend: Readline
#12 4.561 debconf: unable to initialize frontend: Readline
#12 4.561 debconf: (Can't locate Term/ReadLine.pm in @INC (you may need to install the Term::ReadLine module) (@INC entries checked: /etc/perl /usr/local/lib/aarch64-linux-gnu/perl/5.40.1 /usr/local/share/perl/5.40.1 /usr/lib/aarch64-linux-gnu/perl5/5.40 /usr/share/perl5 /usr/lib/aarch64-linux-gnu/perl-base /usr/lib/aarch64-linux-gnu/perl/5.40 /usr/share/perl/5.40 /usr/local/lib/site_perl) at /usr/share/perl5/Debconf/FrontEnd/Readline.pm line 8.)
#12 4.561 debconf: falling back to frontend: Teletype
#12 4.562 debconf: unable to initialize frontend: Teletype
#12 4.562 debconf: (This frontend requires a controlling tty.)
#12 4.562 debconf: falling back to frontend: Noninteractive
#12 4.710 Updating certificates in /etc/ssl/certs...
#12 4.902 150 added, 0 removed; done.
#12 4.922 Setting up libglib2.0-0t64:arm64 (2.84.4-3~deb13u5) ...
#12 4.930 No schema files found: doing nothing.
#12 4.937 Setting up libheif-plugin-dav1d:arm64 (1.23.4-1~deb13u1) ...
#12 4.947 Setting up libheif1:arm64 (1.23.4-1~deb13u1) ...
#12 4.955 Setting up libheif-plugin-libde265:arm64 (1.23.4-1~deb13u1) ...
#12 4.965 Processing triggers for libc-bin (2.41-12+deb13u4) ...
#12 4.975 Processing triggers for ca-certificates (20250419) ...
#12 4.982 Updating certificates in /etc/ssl/certs...
#12 5.149 0 added, 0 removed; done.
#12 5.149 Running hooks in /etc/ca-certificates/update.d...
#12 5.149 done.
#12 DONE 5.8s

#8 [media-base 1/3] FROM docker.io/library/golang:1.27.1-trixie@sha256:8f58fd67ea075142d947a60e0caa4317746a55118d312f027793d382c7741734
#8 extracting sha256:125215c6056cfe0a165d14de8a72a3546ec1167a4468ebcd93c0f403469ef15d 2.3s done
#8 extracting sha256:4a6adabd62831292d2afb3ec306ec6d79d44a32500332a1540d456ff01b70c8a
#8 extracting sha256:4a6adabd62831292d2afb3ec306ec6d79d44a32500332a1540d456ff01b70c8a done
#8 extracting sha256:4f4fb700ef54461cfa02571ae0db9a0dc1e0cdb5577484a6d75e68dc38e8acc1 done
#8 DONE 9.3s

#13 [media-base 2/3] RUN sed -i 's/^Types: deb$/Types: deb deb-src/' /etc/apt/sources.list.d/debian.sources &&     apt-get update -qq &&     apt-get install --no-install-recommends -y       dpkg-dev meson ninja-build nasm python3 pkg-config libzstd-dev zstd       libglib2.0-dev libexpat1-dev zlib1g-dev libjpeg62-turbo-dev libspng-dev libpng-dev       libwebp-dev libtiff-dev libheif-dev libexif-dev liblcms2-dev libcgif-dev libimagequant-dev       libhwy-dev libdav1d-dev libbz2-dev liblzma-dev
#13 1.889 Reading package lists...
#13 2.145 Building dependency tree...
#13 2.228 Reading state information...
#13 2.344 python3 is already the newest version (3.13.5-1).
#13 2.344 python3 set to manually installed.
#13 2.344 pkg-config is already the newest version (1.8.1-4).
#13 2.344 The following additional packages will be installed:
#13 2.344   bzip2 girepository-tools libblkid-dev libbrotli-dev libcgif0 libdav1d7
#13 2.344   libde265-0 libdeflate-dev libdeflate0 libdpkg-perl libelf1t64 libexif12
#13 2.344   libffi-dev libgio-2.0-dev libgio-2.0-dev-bin libgirepository-2.0-0
#13 2.344   libglib2.0-0t64 libglib2.0-bin libglib2.0-data libglib2.0-dev-bin
#13 2.344   libheif-plugin-dav1d libheif-plugin-libde265 libheif1 libhwy1t64
#13 2.344   libimagequant0 libjbig-dev libjbig0 libjpeg62-turbo liblcms2-2 liblerc-dev
#13 2.344   liblerc4 liblzma5 libmount-dev libpcre2-16-0 libpcre2-32-0 libpcre2-dev
#13 2.344   libpcre2-posix3 libpng16-16t64 libselinux1-dev libsepol-dev libsharpyuv-dev
#13 2.344   libsharpyuv0 libspng0 libsysprof-capture-4-dev libtiff6 libtiffxx6 libwebp7
#13 2.344   libwebpdecoder3 libwebpdemux2 libwebpmux3 native-architecture patch
#13 2.344   python3-autocommand python3-inflect python3-jaraco.context
#13 2.344   python3-jaraco.functools python3-jaraco.text python3-more-itertools
#13 2.344   python3-packaging python3-pkg-resources python3-setuptools python3-typeguard
#13 2.344   python3-typing-extensions python3-zipp uuid-dev xz-utils
#13 2.344 Suggested packages:
#13 2.344   bzip2-doc debian-keyring debian-tag2upload-keyring bzr gir1.2-glib-2.0-dev
#13 2.344   libglib2.0-doc libgdk-pixbuf2.0-bin libxml2-utils low-memory-monitor
#13 2.344   libheif-plugin-ffmpegdec libheif-plugin-jpegdec libheif-plugin-jpegenc
#13 2.344   libheif-plugin-j2kdec libheif-plugin-j2kenc libheif-plugin-kvazaar
#13 2.344   libheif-plugin-rav1e libheif-plugin-svtenc liblcms2-utils liblzma-doc ed
#13 2.344   diffutils-doc python-setuptools-doc
#13 2.344 Recommended packages:
#13 2.344   build-essential fakeroot libalgorithm-merge-perl bzip2-doc
#13 2.344   libfile-fcntllock-perl liblocale-gettext-perl libexif-doc shared-mime-info
#13 2.344   xdg-user-dirs libheif-plugin-x265 libheif-plugin-aomenc libpng-tools
#13 2.344   libspng-doc
#13 2.627 The following NEW packages will be installed:
#13 2.627   bzip2 dpkg-dev girepository-tools libblkid-dev libbrotli-dev libbz2-dev
#13 2.627   libcgif-dev libcgif0 libdav1d-dev libdav1d7 libde265-0 libdeflate-dev
#13 2.627   libdeflate0 libdpkg-perl libelf1t64 libexif-dev libexif12 libexpat1-dev
#13 2.627   libffi-dev libgio-2.0-dev libgio-2.0-dev-bin libgirepository-2.0-0
#13 2.627   libglib2.0-0t64 libglib2.0-bin libglib2.0-data libglib2.0-dev
#13 2.627   libglib2.0-dev-bin libheif-dev libheif-plugin-dav1d libheif-plugin-libde265
#13 2.627   libheif1 libhwy-dev libhwy1t64 libimagequant-dev libimagequant0 libjbig-dev
#13 2.627   libjbig0 libjpeg62-turbo libjpeg62-turbo-dev liblcms2-2 liblcms2-dev
#13 2.627   liblerc-dev liblerc4 liblzma-dev libmount-dev libpcre2-16-0 libpcre2-32-0
#13 2.627   libpcre2-dev libpcre2-posix3 libpng-dev libpng16-16t64 libselinux1-dev
#13 2.627   libsepol-dev libsharpyuv-dev libsharpyuv0 libspng-dev libspng0
#13 2.627   libsysprof-capture-4-dev libtiff-dev libtiff6 libtiffxx6 libwebp-dev
#13 2.627   libwebp7 libwebpdecoder3 libwebpdemux2 libwebpmux3 libzstd-dev meson nasm
#13 2.627   native-architecture ninja-build patch python3-autocommand python3-inflect
#13 2.627   python3-jaraco.context python3-jaraco.functools python3-jaraco.text
#13 2.627   python3-more-itertools python3-packaging python3-pkg-resources
#13 2.627   python3-setuptools python3-typeguard python3-typing-extensions python3-zipp
#13 2.627   uuid-dev xz-utils zlib1g-dev zstd
#13 2.628 The following packages will be upgraded:
#13 2.628   liblzma5
#13 2.676 1 upgraded, 88 newly installed, 0 to remove and 0 not upgraded.
#13 2.676 Need to get 24.8 MB of archives.
#13 2.676 After this operation, 97.8 MB of additional disk space will be used.
#13 2.676 Get:1 http://deb.debian.org/debian-security trixie-security/main arm64 liblzma5 arm64 5.8.1-1+deb13u2 [303 kB]
#13 2.742 Get:2 http://deb.debian.org/debian trixie/main arm64 bzip2 arm64 1.0.8-6 [39.5 kB]
#13 2.755 Get:3 http://deb.debian.org/debian-security trixie-security/main arm64 xz-utils arm64 5.8.1-1+deb13u2 [658 kB]
#13 2.787 Get:4 http://deb.debian.org/debian trixie/main arm64 libdpkg-perl all 1.22.22 [651 kB]
#13 2.805 Get:5 http://deb.debian.org/debian trixie/main arm64 patch arm64 2.8-2 [128 kB]
#13 2.823 Get:6 http://deb.debian.org/debian trixie/main arm64 dpkg-dev all 1.22.22 [1337 kB]
#13 2.845 Get:7 http://deb.debian.org/debian trixie/main arm64 native-architecture all 0.2.6 [2264 B]
#13 2.845 Get:8 http://deb.debian.org/debian trixie/main arm64 libglib2.0-0t64 arm64 2.84.4-3~deb13u5 [1429 kB]
#13 2.854 Get:9 http://deb.debian.org/debian trixie/main arm64 libgirepository-2.0-0 arm64 2.84.4-3~deb13u5 [136 kB]
#13 2.857 Get:10 http://deb.debian.org/debian trixie/main arm64 girepository-tools arm64 2.84.4-3~deb13u5 [141 kB]
#13 2.857 Get:11 http://deb.debian.org/debian trixie/main arm64 uuid-dev arm64 2.41.5-0+deb13u1 [49.7 kB]
#13 2.857 Get:12 http://deb.debian.org/debian trixie/main arm64 libblkid-dev arm64 2.41.5-0+deb13u1 [212 kB]
#13 2.875 Get:13 http://deb.debian.org/debian trixie/main arm64 libbrotli-dev arm64 1.1.0-2+b7 [308 kB]
#13 2.878 Get:14 http://deb.debian.org/debian trixie/main arm64 libbz2-dev arm64 1.0.8-6 [31.9 kB]
#13 2.878 Get:15 http://deb.debian.org/debian trixie/main arm64 libcgif0 arm64 0.5.0-1 [10.1 kB]
#13 2.879 Get:16 http://deb.debian.org/debian trixie/main arm64 libcgif-dev arm64 0.5.0-1 [6104 B]
#13 2.904 Get:17 http://deb.debian.org/debian trixie/main arm64 libdav1d7 arm64 1.5.1-1 [252 kB]
#13 2.907 Get:18 http://deb.debian.org/debian trixie/main arm64 libdav1d-dev arm64 1.5.1-1 [26.6 kB]
#13 2.926 Get:19 http://deb.debian.org/debian trixie/main arm64 libde265-0 arm64 1.0.15-1+deb13u2 [153 kB]
#13 2.929 Get:20 http://deb.debian.org/debian trixie/main arm64 libdeflate0 arm64 1.23-2 [42.4 kB]
#13 2.931 Get:21 http://deb.debian.org/debian trixie/main arm64 libdeflate-dev arm64 1.23-2 [51.3 kB]
#13 2.959 Get:22 http://deb.debian.org/debian trixie/main arm64 libelf1t64 arm64 0.192-4 [189 kB]
#13 2.976 Get:23 http://deb.debian.org/debian trixie/main arm64 libexif12 arm64 0.6.25-1+deb13u1 [417 kB]
#13 2.982 Get:24 http://deb.debian.org/debian trixie/main arm64 libexif-dev arm64 0.6.25-1+deb13u1 [99.6 kB]
#13 2.992 Get:25 http://deb.debian.org/debian trixie/main arm64 libexpat1-dev arm64 2.8.3-1~deb13u1 [163 kB]
#13 2.999 Get:26 http://deb.debian.org/debian trixie/main arm64 libffi-dev arm64 3.4.8-2 [57.2 kB]
#13 2.999 Get:27 http://deb.debian.org/debian trixie/main arm64 libsepol-dev arm64 3.8.1-1 [356 kB]
#13 3.015 Get:28 http://deb.debian.org/debian-security trixie-security/main arm64 libpcre2-16-0 arm64 10.46-1~deb13u3 [247 kB]
#13 3.033 Get:29 http://deb.debian.org/debian-security trixie-security/main arm64 libpcre2-32-0 arm64 10.46-1~deb13u3 [238 kB]
#13 3.038 Get:30 http://deb.debian.org/debian-security trixie-security/main arm64 libpcre2-posix3 arm64 10.46-1~deb13u3 [64.3 kB]
#13 3.038 Get:31 http://deb.debian.org/debian-security trixie-security/main arm64 libpcre2-dev arm64 10.46-1~deb13u3 [757 kB]
#13 3.059 Get:32 http://deb.debian.org/debian trixie/main arm64 libselinux1-dev arm64 3.8.1-1 [172 kB]
#13 3.061 Get:33 http://deb.debian.org/debian trixie/main arm64 libmount-dev arm64 2.41.5-0+deb13u1 [30.7 kB]
#13 3.062 Get:34 http://deb.debian.org/debian trixie/main arm64 libsysprof-capture-4-dev arm64 48.0-2 [49.6 kB]
#13 3.074 Get:35 http://deb.debian.org/debian trixie/main arm64 zlib1g-dev arm64 1:1.3.dfsg+really1.3.1-1+b1 [917 kB]
#13 3.098 Get:36 http://deb.debian.org/debian trixie/main arm64 libgio-2.0-dev arm64 2.84.4-3~deb13u5 [1710 kB]
#13 3.110 Get:37 http://deb.debian.org/debian trixie/main arm64 python3-packaging all 25.0-1 [56.6 kB]
#13 3.110 Get:38 http://deb.debian.org/debian trixie/main arm64 libgio-2.0-dev-bin arm64 2.84.4-3~deb13u5 [167 kB]
#13 3.121 Get:39 http://deb.debian.org/debian trixie/main arm64 libglib2.0-data all 2.84.4-3~deb13u5 [1287 kB]
#13 3.142 Get:40 http://deb.debian.org/debian trixie/main arm64 libglib2.0-bin arm64 2.84.4-3~deb13u5 [128 kB]
#13 3.145 Get:41 http://deb.debian.org/debian trixie/main arm64 libglib2.0-dev-bin arm64 2.84.4-3~deb13u5 [56.9 kB]
#13 3.145 Get:42 http://deb.debian.org/debian trixie/main arm64 libglib2.0-dev arm64 2.84.4-3~deb13u5 [57.7 kB]
#13 3.161 Get:43 http://deb.debian.org/debian trixie/main arm64 libsharpyuv0 arm64 1.5.0-0.1 [114 kB]
#13 3.163 Get:44 http://deb.debian.org/debian-security trixie-security/main arm64 libheif-plugin-libde265 arm64 1.23.4-1~deb13u1 [19.5 kB]
#13 3.164 Get:45 http://deb.debian.org/debian-security trixie-security/main arm64 libheif-plugin-dav1d arm64 1.23.4-1~deb13u1 [21.5 kB]
#13 3.174 Get:46 http://deb.debian.org/debian-security trixie-security/main arm64 libheif1 arm64 1.23.4-1~deb13u1 [693 kB]
#13 3.194 Get:47 http://deb.debian.org/debian trixie/main arm64 libsharpyuv-dev arm64 1.5.0-0.1 [118 kB]
#13 3.194 Get:48 http://deb.debian.org/debian-security trixie-security/main arm64 libheif-dev arm64 1.23.4-1~deb13u1 [77.9 kB]
#13 3.212 Get:49 http://deb.debian.org/debian trixie/main arm64 libhwy1t64 arm64 1.2.0-2+b2 [499 kB]
#13 3.228 Get:50 http://deb.debian.org/debian trixie/main arm64 libhwy-dev arm64 1.2.0-2+b2 [399 kB]
#13 3.231 Get:51 http://deb.debian.org/debian trixie/main arm64 libimagequant0 arm64 2.18.0-1+b2 [34.6 kB]
#13 3.233 Get:52 http://deb.debian.org/debian trixie/main arm64 libimagequant-dev arm64 2.18.0-1+b2 [36.8 kB]
#13 3.234 Get:53 http://deb.debian.org/debian trixie/main arm64 libjbig0 arm64 2.1-6.1+b2 [30.4 kB]
#13 3.234 Get:54 http://deb.debian.org/debian trixie/main arm64 libjbig-dev arm64 2.1-6.1+b2 [30.5 kB]
#13 3.244 Get:55 http://deb.debian.org/debian trixie/main arm64 libjpeg62-turbo arm64 1:2.1.5-4 [173 kB]
#13 3.260 Get:56 http://deb.debian.org/debian trixie/main arm64 libjpeg62-turbo-dev arm64 1:2.1.5-4 [293 kB]
#13 3.277 Get:57 http://deb.debian.org/debian trixie/main arm64 liblcms2-2 arm64 2.16-2+deb13u2 [152 kB]
#13 3.290 Get:58 http://deb.debian.org/debian trixie/main arm64 liblcms2-dev arm64 2.16-2+deb13u2 [2181 kB]
#13 3.316 Get:59 http://deb.debian.org/debian trixie/main arm64 liblerc4 arm64 4.0.0+ds-5 [146 kB]
#13 3.333 Get:60 http://deb.debian.org/debian trixie/main arm64 liblerc-dev arm64 4.0.0+ds-5 [164 kB]
#13 3.347 Get:61 http://deb.debian.org/debian-security trixie-security/main arm64 liblzma-dev arm64 5.8.1-1+deb13u2 [345 kB]
#13 3.362 Get:62 http://deb.debian.org/debian-security trixie-security/main arm64 libpng16-16t64 arm64 1.6.48-1+deb13u6 [275 kB]
#13 3.379 Get:63 http://deb.debian.org/debian-security trixie-security/main arm64 libpng-dev arm64 1.6.48-1+deb13u6 [361 kB]
#13 3.381 Get:64 http://deb.debian.org/debian trixie/main arm64 libspng0 arm64 0.7.4-2 [30.4 kB]
#13 3.580 Get:65 http://deb.debian.org/debian trixie/main arm64 libspng-dev arm64 0.7.4-2 [6960 B]
#13 3.596 Get:66 http://deb.debian.org/debian trixie/main arm64 libzstd-dev arm64 1.5.7+dfsg-1 [335 kB]
#13 3.615 Get:67 http://deb.debian.org/debian trixie/main arm64 libwebp7 arm64 1.5.0-0.1 [271 kB]
#13 3.629 Get:68 http://deb.debian.org/debian trixie/main arm64 libwebpdemux2 arm64 1.5.0-0.1 [113 kB]
#13 3.641 Get:69 http://deb.debian.org/debian trixie/main arm64 libwebpmux3 arm64 1.5.0-0.1 [125 kB]
#13 3.654 Get:70 http://deb.debian.org/debian trixie/main arm64 libwebpdecoder3 arm64 1.5.0-0.1 [182 kB]
#13 3.669 Get:71 http://deb.debian.org/debian trixie/main arm64 libwebp-dev arm64 1.5.0-0.1 [406 kB]
#13 3.686 Get:72 http://deb.debian.org/debian trixie/main arm64 libtiff6 arm64 4.7.0-3+deb13u3 [325 kB]
#13 3.704 Get:73 http://deb.debian.org/debian trixie/main arm64 libtiffxx6 arm64 4.7.0-3+deb13u3 [164 kB]
#13 3.722 Get:74 http://deb.debian.org/debian trixie/main arm64 libtiff-dev arm64 4.7.0-3+deb13u3 [472 kB]
#13 3.735 Get:75 http://deb.debian.org/debian trixie/main arm64 ninja-build arm64 1.12.1-1+b1 [130 kB]
#13 3.743 Get:76 http://deb.debian.org/debian trixie/main arm64 python3-autocommand all 2.2.2-3 [13.6 kB]
#13 3.744 Get:77 http://deb.debian.org/debian trixie/main arm64 python3-more-itertools all 10.7.0-1 [67.4 kB]
#13 3.747 Get:78 http://deb.debian.org/debian trixie/main arm64 python3-typing-extensions all 4.13.2-1 [90.5 kB]
#13 3.747 Get:79 http://deb.debian.org/debian trixie/main arm64 python3-typeguard all 4.4.2-1 [37.3 kB]
#13 3.748 Get:80 http://deb.debian.org/debian trixie/main arm64 python3-inflect all 7.3.1-2 [32.4 kB]
#13 3.749 Get:81 http://deb.debian.org/debian trixie/main arm64 python3-jaraco.context all 6.0.1-1+deb13u1 [8492 B]
#13 3.750 Get:82 http://deb.debian.org/debian trixie/main arm64 python3-jaraco.functools all 4.1.0-1 [12.0 kB]
#13 3.780 Get:83 http://deb.debian.org/debian trixie/main arm64 python3-pkg-resources all 78.1.1-0.1 [224 kB]
#13 3.783 Get:84 http://deb.debian.org/debian trixie/main arm64 python3-jaraco.text all 4.0.0-1 [11.4 kB]
#13 3.783 Get:85 http://deb.debian.org/debian trixie/main arm64 python3-zipp all 3.21.0-1 [10.6 kB]
#13 3.800 Get:86 http://deb.debian.org/debian trixie/main arm64 python3-setuptools all 78.1.1-0.1 [738 kB]
#13 3.822 Get:87 http://deb.debian.org/debian trixie/main arm64 meson all 1.7.0-1 [639 kB]
#13 3.839 Get:88 http://deb.debian.org/debian trixie/main arm64 nasm arm64 2.16.03-1 [396 kB]
#13 3.857 Get:89 http://deb.debian.org/debian trixie/main arm64 zstd arm64 1.5.7+dfsg-1 [635 kB]
#13 3.960 debconf: unable to initialize frontend: Dialog
#13 3.960 debconf: (TERM is not set, so the dialog frontend is not usable.)
#13 3.960 debconf: falling back to frontend: Readline
#13 3.963 debconf: unable to initialize frontend: Readline
#13 3.963 debconf: (This frontend requires a controlling tty.)
#13 3.963 debconf: falling back to frontend: Teletype
#13 3.964 debconf: unable to initialize frontend: Teletype
#13 3.964 debconf: (This frontend requires a controlling tty.)
#13 3.964 debconf: falling back to frontend: Noninteractive
#13 4.769 Fetched 24.8 MB in 1s (20.2 MB/s)
#13 4.803 (Reading database ...
(Reading database ... 5%
(Reading database ... 10%
(Reading database ... 15%
(Reading database ... 20%
(Reading database ... 25%
(Reading database ... 30%
(Reading database ... 35%
(Reading database ... 40%
(Reading database ... 45%
(Reading database ... 50%
(Reading database ... 55%
(Reading database ... 60%
(Reading database ... 65%
(Reading database ... 70%
(Reading database ... 75%
(Reading database ... 80%
(Reading database ... 85%
(Reading database ... 90%
(Reading database ... 95%
(Reading database ... 100%
(Reading database ... 16886 files and directories currently installed.)
#13 4.807 Preparing to unpack .../liblzma5_5.8.1-1+deb13u2_arm64.deb ...
#13 4.866 Unpacking liblzma5:arm64 (5.8.1-1+deb13u2) over (5.8.1-1+deb13u1) ...
#13 4.907 Setting up liblzma5:arm64 (5.8.1-1+deb13u2) ...
#13 4.932 Selecting previously unselected package bzip2.
#13 4.932 (Reading database ...
(Reading database ... 5%
(Reading database ... 10%
(Reading database ... 15%
(Reading database ... 20%
(Reading database ... 25%
(Reading database ... 30%
(Reading database ... 35%
(Reading database ... 40%
(Reading database ... 45%
(Reading database ... 50%
(Reading database ... 55%
(Reading database ... 60%
(Reading database ... 65%
(Reading database ... 70%
(Reading database ... 75%
(Reading database ... 80%
(Reading database ... 85%
(Reading database ... 90%
(Reading database ... 95%
(Reading database ... 100%
(Reading database ... 16886 files and directories currently installed.)
#13 4.936 Preparing to unpack .../00-bzip2_1.0.8-6_arm64.deb ...
#13 4.939 Unpacking bzip2 (1.0.8-6) ...
#13 4.961 Selecting previously unselected package xz-utils.
#13 4.962 Preparing to unpack .../01-xz-utils_5.8.1-1+deb13u2_arm64.deb ...
#13 4.965 Unpacking xz-utils (5.8.1-1+deb13u2) ...
#13 5.009 Selecting previously unselected package libdpkg-perl.
#13 5.009 Preparing to unpack .../02-libdpkg-perl_1.22.22_all.deb ...
#13 5.012 Unpacking libdpkg-perl (1.22.22) ...
#13 5.047 Selecting previously unselected package patch.
#13 5.048 Preparing to unpack .../03-patch_2.8-2_arm64.deb ...
#13 5.051 Unpacking patch (2.8-2) ...
#13 5.074 Selecting previously unselected package dpkg-dev.
#13 5.075 Preparing to unpack .../04-dpkg-dev_1.22.22_all.deb ...
#13 5.078 Unpacking dpkg-dev (1.22.22) ...
#13 5.144 Selecting previously unselected package native-architecture.
#13 5.145 Preparing to unpack .../05-native-architecture_0.2.6_all.deb ...
#13 5.148 Unpacking native-architecture (0.2.6) ...
#13 5.173 Selecting previously unselected package libglib2.0-0t64:arm64.
#13 5.174 Preparing to unpack .../06-libglib2.0-0t64_2.84.4-3~deb13u5_arm64.deb ...
#13 5.180 Unpacking libglib2.0-0t64:arm64 (2.84.4-3~deb13u5) ...
#13 5.254 Selecting previously unselected package libgirepository-2.0-0:arm64.
#13 5.255 Preparing to unpack .../07-libgirepository-2.0-0_2.84.4-3~deb13u5_arm64.deb ...
#13 5.258 Unpacking libgirepository-2.0-0:arm64 (2.84.4-3~deb13u5) ...
#13 5.278 Selecting previously unselected package girepository-tools:arm64.
#13 5.279 Preparing to unpack .../08-girepository-tools_2.84.4-3~deb13u5_arm64.deb ...
#13 5.281 Unpacking girepository-tools:arm64 (2.84.4-3~deb13u5) ...
#13 5.304 Selecting previously unselected package uuid-dev:arm64.
#13 5.305 Preparing to unpack .../09-uuid-dev_2.41.5-0+deb13u1_arm64.deb ...
#13 5.308 Unpacking uuid-dev:arm64 (2.41.5-0+deb13u1) ...
#13 5.326 Selecting previously unselected package libblkid-dev:arm64.
#13 5.327 Preparing to unpack .../10-libblkid-dev_2.41.5-0+deb13u1_arm64.deb ...
#13 5.330 Unpacking libblkid-dev:arm64 (2.41.5-0+deb13u1) ...
#13 5.355 Selecting previously unselected package libbrotli-dev:arm64.
#13 5.356 Preparing to unpack .../11-libbrotli-dev_1.1.0-2+b7_arm64.deb ...
#13 5.359 Unpacking libbrotli-dev:arm64 (1.1.0-2+b7) ...
#13 5.388 Selecting previously unselected package libbz2-dev:arm64.
#13 5.388 Preparing to unpack .../12-libbz2-dev_1.0.8-6_arm64.deb ...
#13 5.391 Unpacking libbz2-dev:arm64 (1.0.8-6) ...
#13 5.409 Selecting previously unselected package libcgif0:arm64.
#13 5.410 Preparing to unpack .../13-libcgif0_0.5.0-1_arm64.deb ...
#13 5.413 Unpacking libcgif0:arm64 (0.5.0-1) ...
#13 5.430 Selecting previously unselected package libcgif-dev:arm64.
#13 5.431 Preparing to unpack .../14-libcgif-dev_0.5.0-1_arm64.deb ...
#13 5.435 Unpacking libcgif-dev:arm64 (0.5.0-1) ...
#13 5.451 Selecting previously unselected package libdav1d7:arm64.
#13 5.452 Preparing to unpack .../15-libdav1d7_1.5.1-1_arm64.deb ...
#13 5.454 Unpacking libdav1d7:arm64 (1.5.1-1) ...
#13 5.483 Selecting previously unselected package libdav1d-dev:arm64.
#13 5.484 Preparing to unpack .../16-libdav1d-dev_1.5.1-1_arm64.deb ...
#13 5.487 Unpacking libdav1d-dev:arm64 (1.5.1-1) ...
#13 5.505 Selecting previously unselected package libde265-0:arm64.
#13 5.505 Preparing to unpack .../17-libde265-0_1.0.15-1+deb13u2_arm64.deb ...
#13 5.507 Unpacking libde265-0:arm64 (1.0.15-1+deb13u2) ...
#13 5.530 Selecting previously unselected package libdeflate0:arm64.
#13 5.530 Preparing to unpack .../18-libdeflate0_1.23-2_arm64.deb ...
#13 5.532 Unpacking libdeflate0:arm64 (1.23-2) ...
#13 5.545 Selecting previously unselected package libdeflate-dev:arm64.
#13 5.546 Preparing to unpack .../19-libdeflate-dev_1.23-2_arm64.deb ...
#13 5.548 Unpacking libdeflate-dev:arm64 (1.23-2) ...
#13 5.567 Selecting previously unselected package libelf1t64:arm64.
#13 5.567 Preparing to unpack .../20-libelf1t64_0.192-4_arm64.deb ...
#13 5.569 Unpacking libelf1t64:arm64 (0.192-4) ...
#13 5.593 Selecting previously unselected package libexif12:arm64.
#13 5.594 Preparing to unpack .../21-libexif12_0.6.25-1+deb13u1_arm64.deb ...
#13 5.595 Unpacking libexif12:arm64 (0.6.25-1+deb13u1) ...
#13 5.631 Selecting previously unselected package libexif-dev:arm64.
#13 5.632 Preparing to unpack .../22-libexif-dev_0.6.25-1+deb13u1_arm64.deb ...
#13 5.635 Unpacking libexif-dev:arm64 (0.6.25-1+deb13u1) ...
#13 5.655 Selecting previously unselected package libexpat1-dev:arm64.
#13 5.656 Preparing to unpack .../23-libexpat1-dev_2.8.3-1~deb13u1_arm64.deb ...
#13 5.658 Unpacking libexpat1-dev:arm64 (2.8.3-1~deb13u1) ...
#13 5.681 Selecting previously unselected package libffi-dev:arm64.
#13 5.682 Preparing to unpack .../24-libffi-dev_3.4.8-2_arm64.deb ...
#13 5.686 Unpacking libffi-dev:arm64 (3.4.8-2) ...
#13 5.712 Selecting previously unselected package libsepol-dev:arm64.
#13 5.713 Preparing to unpack .../25-libsepol-dev_3.8.1-1_arm64.deb ...
#13 5.716 Unpacking libsepol-dev:arm64 (3.8.1-1) ...
#13 5.753 Selecting previously unselected package libpcre2-16-0:arm64.
#13 5.754 Preparing to unpack .../26-libpcre2-16-0_10.46-1~deb13u3_arm64.deb ...
#13 5.756 Unpacking libpcre2-16-0:arm64 (10.46-1~deb13u3) ...
#13 5.786 Selecting previously unselected package libpcre2-32-0:arm64.
#13 5.787 Preparing to unpack .../27-libpcre2-32-0_10.46-1~deb13u3_arm64.deb ...
#13 5.789 Unpacking libpcre2-32-0:arm64 (10.46-1~deb13u3) ...
#13 5.840 Selecting previously unselected package libpcre2-posix3:arm64.
#13 5.841 Preparing to unpack .../28-libpcre2-posix3_10.46-1~deb13u3_arm64.deb ...
#13 5.843 Unpacking libpcre2-posix3:arm64 (10.46-1~deb13u3) ...
#13 5.866 Selecting previously unselected package libpcre2-dev:arm64.
#13 5.867 Preparing to unpack .../29-libpcre2-dev_10.46-1~deb13u3_arm64.deb ...
#13 5.870 Unpacking libpcre2-dev:arm64 (10.46-1~deb13u3) ...
#13 5.919 Selecting previously unselected package libselinux1-dev:arm64.
#13 5.920 Preparing to unpack .../30-libselinux1-dev_3.8.1-1_arm64.deb ...
#13 5.922 Unpacking libselinux1-dev:arm64 (3.8.1-1) ...
#13 5.951 Selecting previously unselected package libmount-dev:arm64.
#13 5.952 Preparing to unpack .../31-libmount-dev_2.41.5-0+deb13u1_arm64.deb ...
#13 5.955 Unpacking libmount-dev:arm64 (2.41.5-0+deb13u1) ...
#13 5.977 Selecting previously unselected package libsysprof-capture-4-dev:arm64.
#13 5.978 Preparing to unpack .../32-libsysprof-capture-4-dev_48.0-2_arm64.deb ...
#13 5.981 Unpacking libsysprof-capture-4-dev:arm64 (48.0-2) ...
#13 6.006 Selecting previously unselected package zlib1g-dev:arm64.
#13 6.007 Preparing to unpack .../33-zlib1g-dev_1%3a1.3.dfsg+really1.3.1-1+b1_arm64.deb ...
#13 6.010 Unpacking zlib1g-dev:arm64 (1:1.3.dfsg+really1.3.1-1+b1) ...
#13 6.045 Selecting previously unselected package libgio-2.0-dev:arm64.
#13 6.046 Preparing to unpack .../34-libgio-2.0-dev_2.84.4-3~deb13u5_arm64.deb ...
#13 6.048 Unpacking libgio-2.0-dev:arm64 (2.84.4-3~deb13u5) ...
#13 6.151 Selecting previously unselected package python3-packaging.
#13 6.152 Preparing to unpack .../35-python3-packaging_25.0-1_all.deb ...
#13 6.155 Unpacking python3-packaging (25.0-1) ...
#13 6.178 Selecting previously unselected package libgio-2.0-dev-bin.
#13 6.179 Preparing to unpack .../36-libgio-2.0-dev-bin_2.84.4-3~deb13u5_arm64.deb ...
#13 6.182 Unpacking libgio-2.0-dev-bin (2.84.4-3~deb13u5) ...
#13 6.205 Selecting previously unselected package libglib2.0-data.
#13 6.205 Preparing to unpack .../37-libglib2.0-data_2.84.4-3~deb13u5_all.deb ...
#13 6.208 Unpacking libglib2.0-data (2.84.4-3~deb13u5) ...
#13 6.289 Selecting previously unselected package libglib2.0-bin.
#13 6.290 Preparing to unpack .../38-libglib2.0-bin_2.84.4-3~deb13u5_arm64.deb ...
#13 6.293 Unpacking libglib2.0-bin (2.84.4-3~deb13u5) ...
#13 6.314 Selecting previously unselected package libglib2.0-dev-bin.
#13 6.317 Preparing to unpack .../39-libglib2.0-dev-bin_2.84.4-3~deb13u5_arm64.deb ...
#13 6.317 Unpacking libglib2.0-dev-bin (2.84.4-3~deb13u5) ...
#13 6.336 Selecting previously unselected package libglib2.0-dev:arm64.
#13 6.337 Preparing to unpack .../40-libglib2.0-dev_2.84.4-3~deb13u5_arm64.deb ...
#13 6.340 Unpacking libglib2.0-dev:arm64 (2.84.4-3~deb13u5) ...
#13 6.363 Selecting previously unselected package libsharpyuv0:arm64.
#13 6.363 Preparing to unpack .../41-libsharpyuv0_1.5.0-0.1_arm64.deb ...
#13 6.366 Unpacking libsharpyuv0:arm64 (1.5.0-0.1) ...
#13 6.386 Selecting previously unselected package libheif-plugin-libde265:arm64.
#13 6.387 Preparing to unpack .../42-libheif-plugin-libde265_1.23.4-1~deb13u1_arm64.deb ...
#13 6.389 Unpacking libheif-plugin-libde265:arm64 (1.23.4-1~deb13u1) ...
#13 6.406 Selecting previously unselected package libheif-plugin-dav1d:arm64.
#13 6.407 Preparing to unpack .../43-libheif-plugin-dav1d_1.23.4-1~deb13u1_arm64.deb ...
#13 6.410 Unpacking libheif-plugin-dav1d:arm64 (1.23.4-1~deb13u1) ...
#13 6.431 Selecting previously unselected package libheif1:arm64.
#13 6.432 Preparing to unpack .../44-libheif1_1.23.4-1~deb13u1_arm64.deb ...
#13 6.434 Unpacking libheif1:arm64 (1.23.4-1~deb13u1) ...
#13 6.479 Selecting previously unselected package libsharpyuv-dev:arm64.
#13 6.480 Preparing to unpack .../45-libsharpyuv-dev_1.5.0-0.1_arm64.deb ...
#13 6.483 Unpacking libsharpyuv-dev:arm64 (1.5.0-0.1) ...
#13 6.505 Selecting previously unselected package libheif-dev:arm64.
#13 6.506 Preparing to unpack .../46-libheif-dev_1.23.4-1~deb13u1_arm64.deb ...
#13 6.508 Unpacking libheif-dev:arm64 (1.23.4-1~deb13u1) ...
#13 6.533 Selecting previously unselected package libhwy1t64:arm64.
#13 6.534 Preparing to unpack .../47-libhwy1t64_1.2.0-2+b2_arm64.deb ...
#13 6.536 Unpacking libhwy1t64:arm64 (1.2.0-2+b2) ...
#13 6.579 Selecting previously unselected package libhwy-dev:arm64.
#13 6.580 Preparing to unpack .../48-libhwy-dev_1.2.0-2+b2_arm64.deb ...
#13 6.583 Unpacking libhwy-dev:arm64 (1.2.0-2+b2) ...
#13 6.624 Selecting previously unselected package libimagequant0:arm64.
#13 6.625 Preparing to unpack .../49-libimagequant0_2.18.0-1+b2_arm64.deb ...
#13 6.628 Unpacking libimagequant0:arm64 (2.18.0-1+b2) ...
#13 6.644 Selecting previously unselected package libimagequant-dev:arm64.
#13 6.645 Preparing to unpack .../50-libimagequant-dev_2.18.0-1+b2_arm64.deb ...
#13 6.648 Unpacking libimagequant-dev:arm64 (2.18.0-1+b2) ...
#13 6.669 Selecting previously unselected package libjbig0:arm64.
#13 6.670 Preparing to unpack .../51-libjbig0_2.1-6.1+b2_arm64.deb ...
#13 6.673 Unpacking libjbig0:arm64 (2.1-6.1+b2) ...
#13 6.688 Selecting previously unselected package libjbig-dev:arm64.
#13 6.689 Preparing to unpack .../52-libjbig-dev_2.1-6.1+b2_arm64.deb ...
#13 6.692 Unpacking libjbig-dev:arm64 (2.1-6.1+b2) ...
#13 6.709 Selecting previously unselected package libjpeg62-turbo:arm64.
#13 6.710 Preparing to unpack .../53-libjpeg62-turbo_1%3a2.1.5-4_arm64.deb ...
#13 6.712 Unpacking libjpeg62-turbo:arm64 (1:2.1.5-4) ...
#13 6.734 Selecting previously unselected package libjpeg62-turbo-dev:arm64.
#13 6.735 Preparing to unpack .../54-libjpeg62-turbo-dev_1%3a2.1.5-4_arm64.deb ...
#13 6.737 Unpacking libjpeg62-turbo-dev:arm64 (1:2.1.5-4) ...
#13 6.769 Selecting previously unselected package liblcms2-2:arm64.
#13 6.770 Preparing to unpack .../55-liblcms2-2_2.16-2+deb13u2_arm64.deb ...
#13 6.772 Unpacking liblcms2-2:arm64 (2.16-2+deb13u2) ...
#13 6.792 Selecting previously unselected package liblcms2-dev:arm64.
#13 6.793 Preparing to unpack .../56-liblcms2-dev_2.16-2+deb13u2_arm64.deb ...
#13 6.795 Unpacking liblcms2-dev:arm64 (2.16-2+deb13u2) ...
#13 6.854 Selecting previously unselected package liblerc4:arm64.
#13 6.855 Preparing to unpack .../57-liblerc4_4.0.0+ds-5_arm64.deb ...
#13 6.858 Unpacking liblerc4:arm64 (4.0.0+ds-5) ...
#13 6.882 Selecting previously unselected package liblerc-dev:arm64.
#13 6.882 Preparing to unpack .../58-liblerc-dev_4.0.0+ds-5_arm64.deb ...
#13 6.885 Unpacking liblerc-dev:arm64 (4.0.0+ds-5) ...
#13 6.908 Selecting previously unselected package liblzma-dev:arm64.
#13 6.909 Preparing to unpack .../59-liblzma-dev_5.8.1-1+deb13u2_arm64.deb ...
#13 6.911 Unpacking liblzma-dev:arm64 (5.8.1-1+deb13u2) ...
#13 6.942 Selecting previously unselected package libpng16-16t64:arm64.
#13 6.943 Preparing to unpack .../60-libpng16-16t64_1.6.48-1+deb13u6_arm64.deb ...
#13 6.945 Unpacking libpng16-16t64:arm64 (1.6.48-1+deb13u6) ...
#13 6.970 Selecting previously unselected package libpng-dev:arm64.
#13 6.971 Preparing to unpack .../61-libpng-dev_1.6.48-1+deb13u6_arm64.deb ...
#13 6.974 Unpacking libpng-dev:arm64 (1.6.48-1+deb13u6) ...
#13 7.006 Selecting previously unselected package libspng0:arm64.
#13 7.006 Preparing to unpack .../62-libspng0_0.7.4-2_arm64.deb ...
#13 7.008 Unpacking libspng0:arm64 (0.7.4-2) ...
#13 7.020 Selecting previously unselected package libspng-dev:arm64.
#13 7.021 Preparing to unpack .../63-libspng-dev_0.7.4-2_arm64.deb ...
#13 7.022 Unpacking libspng-dev:arm64 (0.7.4-2) ...
#13 7.036 Selecting previously unselected package libzstd-dev:arm64.
#13 7.037 Preparing to unpack .../64-libzstd-dev_1.5.7+dfsg-1_arm64.deb ...
#13 7.040 Unpacking libzstd-dev:arm64 (1.5.7+dfsg-1) ...
#13 7.072 Selecting previously unselected package libwebp7:arm64.
#13 7.073 Preparing to unpack .../65-libwebp7_1.5.0-0.1_arm64.deb ...
#13 7.075 Unpacking libwebp7:arm64 (1.5.0-0.1) ...
#13 7.097 Selecting previously unselected package libwebpdemux2:arm64.
#13 7.098 Preparing to unpack .../66-libwebpdemux2_1.5.0-0.1_arm64.deb ...
#13 7.100 Unpacking libwebpdemux2:arm64 (1.5.0-0.1) ...
#13 7.121 Selecting previously unselected package libwebpmux3:arm64.
#13 7.122 Preparing to unpack .../67-libwebpmux3_1.5.0-0.1_arm64.deb ...
#13 7.123 Unpacking libwebpmux3:arm64 (1.5.0-0.1) ...
#13 7.149 Selecting previously unselected package libwebpdecoder3:arm64.
#13 7.149 Preparing to unpack .../68-libwebpdecoder3_1.5.0-0.1_arm64.deb ...
#13 7.152 Unpacking libwebpdecoder3:arm64 (1.5.0-0.1) ...
#13 7.174 Selecting previously unselected package libwebp-dev:arm64.
#13 7.175 Preparing to unpack .../69-libwebp-dev_1.5.0-0.1_arm64.deb ...
#13 7.178 Unpacking libwebp-dev:arm64 (1.5.0-0.1) ...
#13 7.213 Selecting previously unselected package libtiff6:arm64.
#13 7.214 Preparing to unpack .../70-libtiff6_4.7.0-3+deb13u3_arm64.deb ...
#13 7.217 Unpacking libtiff6:arm64 (4.7.0-3+deb13u3) ...
#13 7.245 Selecting previously unselected package libtiffxx6:arm64.
#13 7.246 Preparing to unpack .../71-libtiffxx6_4.7.0-3+deb13u3_arm64.deb ...
#13 7.248 Unpacking libtiffxx6:arm64 (4.7.0-3+deb13u3) ...
#13 7.266 Selecting previously unselected package libtiff-dev:arm64.
#13 7.266 Preparing to unpack .../72-libtiff-dev_4.7.0-3+deb13u3_arm64.deb ...
#13 7.268 Unpacking libtiff-dev:arm64 (4.7.0-3+deb13u3) ...
#13 7.299 Selecting previously unselected package ninja-build.
#13 7.300 Preparing to unpack .../73-ninja-build_1.12.1-1+b1_arm64.deb ...
#13 7.306 Unpacking ninja-build (1.12.1-1+b1) ...
#13 7.329 Selecting previously unselected package python3-autocommand.
#13 7.330 Preparing to unpack .../74-python3-autocommand_2.2.2-3_all.deb ...
#13 7.332 Unpacking python3-autocommand (2.2.2-3) ...
#13 7.353 Selecting previously unselected package python3-more-itertools.
#13 7.354 Preparing to unpack .../75-python3-more-itertools_10.7.0-1_all.deb ...
#13 7.355 Unpacking python3-more-itertools (10.7.0-1) ...
#13 7.377 Selecting previously unselected package python3-typing-extensions.
#13 7.378 Preparing to unpack .../76-python3-typing-extensions_4.13.2-1_all.deb ...
#13 7.380 Unpacking python3-typing-extensions (4.13.2-1) ...
#13 7.395 Selecting previously unselected package python3-typeguard.
#13 7.396 Preparing to unpack .../77-python3-typeguard_4.4.2-1_all.deb ...
#13 7.398 Unpacking python3-typeguard (4.4.2-1) ...
#13 7.412 Selecting previously unselected package python3-inflect.
#13 7.412 Preparing to unpack .../78-python3-inflect_7.3.1-2_all.deb ...
#13 7.414 Unpacking python3-inflect (7.3.1-2) ...
#13 7.429 Selecting previously unselected package python3-jaraco.context.
#13 7.429 Preparing to unpack .../79-python3-jaraco.context_6.0.1-1+deb13u1_all.deb ...
#13 7.431 Unpacking python3-jaraco.context (6.0.1-1+deb13u1) ...
#13 7.444 Selecting previously unselected package python3-jaraco.functools.
#13 7.445 Preparing to unpack .../80-python3-jaraco.functools_4.1.0-1_all.deb ...
#13 7.446 Unpacking python3-jaraco.functools (4.1.0-1) ...
#13 7.459 Selecting previously unselected package python3-pkg-resources.
#13 7.460 Preparing to unpack .../81-python3-pkg-resources_78.1.1-0.1_all.deb ...
#13 7.461 Unpacking python3-pkg-resources (78.1.1-0.1) ...
#13 7.485 Selecting previously unselected package python3-jaraco.text.
#13 7.486 Preparing to unpack .../82-python3-jaraco.text_4.0.0-1_all.deb ...
#13 7.489 Unpacking python3-jaraco.text (4.0.0-1) ...
#13 7.504 Selecting previously unselected package python3-zipp.
#13 7.505 Preparing to unpack .../83-python3-zipp_3.21.0-1_all.deb ...
#13 7.507 Unpacking python3-zipp (3.21.0-1) ...
#13 7.526 Selecting previously unselected package python3-setuptools.
#13 7.527 Preparing to unpack .../84-python3-setuptools_78.1.1-0.1_all.deb ...
#13 7.529 Unpacking python3-setuptools (78.1.1-0.1) ...
#13 7.578 Selecting previously unselected package meson.
#13 7.579 Preparing to unpack .../85-meson_1.7.0-1_all.deb ...
#13 7.581 Unpacking meson (1.7.0-1) ...
#13 7.623 Selecting previously unselected package nasm.
#13 7.624 Preparing to unpack .../86-nasm_2.16.03-1_arm64.deb ...
#13 7.626 Unpacking nasm (2.16.03-1) ...
#13 7.662 Selecting previously unselected package zstd.
#13 7.663 Preparing to unpack .../87-zstd_1.5.7+dfsg-1_arm64.deb ...
#13 7.666 Unpacking zstd (1.5.7+dfsg-1) ...
#13 7.712 Setting up libhwy1t64:arm64 (1.2.0-2+b2) ...
#13 7.720 Setting up python3-more-itertools (10.7.0-1) ...
#13 7.774 Setting up liblcms2-2:arm64 (2.16-2+deb13u2) ...
#13 7.781 Setting up libsharpyuv0:arm64 (1.5.0-0.1) ...
#13 7.789 Setting up libcgif0:arm64 (0.5.0-1) ...
#13 7.797 Setting up native-architecture (0.2.6) ...
#13 7.804 Setting up liblerc4:arm64 (4.0.0+ds-5) ...
#13 7.812 Setting up libzstd-dev:arm64 (1.5.7+dfsg-1) ...
#13 7.819 Setting up python3-jaraco.functools (4.1.0-1) ...
#13 7.867 Setting up python3-jaraco.context (6.0.1-1+deb13u1) ...
#13 7.909 Setting up libdeflate0:arm64 (1.23-2) ...
#13 7.917 Setting up libwebpdecoder3:arm64 (1.5.0-0.1) ...
#13 7.924 Setting up python3-zipp (3.21.0-1) ...
#13 7.970 Setting up python3-autocommand (2.2.2-3) ...
#13 8.014 Setting up bzip2 (1.0.8-6) ...
#13 8.022 Setting up libffi-dev:arm64 (3.4.8-2) ...
#13 8.030 Setting up libjbig0:arm64 (2.1-6.1+b2) ...
#13 8.037 Setting up libpcre2-16-0:arm64 (10.46-1~deb13u3) ...
#13 8.044 Setting up ninja-build (1.12.1-1+b1) ...
#13 8.048 Setting up libelf1t64:arm64 (0.192-4) ...
#13 8.053 Setting up libsysprof-capture-4-dev:arm64 (48.0-2) ...
#13 8.059 Setting up libcgif-dev:arm64 (0.5.0-1) ...
#13 8.064 Setting up libpcre2-32-0:arm64 (10.46-1~deb13u3) ...
#13 8.069 Setting up libglib2.0-0t64:arm64 (2.84.4-3~deb13u5) ...
#13 8.074 No schema files found: doing nothing.
#13 8.077 Setting up libglib2.0-data (2.84.4-3~deb13u5) ...
#13 8.082 Setting up python3-packaging (25.0-1) ...
#13 8.135 Setting up libexpat1-dev:arm64 (2.8.3-1~deb13u1) ...
#13 8.140 Setting up libjpeg62-turbo:arm64 (1:2.1.5-4) ...
#13 8.145 Setting up libjpeg62-turbo-dev:arm64 (1:2.1.5-4) ...
#13 8.150 Setting up uuid-dev:arm64 (2.41.5-0+deb13u1) ...
#13 8.154 Setting up xz-utils (5.8.1-1+deb13u2) ...
#13 8.159 update-alternatives: using /usr/bin/xz to provide /usr/bin/lzma (lzma) in auto mode
#13 8.162 Setting up libexif12:arm64 (0.6.25-1+deb13u1) ...
#13 8.167 Setting up libimagequant0:arm64 (2.18.0-1+b2) ...
#13 8.172 Setting up libpng16-16t64:arm64 (1.6.48-1+deb13u6) ...
#13 8.176 Setting up patch (2.8-2) ...
#13 8.180 Setting up libsepol-dev:arm64 (3.8.1-1) ...
#13 8.184 Setting up python3-typing-extensions (4.13.2-1) ...
#13 8.234 Setting up liblerc-dev:arm64 (4.0.0+ds-5) ...
#13 8.239 Setting up nasm (2.16.03-1) ...
#13 8.243 Setting up libdpkg-perl (1.22.22) ...
#13 8.247 Setting up libwebp7:arm64 (1.5.0-0.1) ...
#13 8.251 Setting up liblcms2-dev:arm64 (2.16-2+deb13u2) ...
#13 8.255 Setting up liblzma-dev:arm64 (5.8.1-1+deb13u2) ...
#13 8.259 Setting up libhwy-dev:arm64 (1.2.0-2+b2) ...
#13 8.266 Setting up zlib1g-dev:arm64 (1:1.3.dfsg+really1.3.1-1+b1) ...
#13 8.271 Setting up libpcre2-posix3:arm64 (10.46-1~deb13u3) ...
#13 8.276 Setting up libdav1d7:arm64 (1.5.1-1) ...
#13 8.280 Setting up libtiff6:arm64 (4.7.0-3+deb13u3) ...
#13 8.287 Setting up libspng0:arm64 (0.7.4-2) ...
#13 8.355 Setting up libde265-0:arm64 (1.0.15-1+deb13u2) ...
#13 8.360 Setting up libsharpyuv-dev:arm64 (1.5.0-0.1) ...
#13 8.365 Setting up libwebpmux3:arm64 (1.5.0-0.1) ...
#13 8.370 Setting up libtiffxx6:arm64 (4.7.0-3+deb13u3) ...
#13 8.374 Setting up libdeflate-dev:arm64 (1.23-2) ...
#13 8.380 Setting up zstd (1.5.7+dfsg-1) ...
#13 8.385 Setting up libbrotli-dev:arm64 (1.1.0-2+b7) ...
#13 8.390 Setting up libbz2-dev:arm64 (1.0.8-6) ...
#13 8.396 Setting up libblkid-dev:arm64 (2.41.5-0+deb13u1) ...
#13 8.401 Setting up libexif-dev:arm64 (0.6.25-1+deb13u1) ...
#13 8.405 Setting up libgio-2.0-dev-bin (2.84.4-3~deb13u5) ...
#13 8.505 Setting up libspng-dev:arm64 (0.7.4-2) ...
#13 8.509 Setting up libpcre2-dev:arm64 (10.46-1~deb13u3) ...
#13 8.513 Setting up libimagequant-dev:arm64 (2.18.0-1+b2) ...
#13 8.517 Setting up libgirepository-2.0-0:arm64 (2.84.4-3~deb13u5) ...
#13 8.521 Setting up libselinux1-dev:arm64 (3.8.1-1) ...
#13 8.526 Setting up libwebpdemux2:arm64 (1.5.0-0.1) ...
#13 8.530 Setting up python3-typeguard (4.4.2-1) ...
#13 8.582 Setting up libpng-dev:arm64 (1.6.48-1+deb13u6) ...
#13 8.586 Setting up libjbig-dev:arm64 (2.1-6.1+b2) ...
#13 8.590 Setting up libglib2.0-bin (2.84.4-3~deb13u5) ...
#13 8.594 Setting up dpkg-dev (1.22.22) ...
#13 8.601 Setting up python3-inflect (7.3.1-2) ...
#13 8.653 Setting up libwebp-dev:arm64 (1.5.0-0.1) ...
#13 8.657 Setting up libtiff-dev:arm64 (4.7.0-3+deb13u3) ...
#13 8.661 Setting up python3-jaraco.text (4.0.0-1) ...
#13 8.704 Setting up libdav1d-dev:arm64 (1.5.1-1) ...
#13 8.708 Setting up libmount-dev:arm64 (2.41.5-0+deb13u1) ...
#13 8.712 Setting up python3-pkg-resources (78.1.1-0.1) ...
#13 8.792 Setting up libgio-2.0-dev:arm64 (2.84.4-3~deb13u5) ...
#13 8.799 Setting up girepository-tools:arm64 (2.84.4-3~deb13u5) ...
#13 8.805 Setting up python3-setuptools (78.1.1-0.1) ...
#13 9.099 Setting up meson (1.7.0-1) ...
#13 9.461 Setting up libglib2.0-dev-bin (2.84.4-3~deb13u5) ...
#13 9.476 Setting up libglib2.0-dev:arm64 (2.84.4-3~deb13u5) ...
#13 9.484 Setting up libheif-plugin-dav1d:arm64 (1.23.4-1~deb13u1) ...
#13 9.492 Setting up libheif1:arm64 (1.23.4-1~deb13u1) ...
#13 9.502 Setting up libheif-dev:arm64 (1.23.4-1~deb13u1) ...
#13 9.510 Setting up libheif-plugin-libde265:arm64 (1.23.4-1~deb13u1) ...
#13 9.517 Processing triggers for libc-bin (2.41-12+deb13u4) ...
#13 DONE 9.9s

#14 [media-base 3/3] WORKDIR /usr/src
#14 DONE 0.0s

#15 [vips 1/1] RUN apt-get source -qq vips=8.16.1-1+deb13u1 &&     echo "60205e00d061b9d8072938e04899f2ca2fdac0513068e561d33f7c87fae1ae2e  vips_8.16.1-1+deb13u1.dsc" | sha256sum -c - &&     cd vips-8.16.1 &&     eval "$(DEB_BUILD_MAINT_OPTIONS=hardening=+all dpkg-buildflags --export=sh)" &&     meson setup build --buildtype=plain --wrap-mode=nodownload --prefix=/opt/vips --libdir=lib       --auto-features=disabled -Dmodules=disabled -Dintrospection=disabled -Dcplusplus=false       -Ddeprecated=false -Dexamples=false       -Djpeg=enabled -Dspng=enabled -Dpng=enabled -Dwebp=enabled -Dtiff=enabled -Dheif=enabled       -Dexif=enabled -Dlcms=enabled -Dcgif=enabled -Dimagequant=enabled -Dhighway=enabled       -Dzlib=enabled &&     meson install -C build --strip
#15 2.347 dpkg-source: info: extracting vips in vips-8.16.1
#15 2.347 dpkg-source: info: unpacking vips_8.16.1.orig.tar.gz
#15 2.656 dpkg-source: info: unpacking vips_8.16.1-1+deb13u1.debian.tar.xz
#15 2.659 dpkg-source: info: using patch list from debian/patches/series
#15 2.659 dpkg-source: info: applying CVE-2026-3283_CVE-2026-3284.patch
#15 2.660 dpkg-source: info: applying CVE-2026-3282.patch
#15 2.661 dpkg-source: info: applying CVE-2026-3281.patch
#15 2.662 dpkg-source: info: applying CVE-2026-3147.patch
#15 2.663 dpkg-source: info: applying CVE-2026-3145_CVE-2026-3146.patch
#15 2.664 dpkg-source: info: applying CVE-2026-2913.patch
#15 2.668 W: Download is performed unsandboxed as root as file 'vips_8.16.1-1+deb13u1.dsc' couldn't be accessed by user '_apt'. - pkgAcquire::Run (13: Permission denied)
#15 2.669 vips_8.16.1-1+deb13u1.dsc: OK
#15 3.468 The Meson build system
#15 3.468 Version: 1.7.0
#15 3.468 Source dir: /usr/src/vips-8.16.1
#15 3.468 Build dir: /usr/src/vips-8.16.1/build
#15 3.468 Build type: native build
#15 3.468 Project name: vips
#15 3.468 Project version: 8.16.1
#15 3.468 C compiler for the host machine: cc (gcc 14.2.0 "cc (Debian 14.2.0-19) 14.2.0")
#15 3.468 C linker for the host machine: cc ld.bfd 2.44
#15 3.468 C++ compiler for the host machine: c++ (gcc 14.2.0 "c++ (Debian 14.2.0-19) 14.2.0")
#15 3.468 C++ linker for the host machine: c++ ld.bfd 2.44
#15 3.468 Host machine cpu family: aarch64
#15 3.468 Host machine cpu: aarch64
#15 3.468 Compiler for C supports arguments -Werror=pointer-arith: YES
#15 3.468 Found pkg-config: YES (/usr/bin/pkg-config) 1.8.1
#15 3.468 Run-time dependency glib-2.0 found: YES 2.84.4
#15 3.468 Run-time dependency gio-2.0 found: YES 2.84.4
#15 3.468 Run-time dependency gobject-2.0 found: YES 2.84.4
#15 3.468 Dependency gmodule-no-export-2.0 skipped: feature modules disabled
#15 3.468 Run-time dependency expat found: YES 2.8.3
#15 3.468 Run-time dependency threads found: YES
#15 3.468 Library m found: YES
#15 3.468 Compiler for C supports link arguments -Wl,-z,nodelete: YES
#15 3.468 Compiler for C supports function attribute visibility:hidden: YES
#15 3.468 Checking if "Has vector arithmetic" with dependency -lm compiles: YES
#15 3.468 Checking if "Has signed constants in vector templates" with dependency -lm compiles: YES
#15 3.468 Checking if "Has target_clones attribute" runs: DID NOT COMPILE
#15 3.468 Checking for function "_aligned_malloc" : NO
#15 3.468 Checking for function "posix_memalign" : YES
#15 3.468 Checking for function "memalign" : YES
#15 3.468 Checking for function "pthread_setattr_default_np" with dependency threads: YES
#15 3.468 Run-time dependency zlib found: YES 1.3.1
#15 3.468 Dependency libarchive skipped: feature archive disabled
#15 3.468 Dependency fftw3 skipped: feature fftw disabled
#15 3.468 Did not find CMake 'cmake'
#15 3.468 Found CMake: NO
#15 3.468 Run-time dependency magickcore found: NO (tried pkgconfig and cmake)
#15 3.468 Dependency ImageMagick skipped: feature magick disabled
#15 3.468 Dependency cfitsio skipped: feature cfitsio disabled
#15 3.468 Run-time dependency imagequant found: YES 2.18.0
#15 3.468 Run-time dependency cgif found: YES 0.5.0
#15 3.468 Checking if "Has CGIF_ATTR_NO_LOOP" with dependency cgif compiles: YES
#15 3.468 Checking if "Has CGIF_FRAME_ATTR_INTERLACED" with dependency cgif compiles: YES
#15 3.468 Run-time dependency libexif found: YES 0.6.25
#15 3.468 Has header "exif-data.h" with dependency libexif: NO
#15 3.468 Run-time dependency libjpeg found: YES 2.1.5
#15 3.468 Checking for function "jpeg_c_bool_param_supported" with dependency libjpeg: NO
#15 3.468 Run-time dependency spng found: YES 0.7.4
#15 3.468 Run-time dependency libwebp found: YES 1.5.0
#15 3.468 Run-time dependency libwebpmux found: YES 1.5.0
#15 3.468 Run-time dependency libwebpdemux found: YES 1.5.0
#15 3.468 Dependency pangocairo skipped: feature pangocairo disabled
#15 3.468 Dependency pangoft2 skipped: feature fontconfig disabled
#15 3.468 Dependency fontconfig skipped: feature fontconfig disabled
#15 3.468 Run-time dependency libtiff-4 found: YES 4.7.0
#15 3.468 Fetching value of define "COMPRESSION_WEBP" with dependency libtiff-4: 50001
#15 3.468 Dependency librsvg-2.0 skipped: feature rsvg disabled
#15 3.468 Dependency cairo skipped: feature rsvg disabled
#15 3.468 Dependency openslide skipped: feature openslide disabled
#15 3.468 Dependency matio skipped: feature matio disabled
#15 3.468 Run-time dependency lcms2 found: YES 2.16
#15 3.468 Dependency OpenEXR skipped: feature openexr disabled
#15 3.468 Dependency libopenjp2 skipped: feature openjpeg disabled
#15 3.468 Run-time dependency libhwy found: YES 1.2.0
#15 3.468 Dependency pdfium skipped: feature pdfium disabled
#15 3.468 Run-time dependency libheif found: YES 1.23.4
#15 3.468 Checking for function "heif_image_handle_get_raw_color_profile" with dependency libheif: YES
#15 3.468 Checking for function "heif_context_set_maximum_image_size_limit" with dependency libheif: YES
#15 3.468 Checking whether type "struct heif_decoding_options" has member "convert_hdr_to_8bit" with dependency libheif: YES
#15 3.468 Checking for function "heif_encoder_parameter_get_valid_integer_values" with dependency libheif: YES
#15 3.468 Checking whether type "struct heif_encoding_options" has member "output_nclx_profile" with dependency libheif: YES
#15 3.468 Checking whether type "struct heif_encoding_options" has member "image_orientation" with dependency libheif: YES
#15 3.468 Dependency libjxl skipped: feature jpeg-xl disabled
#15 3.468 Dependency libjxl_threads skipped: feature jpeg-xl disabled
#15 3.468 Dependency poppler-glib skipped: feature poppler disabled
#15 3.468 Dependency cairo skipped: feature poppler disabled
#15 3.468 Run-time dependency niftiio found: NO (tried pkgconfig)
#15 3.468 Run-time dependency nifti found: NO (tried cmake)
#15 3.468 Has header "sys/file.h" : YES
#15 3.468 Has header "sys/param.h" : YES
#15 3.468 Has header "sys/mman.h" : YES
#15 3.468 Has header "unistd.h" : YES
#15 3.468 Has header "io.h" : NO
#15 3.468 Has header "direct.h" : NO
#15 3.468 Checking for function "ngettext" : YES
#15 3.468 Checking for function "bind_textdomain_codeset" : YES
#15 3.468 Configuring config.h using configuration
#15 3.468 Program g-ir-scanner skipped: feature introspection disabled
#15 3.468 Dependency glib-2.0 found: YES 2.84.4 (cached)
#15 3.468 Program /usr/bin/glib-mkenums found: YES (/usr/bin/glib-mkenums)
#15 3.468 Dependency glib-2.0 found: YES 2.84.4 (cached)
#15 3.468 Program /usr/bin/glib-mkenums found: YES (/usr/bin/glib-mkenums)
#15 3.468 Configuring version.h using configuration
#15 3.468 Dependency glib-2.0 found: YES 2.84.4 (cached)
#15 3.468 Program /usr/bin/glib-genmarshal found: YES (/usr/bin/glib-genmarshal)
#15 3.468 Program msgfmt found: NO
#15 3.468 po/meson.build:1: WARNING: Gettext not found, all translation (po) targets will be ignored.
#15 3.468 Program python3 found: YES (/usr/bin/python3)
#15 3.468 Configuring variables.sh using configuration
#15 3.468 Build targets in project: 46
#15 3.468
#15 3.468 vips 8.16.1
#15 3.468
#15 3.468   Dependencies
#15 3.468     glib-2.0                          : 2.84.4
#15 3.468     gio-2.0                           : 2.84.4
#15 3.468     gobject-2.0                       : 2.84.4
#15 3.468     gmodule-no-export-2.0             : unknown
#15 3.468     expat                             : 2.8.3
#15 3.468     zlib                              : 1.3.1
#15 3.468     imagequant                        : 2.18.0
#15 3.468     cgif                              : 0.5.0
#15 3.468     libexif                           : 0.6.25
#15 3.468     libjpeg                           : 2.1.5
#15 3.468     spng                              : 0.7.4
#15 3.468     libwebp                           : 1.5.0
#15 3.468     libwebpmux                        : 1.5.0
#15 3.468     libwebpdemux                      : 1.5.0
#15 3.468     libtiff-4                         : 4.7.0
#15 3.468     lcms2                             : 2.16
#15 3.468     libhwy                            : 1.2.0
#15 3.468     libheif                           : 1.23.4
#15 3.468
#15 3.468   Build options
#15 3.468     enable debug                      : NO
#15 3.468     enable deprecated                 : NO
#15 3.468     enable modules                    : NO
#15 3.468     enable gtk-doc                    : NO
#15 3.468     enable doxygen                    : NO
#15 3.468     enable introspection              : NO
#15 3.468     enable examples                   : NO
#15 3.468     enable cplusplus                  : NO
#15 3.468     enable RAD load/save              : YES
#15 3.468     enable Analyze7 load              : YES
#15 3.468     enable PPM load/save              : YES
#15 3.468     enable GIF load                   : YES
#15 3.468
#15 3.468   Optional external packages
#15 3.468     FFTs with fftw                    : NO
#15 3.468     SIMD support with libhwy          : YES
#15 3.468     ICC profile support with lcms2    : YES
#15 3.468     deflate compression with zlib     : YES
#15 3.468     text rendering with pangocairo    : NO
#15 3.468     font file support with fontconfig : NO
#15 3.468     EXIF metadata support with libexif: YES
#15 3.468
#15 3.468   External image format libraries
#15 3.468     JPEG load/save with libjpeg       : YES
#15 3.468     JXL load/save with libjxl         : NO (dynamic module: NO)
#15 3.468     JPEG2000 load/save with OpenJPEG  : NO
#15 3.468     PNG load/save with spng           : YES
#15 3.468     image quantisation with imagequant: YES
#15 3.468     TIFF load/save with libtiff-4     : YES
#15 3.468     image pyramid save with libarchive: NO
#15 3.468     HEIC/AVIF load/save with libheif  : YES (dynamic module: NO)
#15 3.468     WebP load/save with libwebp       : YES
#15 3.468     PDF load with PDFium or Poppler   : NO (dynamic module: NO)
#15 3.468     SVG load with librsvg             : NO
#15 3.468     EXR load with OpenEXR             : NO
#15 3.468     WSI load with OpenSlide           : NO (dynamic module: NO)
#15 3.468     Matlab load with Matio            : NO
#15 3.468     NIfTI load/save with libnifti     : NO
#15 3.468     FITS load/save with cfitsio       : NO
#15 3.468     GIF save with cgif                : YES
#15 3.468     Magick load/save with MagickCore  : NO (dynamic module: NO)
#15 3.468
#15 3.468   User defined options
#15 3.468     auto_features                     : disabled
#15 3.468     buildtype                         : plain
#15 3.468     cgif                              : enabled
#15 3.468     cplusplus                         : false
#15 3.468     deprecated                        : false
#15 3.468     examples                          : false
#15 3.558     exif                              : enabled
#15 3.558     heif                              : enabled
#15 3.558     highway                           : enabled
#15 3.558     imagequant                        : enabled
#15 3.558     introspection                     : disabled
#15 3.558     jpeg                              : enabled
#15 3.558     lcms                              : enabled
#15 3.558     libdir                            : lib
#15 3.558     modules                           : disabled
#15 3.558     png                               : enabled
#15 3.558     prefix                            : /opt/vips
#15 3.558     spng                              : enabled
#15 3.558     tiff                              : enabled
#15 3.558     webp                              : enabled
#15 3.558     wrap_mode                         : nodownload
#15 3.558     zlib                              : enabled
#15 3.558
#15 3.558 Found ninja-1.12.1 at /usr/bin/ninja
#15 3.695 ninja: Entering directory `/usr/src/vips-8.16.1/build'
#15 3.713 [1/424] Generating glib marshaller header libvips/iofuncs/vipsmarshal_h
#15 3.717 [2/424] Compiling C object fuzz/libstandalone_engine.a.p/StandaloneFuzzTargetMain.c.o
#15 3.719 [3/424] Linking static target fuzz/libstandalone_engine.a
#15 3.728 [4/424] Generating glib marshaller source libvips/iofuncs/vipsmarshal_c
#15 3.754 [5/424] Generating GObject enum file libvips/include/vips/enumtypes.h (wrapped by meson to capture output)
#15 3.815 [6/424] Compiling C object libvips/foreign/libforeign.a.p/fits.c.o
#15 3.832 [7/424] Compiling C object libvips/foreign/libforeign.a.p/archive.c.o
#15 3.838 [8/424] Compiling C object libvips/foreign/libnsgif/libnsgif.a.p/lzw.c.o
#15 3.867 [9/424] Compiling C object libvips/foreign/libforeign.a.p/jp2kload.c.o
#15 3.873 [10/424] Compiling C object libvips/foreign/libforeign.a.p/fitsload.c.o
#15 3.875 [11/424] Compiling C object libvips/foreign/libforeign.a.p/analyze2vips.c.o
#15 3.875 [12/424] Compiling C object libvips/foreign/libforeign.a.p/cairo.c.o
#15 3.876 [13/424] Compiling C object libvips/foreign/libforeign.a.p/jp2ksave.c.o
#15 3.881 [14/424] Compiling C object libvips/foreign/libnsgif/libnsgif.a.p/gif.c.o
#15 3.894 [15/424] Generating GObject enum file libvips/include/vips/enumtypes.c (wrapped by meson to capture output)
#15 3.898 [16/424] Compiling C object libvips/foreign/libforeign.a.p/dzsave.c.o
#15 3.911 [17/424] Compiling C object libvips/foreign/libforeign.a.p/matlab.c.o
#15 3.915 [18/424] Compiling C object libvips/foreign/libforeign.a.p/analyzeload.c.o
#15 3.921 [19/424] Compiling C object libvips/foreign/libforeign.a.p/fitssave.c.o
#15 3.950 [20/424] Compiling C object libvips/foreign/libforeign.a.p/magickload.c.o
#15 3.951 [21/424] Compiling C object libvips/foreign/libforeign.a.p/csvsave.c.o
#15 3.959 [22/424] Compiling C object libvips/foreign/libforeign.a.p/magicksave.c.o
#15 3.971 [23/424] Compiling C object libvips/foreign/libforeign.a.p/cgifsave.c.o
#15 3.975 [24/424] Compiling C object libvips/foreign/libforeign.a.p/matload.c.o
#15 3.985 [25/424] Compiling C object libvips/foreign/libforeign.a.p/openexr2vips.c.o
#15 4.003 [26/424] Compiling C object libvips/foreign/libforeign.a.p/jpeg2vips.c.o
#15 4.016 [27/424] Compiling C object libvips/foreign/libforeign.a.p/exif.c.o
#15 4.024 [28/424] Compiling C object libvips/foreign/libforeign.a.p/jpegsave.c.o
#15 4.030 [29/424] Compiling C object libvips/foreign/libforeign.a.p/matrixsave.c.o
#15 4.036 [30/424] Compiling C object libvips/foreign/libforeign.a.p/openexrload.c.o
#15 4.042 [31/424] Compiling C object libvips/foreign/libforeign.a.p/csvload.c.o
#15 4.044 [32/424] Compiling C object libvips/foreign/libforeign.a.p/jpegload.c.o
#15 4.046 [33/424] Compiling C object libvips/foreign/libforeign.a.p/pngload.c.o
#15 4.063 [34/424] Compiling C object libvips/foreign/libforeign.a.p/matrixload.c.o
#15 4.083 [35/424] Compiling C object libvips/foreign/libforeign.a.p/niftisave.c.o
#15 4.091 [36/424] Compiling C object libvips/foreign/libforeign.a.p/niftiload.c.o
#15 4.111 [37/424] Compiling C object libvips/foreign/libforeign.a.p/pngsave.c.o
#15 4.126 [38/424] Compiling C object libvips/foreign/libforeign.a.p/pdfiumload.c.o
#15 4.127 [39/424] Compiling C object libvips/foreign/libforeign.a.p/pdf.c.o
#15 4.141 [40/424] Compiling C object libvips/foreign/libforeign.a.p/quantise.c.o
#15 4.153 [41/424] Compiling C object libvips/foreign/libforeign.a.p/nsgifload.c.o
#15 4.154 [42/424] Compiling C object libvips/foreign/libforeign.a.p/radsave.c.o
#15 4.158 [43/424] Compiling C object libvips/foreign/libforeign.a.p/rawload.c.o
#15 4.166 [44/424] Compiling C object libvips/foreign/libforeign.a.p/radload.c.o
#15 4.175 [45/424] Compiling C object libvips/foreign/libforeign.a.p/svgload.c.o
#15 4.176 [46/424] Compiling C object libvips/foreign/libforeign.a.p/ppmload.c.o
#15 4.182 [47/424] Compiling C object libvips/foreign/libforeign.a.p/foreign.c.o
#15 4.201 [48/424] Compiling C object libvips/foreign/libforeign.a.p/ppmsave.c.o
#15 4.230 [49/424] Compiling C object libvips/foreign/libforeign.a.p/rawsave.c.o
#15 4.231 [50/424] Compiling C object libvips/foreign/libforeign.a.p/vipspng.c.o
#15 4.258 [51/424] Compiling C object libvips/foreign/libforeign.a.p/spngsave.c.o
#15 4.268 [52/424] Compiling C object libvips/foreign/libforeign.a.p/magick2vips.c.o
#15 4.278 [53/424] Compiling C object libvips/foreign/libforeign.a.p/magick.c.o
#15 4.279 [54/424] Compiling C object libvips/foreign/libforeign.a.p/radiance.c.o
#15 4.298 [55/424] Compiling C object libvips/foreign/libforeign.a.p/tiffload.c.o
#15 4.299 [56/424] Compiling C object libvips/foreign/libforeign.a.p/spngload.c.o
#15 4.302 [57/424] Compiling C object libvips/foreign/libforeign.a.p/vipsload.c.o
#15 4.315 [58/424] Compiling C object libvips/foreign/libforeign.a.p/vipssave.c.o
#15 4.316 [59/424] Compiling C object libvips/foreign/libforeign.a.p/vips2jpeg.c.o
#15 4.329 [60/424] Compiling C object libvips/foreign/libforeign.a.p/tiff.c.o
#15 4.332 [61/424] Compiling C object libvips/foreign/libforeign.a.p/webpload.c.o
#15 4.333 [62/424] Compiling C object libvips/foreign/libforeign.a.p/magick6load.c.o
#15 4.334 [63/424] Compiling C object libvips/foreign/libforeign.a.p/magick7load.c.o
#15 4.335 [64/424] Compiling C object libvips/foreign/libforeign.a.p/jxlsave.c.o
#15 4.339 [65/424] Compiling C object libvips/foreign/libforeign.a.p/openslideload.c.o
#15 4.342 [66/424] Compiling C object libvips/foreign/libforeign.a.p/tiffsave.c.o
#15 4.342 [67/424] Compiling C object libvips/foreign/libforeign.a.p/vips2magick.c.o
#15 4.371 [68/424] Compiling C object libvips/foreign/libforeign.a.p/jxlload.c.o
#15 4.373 [69/424] Compiling C object libvips/foreign/libforeign.a.p/webp2vips.c.o
#15 4.374 [70/424] Compiling C object libvips/foreign/libforeign.a.p/popplerload.c.o
#15 4.421 [71/424] Compiling C object libvips/arithmetic/libarithmetic.a.p/binary.c.o
#15 4.441 [72/424] Compiling C object libvips/arithmetic/libarithmetic.a.p/abs.c.o
#15 4.454 [73/424] Compiling C object libvips/arithmetic/libarithmetic.a.p/divide.c.o
#15 4.485 [74/424] Compiling C object libvips/arithmetic/libarithmetic.a.p/deviate.c.o
#15 4.493 [75/424] Compiling C object libvips/foreign/libforeign.a.p/webpsave.c.o
#15 4.499 [76/424] Compiling C object libvips/arithmetic/libarithmetic.a.p/arithmetic.c.o
#15 4.519 [77/424] Compiling C object libvips/foreign/libforeign.a.p/heifsave.c.o
#15 4.522 [78/424] Compiling C object libvips/arithmetic/libarithmetic.a.p/getpoint.c.o
#15 4.532 [79/424] Compiling C object libvips/foreign/libforeign.a.p/vips2tiff.c.o
#15 4.532 [80/424] Compiling C object libvips/arithmetic/libarithmetic.a.p/find_trim.c.o
#15 4.537 [81/424] Compiling C object libvips/arithmetic/libarithmetic.a.p/add.c.o
#15 4.548 [82/424] Compiling C object libvips/arithmetic/libarithmetic.a.p/clamp.c.o
#15 4.585 [83/424] Compiling C object libvips/arithmetic/libarithmetic.a.p/hist_find_ndim.c.o
#15 4.593 [84/424] Compiling C object libvips/foreign/libforeign.a.p/heifload.c.o
#15 4.598 [85/424] Compiling C object libvips/arithmetic/libarithmetic.a.p/hough.c.o
#15 4.613 [86/424] Compiling C object libvips/arithmetic/libarithmetic.a.p/avg.c.o
#15 4.614 [87/424] Compiling C object libvips/arithmetic/libarithmetic.a.p/hough_line.c.o
#15 4.618 [88/424] Compiling C object libvips/arithmetic/libarithmetic.a.p/invert.c.o
#15 4.659 [89/424] Compiling C object libvips/arithmetic/libarithmetic.a.p/hough_circle.c.o
#15 4.665 [90/424] Compiling C object libvips/arithmetic/libarithmetic.a.p/maxpair.c.o
#15 4.671 [91/424] Compiling C object libvips/foreign/libforeign.a.p/tiff2vips.c.o
#15 4.699 [92/424] Compiling C object libvips/arithmetic/libarithmetic.a.p/hist_find_indexed.c.o
#15 4.710 [93/424] Compiling C object libvips/arithmetic/libarithmetic.a.p/boolean.c.o
#15 4.712 [94/424] Compiling C object libvips/arithmetic/libarithmetic.a.p/hist_find.c.o
#15 4.724 [95/424] Compiling C object libvips/arithmetic/libarithmetic.a.p/linear.c.o
#15 4.726 [96/424] Compiling C object libvips/arithmetic/libarithmetic.a.p/complex.c.o
#15 4.729 [97/424] Compiling C object libvips/arithmetic/libarithmetic.a.p/measure.c.o
#15 4.735 [98/424] Compiling C object libvips/arithmetic/libarithmetic.a.p/max.c.o
#15 4.748 [99/424] Compiling C object libvips/arithmetic/libarithmetic.a.p/minpair.c.o
#15 4.756 [100/424] Compiling C object libvips/arithmetic/libarithmetic.a.p/multiply.c.o
#15 4.760 [101/424] Compiling C object libvips/arithmetic/libarithmetic.a.p/profile.c.o
#15 4.787 [102/424] Compiling C object libvips/arithmetic/libarithmetic.a.p/round.c.o
#15 4.799 [103/424] Compiling C object libvips/arithmetic/libarithmetic.a.p/nary.c.o
#15 4.804 [104/424] Compiling C object libvips/arithmetic/libarithmetic.a.p/project.c.o
#15 4.812 [105/424] Compiling C object libvips/arithmetic/libarithmetic.a.p/subtract.c.o
#15 4.837 [106/424] Compiling C object libvips/arithmetic/libarithmetic.a.p/unary.c.o
#15 4.859 [107/424] Compiling C object libvips/arithmetic/libarithmetic.a.p/sum.c.o
#15 4.876 [108/424] Compiling C object libvips/arithmetic/libarithmetic.a.p/min.c.o
#15 4.899 [109/424] Compiling C object libvips/arithmetic/libarithmetic.a.p/math.c.o
#15 4.901 [110/424] Compiling C object libvips/arithmetic/libarithmetic.a.p/statistic.c.o
#15 4.901 [111/424] Compiling C object libvips/resample/libresample.a.p/resample.c.o
#15 4.914 [112/424] Compiling C object libvips/arithmetic/libarithmetic.a.p/remainder.c.o
#15 4.927 [113/424] Compiling C object libvips/arithmetic/libarithmetic.a.p/stats.c.o
#15 4.933 [114/424] Compiling C object libvips/resample/libresample.a.p/resize.c.o
#15 4.933 [115/424] Compiling C object libvips/resample/libresample.a.p/quadratic.c.o
#15 4.946 [116/424] Compiling C object libvips/arithmetic/libarithmetic.a.p/math2.c.o
#15 4.948 [117/424] Compiling C object libvips/arithmetic/libarithmetic.a.p/unaryconst.c.o
#15 4.951 [118/424] Compiling C object libvips/resample/libresample.a.p/shrink.c.o
#15 4.955 [119/424] Compiling C object libvips/arithmetic/libarithmetic.a.p/sign.c.o
#15 5.012 [120/424] Compiling C object libvips/resample/libresample.a.p/affine.c.o
#15 5.015 [121/424] Compiling C object libvips/resample/libresample.a.p/similarity.c.o
#15 5.036 [122/424] Compiling C object libvips/resample/libresample.a.p/reduce.c.o
#15 5.102 [123/424] Compiling C object libvips/resample/libresample.a.p/shrinkv.c.o
#15 5.115 [124/424] Compiling C object libvips/resample/libresample.a.p/thumbnail.c.o
#15 5.176 [125/424] Compiling C object libvips/colour/libcolour.a.p/profile_load.c.o
#15 5.207 [126/424] Compiling C++ object libvips/resample/libresample.a.p/vsqbs.cpp.o
#15 5.216 [127/424] Compiling C object libvips/resample/libresample.a.p/transform.c.o
#15 5.235 [128/424] Compiling C object libvips/colour/libcolour.a.p/colour.c.o
#15 5.264 [129/424] Compiling C object libvips/colour/libcolour.a.p/XYZ2CMYK.c.o
#15 5.277 [130/424] Compiling C object libvips/colour/libcolour.a.p/profiles.c.o
#15 5.282 [131/424] Compiling C++ object libvips/resample/libresample.a.p/reducev.cpp.o
#15 5.285 [132/424] Compiling C object libvips/resample/libresample.a.p/mapim.c.o
#15 5.290 [133/424] Compiling C++ object libvips/resample/libresample.a.p/lbb.cpp.o
#15 5.311 [134/424] Compiling C object libvips/colour/libcolour.a.p/colourspace.c.o
#15 5.312 [135/424] Compiling C++ object libvips/resample/libresample.a.p/reduceh.cpp.o
#15 5.320 [136/424] Compiling C++ object libvips/resample/libresample.a.p/bicubic.cpp.o
#15 5.330 [137/424] Compiling C object libvips/colour/libcolour.a.p/CMYK2XYZ.c.o
#15 5.341 [138/424] Compiling C object libvips/colour/libcolour.a.p/dECMC.c.o
#15 5.396 [139/424] Compiling C object libvips/colour/libcolour.a.p/Lab2LCh.c.o
#15 5.408 [140/424] Compiling C object libvips/colour/libcolour.a.p/LCh2UCS.c.o
#15 5.416 [141/424] Compiling C object libvips/colour/libcolour.a.p/dE76.c.o
#15 5.418 [142/424] Compiling C object libvips/colour/libcolour.a.p/Lab2XYZ.c.o
#15 5.426 [143/424] Compiling C object libvips/colour/libcolour.a.p/Yxy2XYZ.c.o
#15 5.435 [144/424] Compiling C object libvips/colour/libcolour.a.p/XYZ2Yxy.c.o
#15 5.448 [145/424] Compiling C object libvips/colour/libcolour.a.p/dE00.c.o
#15 5.451 [146/424] Compiling C object libvips/resample/libresample.a.p/interpolate.c.o
#15 5.455 [147/424] Compiling C object libvips/colour/libcolour.a.p/LCh2Lab.c.o
#15 5.469 [148/424] Compiling C object libvips/colour/libcolour.a.p/float2rad.c.o
#15 5.484 [149/424] Compiling C object libvips/colour/libcolour.a.p/UCS2LCh.c.o
#15 5.490 [150/424] Compiling C object libvips/colour/libcolour.a.p/rad2float.c.o
#15 5.494 [151/424] Compiling C object libvips/resample/libresample.a.p/shrinkh.c.o
#15 5.506 [152/424] Compiling C object libvips/colour/libcolour.a.p/LabQ2Lab.c.o
#15 5.510 [153/424] Compiling C++ object libvips/resample/libresample.a.p/nohalo.cpp.o
#15 5.511 [154/424] Compiling C object libvips/colour/libcolour.a.p/XYZ2Lab.c.o
#15 5.527 [155/424] Compiling C object libvips/colour/libcolour.a.p/Lab2LabQ.c.o
#15 5.533 [156/424] Compiling C object libvips/colour/libcolour.a.p/LabS2Lab.c.o
#15 5.608 [157/424] Compiling C object libvips/colour/libcolour.a.p/sRGB2scRGB.c.o
#15 5.616 [158/424] Compiling C object libvips/colour/libcolour.a.p/sRGB2HSV.c.o
#15 5.619 [159/424] Compiling C object libvips/colour/libcolour.a.p/LabQ2sRGB.c.o
#15 5.626 [160/424] Compiling C object libvips/colour/libcolour.a.p/HSV2sRGB.c.o
#15 5.627 [161/424] Compiling C object libvips/colour/libcolour.a.p/scRGB2BW.c.o
#15 5.629 [162/424] Compiling C object libvips/colour/libcolour.a.p/XYZ2scRGB.c.o
#15 5.634 [163/424] Compiling C object libvips/colour/libcolour.a.p/LabS2LabQ.c.o
#15 5.635 [164/424] Compiling C object libvips/colour/libcolour.a.p/scRGB2sRGB.c.o
#15 5.638 [165/424] Compiling C object libvips/conversion/libconversion.a.p/switch.c.o
#15 5.650 [166/424] Compiling C object libvips/colour/libcolour.a.p/Lab2LabS.c.o
#15 5.653 [167/424] Compiling C object libvips/colour/libcolour.a.p/LabQ2LabS.c.o
#15 5.654 [168/424] Compiling C object libvips/conversion/libconversion.a.p/transpose3d.c.o
#15 5.716 [169/424] Compiling C object libvips/colour/libcolour.a.p/scRGB2XYZ.c.o
#15 5.724 [170/424] Compiling C object libvips/conversion/libconversion.a.p/gamma.c.o
#15 5.729 [171/424] Compiling C object libvips/conversion/libconversion.a.p/sequential.c.o
#15 5.731 [172/424] Compiling C object libvips/arithmetic/libarithmetic.a.p/relational.c.o
#15 5.739 [173/424] Compiling C object libvips/conversion/libconversion.a.p/smartcrop.c.o
#15 5.761 [174/424] Compiling C object libvips/conversion/libconversion.a.p/cache.c.o
#15 5.770 [175/424] Compiling C object libvips/conversion/libconversion.a.p/conversion.c.o
#15 5.776 [176/424] Compiling C object libvips/colour/libcolour.a.p/icc_transform.c.o
#15 5.875 [177/424] Compiling C object libvips/conversion/libconversion.a.p/unpremultiply.c.o
#15 5.922 [178/424] Compiling C object libvips/conversion/libconversion.a.p/copy.c.o
#15 5.943 [179/424] Compiling C object libvips/conversion/libconversion.a.p/byteswap.c.o
#15 5.960 [180/424] Compiling C object libvips/conversion/libconversion.a.p/flip.c.o
#15 5.992 [181/424] Compiling C object libvips/conversion/libconversion.a.p/premultiply.c.o
#15 6.046 [182/424] Compiling C object libvips/conversion/libconversion.a.p/replicate.c.o
#15 6.075 [183/424] Compiling C object libvips/conversion/libconversion.a.p/tilecache.c.o
#15 6.115 [184/424] Compiling C object libvips/conversion/libconversion.a.p/extract.c.o
#15 6.142 [185/424] Compiling C object libvips/conversion/libconversion.a.p/join.c.o
#15 6.228 [186/424] Compiling C object libvips/conversion/libconversion.a.p/bandunfold.c.o
#15 6.242 [187/424] Compiling C object libvips/conversion/libconversion.a.p/bandfold.c.o
#15 6.290 [188/424] Compiling C object libvips/conversion/libconversion.a.p/arrayjoin.c.o
#15 6.311 [189/424] Compiling C object libvips/conversion/libconversion.a.p/embed.c.o
#15 6.338 [190/424] Compiling C object libvips/conversion/libconversion.a.p/bandmean.c.o
#15 6.354 [191/424] Compiling C object libvips/conversion/libconversion.a.p/recomb.c.o
#15 6.371 [192/424] Compiling C object libvips/conversion/libconversion.a.p/autorot.c.o
#15 6.421 [193/424] Compiling C object libvips/conversion/libconversion.a.p/bandjoin.c.o
#15 6.429 [194/424] Compiling C object libvips/conversion/libconversion.a.p/bandary.c.o
#15 6.437 [195/424] Compiling C object libvips/conversion/libconversion.a.p/flatten.c.o
#15 6.442 [196/424] Compiling C object libvips/conversion/libconversion.a.p/insert.c.o
#15 6.449 [197/424] Compiling C object libvips/conversion/libconversion.a.p/rot.c.o
#15 6.542 [198/424] Compiling C object libvips/conversion/libconversion.a.p/subsample.c.o
#15 6.566 [199/424] Compiling C object libvips/conversion/libconversion.a.p/scale.c.o
#15 6.590 [200/424] Compiling C object libvips/conversion/libconversion.a.p/grid.c.o
#15 6.633 [201/424] Compiling C object libvips/conversion/libconversion.a.p/wrap.c.o
#15 6.638 [202/424] Compiling C object libvips/conversion/libconversion.a.p/msb.c.o
#15 6.646 [203/424] Compiling C object libvips/convolution/libconvolution.a.p/convolution.c.o
#15 6.667 [204/424] Compiling C object libvips/conversion/libconversion.a.p/bandbool.c.o
#15 6.668 [205/424] Compiling C object libvips/conversion/libconversion.a.p/addalpha.c.o
#15 6.704 [206/424] Compiling C object libvips/conversion/libconversion.a.p/bandrank.c.o
#15 6.705 [207/424] Compiling C object libvips/conversion/libconversion.a.p/zoom.c.o
#15 6.711 [208/424] Compiling C object libvips/convolution/libconvolution.a.p/conv.c.o
#15 6.815 [209/424] Compiling C object libvips/convolution/libconvolution.a.p/correlation.c.o
#15 6.819 [210/424] Compiling C object libvips/conversion/libconversion.a.p/falsecolour.c.o
#15 6.872 [211/424] Compiling C object libvips/convolution/libconvolution.a.p/convf.c.o
#15 6.877 [212/424] Compiling C object libvips/conversion/libconversion.a.p/rot45.c.o
#15 6.915 [213/424] Compiling C object libvips/conversion/libconversion.a.p/cast.c.o
#15 6.980 [214/424] Compiling C object libvips/convolution/libconvolution.a.p/compass.c.o
#15 6.984 [215/424] Compiling C object libvips/convolution/libconvolution.a.p/convi.c.o
#15 6.989 [216/424] Compiling C object libvips/convolution/libconvolution.a.p/edge.c.o
#15 6.999 [217/424] Compiling C object libvips/convolution/libconvolution.a.p/canny.c.o
#15 7.022 [218/424] Compiling C object libvips/convolution/libconvolution.a.p/spcor.c.o
#15 7.037 [219/424] Compiling C object libvips/freqfilt/libfreqfilt.a.p/freqfilt.c.o
#15 7.073 [220/424] Compiling C object libvips/freqfilt/libfreqfilt.a.p/invfft.c.o
#15 7.080 [221/424] Compiling C object libvips/convolution/libconvolution.a.p/gaussblur.c.o
#15 7.104 [222/424] Compiling C object libvips/convolution/libconvolution.a.p/fastcor.c.o
#15 7.107 [223/424] Compiling C object libvips/convolution/libconvolution.a.p/sharpen.c.o
#15 7.129 [224/424] Compiling C object libvips/histogram/libhistogram.a.p/histogram.c.o
#15 7.155 [225/424] Compiling C object libvips/convolution/libconvolution.a.p/convsep.c.o
#15 7.160 [226/424] Compiling C object libvips/freqfilt/libfreqfilt.a.p/fwfft.c.o
#15 7.184 [227/424] Compiling C object libvips/freqfilt/libfreqfilt.a.p/spectrum.c.o
#15 7.215 [228/424] Compiling C object libvips/histogram/libhistogram.a.p/case.c.o
#15 7.218 [229/424] Compiling C object libvips/freqfilt/libfreqfilt.a.p/freqmult.c.o
#15 7.221 [230/424] Compiling C object libvips/freqfilt/libfreqfilt.a.p/phasecor.c.o
#15 7.226 [231/424] Compiling C object libvips/histogram/libhistogram.a.p/hist_equal.c.o
#15 7.227 [232/424] Compiling C object libvips/histogram/libhistogram.a.p/hist_cum.c.o
#15 7.234 [233/424] Compiling C object libvips/histogram/libhistogram.a.p/hist_unary.c.o
#15 7.331 [234/424] Compiling C object libvips/histogram/libhistogram.a.p/hist_entropy.c.o
#15 7.343 [235/424] Compiling C object libvips/draw/libdraw.a.p/draw.c.o
#15 7.346 [236/424] Compiling C object libvips/histogram/libhistogram.a.p/hist_norm.c.o
#15 7.348 [237/424] Compiling C object libvips/draw/libdraw.a.p/drawink.c.o
#15 7.378 [238/424] Compiling C object libvips/histogram/libhistogram.a.p/hist_match.c.o
#15 7.435 [239/424] Compiling C object libvips/histogram/libhistogram.a.p/hist_plot.c.o
#15 7.462 [240/424] Compiling C object libvips/histogram/libhistogram.a.p/hist_local.c.o
#15 7.468 [241/424] Compiling C object libvips/draw/libdraw.a.p/draw_circle.c.o
#15 7.510 [242/424] Compiling C object libvips/convolution/libconvolution.a.p/convasep.c.o
#15 7.511 [243/424] Compiling C object libvips/histogram/libhistogram.a.p/hist_ismonotonic.c.o
#15 7.529 [244/424] Compiling C object libvips/histogram/libhistogram.a.p/percent.c.o
#15 7.537 [245/424] Compiling C object libvips/draw/libdraw.a.p/draw_flood.c.o
#15 7.544 [246/424] Compiling C object libvips/iofuncs/libiofuncs.a.p/meson-generated_.._vipsmarshal.c.o
#15 7.602 [247/424] Compiling C object libvips/iofuncs/libiofuncs.a.p/thread.c.o
#15 7.642 [248/424] Compiling C object libvips/histogram/libhistogram.a.p/stdif.c.o
#15 7.655 [249/424] Compiling C object libvips/iofuncs/libiofuncs.a.p/threadpool.c.o
#15 7.657 [250/424] Compiling C object libvips/draw/libdraw.a.p/draw_image.c.o
#15 7.669 [251/424] Compiling C object libvips/iofuncs/libiofuncs.a.p/sourceginput.c.o
#15 7.744 [252/424] Compiling C object libvips/iofuncs/libiofuncs.a.p/threadset.c.o
#15 7.794 [253/424] Compiling C object libvips/iofuncs/libiofuncs.a.p/targetcustom.c.o
#15 7.805 [254/424] Compiling C object libvips/draw/libdraw.a.p/draw_rect.c.o
#15 7.831 [255/424] Compiling C object libvips/iofuncs/libiofuncs.a.p/sourcecustom.c.o
#15 7.866 [256/424] Compiling C object libvips/draw/libdraw.a.p/draw_mask.c.o
#15 7.883 [257/424] Compiling C object libvips/draw/libdraw.a.p/draw_line.c.o
#15 7.894 [258/424] Compiling C object libvips/iofuncs/libiofuncs.a.p/target.c.o
#15 7.904 [259/424] Compiling C object libvips/iofuncs/libiofuncs.a.p/ginputsource.c.o
#15 7.916 [260/424] Compiling C object libvips/iofuncs/libiofuncs.a.p/connection.c.o
#15 7.929 [261/424] Compiling C object libvips/iofuncs/libiofuncs.a.p/reorder.c.o
#15 7.949 [262/424] Compiling C object libvips/draw/libdraw.a.p/draw_smudge.c.o
#15 7.958 [263/424] Compiling C object libvips/convolution/libconvolution.a.p/conva.c.o
#15 7.982 [264/424] Compiling C object libvips/iofuncs/libiofuncs.a.p/gate.c.o
#15 7.983 [265/424] Compiling C++ object libvips/conversion/libconversion.a.p/composite.cpp.o
#15 8.019 [266/424] Compiling C object libvips/iofuncs/libiofuncs.a.p/dbuf.c.o
#15 8.210 [267/424] Compiling C object libvips/iofuncs/libiofuncs.a.p/sbuf.c.o
#15 8.213 [268/424] Compiling C object libvips/iofuncs/libiofuncs.a.p/sink.c.o
#15 8.227 [269/424] Compiling C object libvips/iofuncs/libiofuncs.a.p/sinkmemory.c.o
#15 8.260 [270/424] Compiling C object libvips/iofuncs/libiofuncs.a.p/generate.c.o
#15 8.393 [271/424] Compiling C object libvips/iofuncs/libiofuncs.a.p/source.c.o
#15 8.395 [272/424] Compiling C object libvips/iofuncs/libiofuncs.a.p/sinkdisc.c.o
#15 8.426 [273/424] Compiling C object libvips/iofuncs/libiofuncs.a.p/vips.c.o
#15 8.444 [274/424] Compiling C object libvips/iofuncs/libiofuncs.a.p/sinkscreen.c.o
#15 8.477 [275/424] Compiling C object libvips/conversion/libconversion.a.p/ifthenelse.c.o
#15 8.480 [276/424] Compiling C object libvips/iofuncs/libiofuncs.a.p/cache.c.o
#15 8.501 [277/424] Compiling C object libvips/iofuncs/libiofuncs.a.p/header.c.o
#15 8.515 [278/424] Compiling C object libvips/iofuncs/libiofuncs.a.p/mapfile.c.o
#15 8.530 [279/424] Compiling C++ object libvips/resample/libresample.a.p/reduceh_hwy.cpp.o
#15 8.537 [280/424] Compiling C object libvips/iofuncs/libiofuncs.a.p/error.c.o
#15 8.550 [281/424] Compiling C object libvips/iofuncs/libiofuncs.a.p/memory.c.o
#15 8.556 [282/424] Compiling C object libvips/iofuncs/libiofuncs.a.p/type.c.o
#15 8.568 [283/424] Compiling C object libvips/iofuncs/libiofuncs.a.p/rect.c.o
#15 8.637 [284/424] Compiling C object libvips/iofuncs/libiofuncs.a.p/semaphore.c.o
#15 8.662 [285/424] Compiling C object libvips/iofuncs/libiofuncs.a.p/init.c.o
#15 8.662 [286/424] Compiling C object libvips/iofuncs/libiofuncs.a.p/buffer.c.o
#15 8.681 [287/424] Compiling C object libvips/iofuncs/libiofuncs.a.p/object.c.o
#15 8.682 [288/424] Compiling C object libvips/iofuncs/libiofuncs.a.p/operation.c.o
#15 8.694 [289/424] Compiling C object libvips/morphology/libmorphology.a.p/countlines.c.o
#15 8.732 [290/424] Compiling C object libvips/morphology/libmorphology.a.p/nearest.c.o
#15 8.764 [291/424] Compiling C object libvips/iofuncs/libiofuncs.a.p/buf.c.o
#15 8.783 [292/424] Compiling C object libvips/iofuncs/libiofuncs.a.p/system.c.o
#15 8.845 [293/424] Compiling C object libvips/iofuncs/libiofuncs.a.p/image.c.o
#15 8.888 [294/424] Compiling C object libvips/mosaicing/libmosaicing.a.p/mosaicing.c.o
#15 8.889 [295/424] Compiling C object libvips/mosaicing/libmosaicing.a.p/merge.c.o
#15 8.902 [296/424] Compiling C++ object libvips/resample/libresample.a.p/reducev_hwy.cpp.o
#15 8.907 [297/424] Compiling C object libvips/morphology/libmorphology.a.p/labelregions.c.o
#15 8.931 [298/424] Compiling C object libvips/morphology/libmorphology.a.p/morphology.c.o
#15 8.973 [299/424] Compiling C object libvips/mosaicing/libmosaicing.a.p/match.c.o
#15 8.985 [300/424] Compiling C object libvips/iofuncs/libiofuncs.a.p/util.c.o
#15 9.006 [301/424] Compiling C object libvips/iofuncs/libiofuncs.a.p/window.c.o
#15 9.031 [302/424] Compiling C object libvips/mosaicing/libmosaicing.a.p/mosaic.c.o
#15 9.122 [303/424] Compiling C object libvips/morphology/libmorphology.a.p/morph.c.o
#15 9.127 [304/424] Compiling C object libvips/mosaicing/libmosaicing.a.p/mosaic1.c.o
#15 9.154 [305/424] Compiling C object libvips/mosaicing/libmosaicing.a.p/chkpair.c.o
#15 9.215 [306/424] Compiling C object libvips/mosaicing/libmosaicing.a.p/matrixinvert.c.o
#15 9.319 [307/424] Compiling C object libvips/mosaicing/libmosaicing.a.p/im_tbcalcon.c.o
#15 9.361 [308/424] Compiling C object libvips/mosaicing/libmosaicing.a.p/tbmosaic.c.o
#15 9.414 [309/424] Compiling C object libvips/mosaicing/libmosaicing.a.p/remosaic.c.o
#15 9.637 [310/424] Compiling C object libvips/mosaicing/libmosaicing.a.p/im_initialize.c.o
#15 9.638 [311/424] Compiling C object libvips/histogram/libhistogram.a.p/maplut.c.o
#15 9.638 [312/424] Compiling C object libvips/iofuncs/libiofuncs.a.p/region.c.o
#15 9.639 [313/424] Compiling C object libvips/morphology/libmorphology.a.p/rank.c.o
#15 9.639 [314/424] Compiling C object libvips/mosaicing/libmosaicing.a.p/global_balance.c.o
#15 9.642 [315/424] Compiling C object libvips/mosaicing/libmosaicing.a.p/lrmosaic.c.o
#15 9.647 [316/424] Compiling C object libvips/mosaicing/libmosaicing.a.p/im_improve.c.o
#15 9.648 [317/424] Compiling C object libvips/mosaicing/libmosaicing.a.p/im_lrcalcon.c.o
#15 9.649 [318/424] Compiling C object libvips/create/libcreate.a.p/black.c.o
#15 9.649 [319/424] Compiling C object libvips/create/libcreate.a.p/buildlut.c.o
#15 9.654 [320/424] Compiling C object libvips/mosaicing/libmosaicing.a.p/im_clinear.c.o
#15 9.658 [321/424] Compiling C object libvips/create/libcreate.a.p/create.c.o
#15 ...

#16 [ffmpeg 1/1] RUN apt-get source -qq ffmpeg=7:7.1.5-0+deb13u1 &&     upstream=7.1.5-0+deb13u1 && upstream=${upstream%-*} && revision=0+deb13u1 &&     echo "9ed2ed34cbe7f056eeebbe9045c5e2d15e41b5b053fe7c8ba6979a0b6fb081ce  ffmpeg_7.1.5-0+deb13u1.dsc" | sha256sum -c - &&     cd ffmpeg-${upstream} &&     ./configure --prefix=/opt/ffmpeg --extra-version="${revision}" --toolchain=hardened       --enable-shared --disable-static --disable-doc --disable-ffplay --disable-avdevice       --disable-autodetect --disable-network --disable-hwaccels --disable-devices       --enable-libdav1d --enable-zlib --enable-bzlib --enable-lzma       --disable-encoders --enable-encoder=mjpeg       --disable-muxers --enable-muxer=image2       --disable-protocols --enable-protocol=file,pipe       --disable-filters       --enable-filter=buffer,buffersink,abuffer,abuffersink,format,aformat,null,anull,scale,aresample       --enable-filter=select,loop,trim,transpose,hflip,vflip,rotate,crop &&     make -j"$(nproc)" &&     make install &&     strip --strip-unneeded /opt/ffmpeg/lib/*.so.* /opt/ffmpeg/bin/*
#16 0.917 dpkg-source: info: extracting ffmpeg in ffmpeg-7.1.5
#16 0.917 dpkg-source: info: unpacking ffmpeg_7.1.5.orig.tar.xz
#16 1.540 dpkg-source: info: unpacking ffmpeg_7.1.5-0+deb13u1.debian.tar.xz
#16 1.547 W: Download is performed unsandboxed as root as file 'ffmpeg_7.1.5-0+deb13u1.dsc' couldn't be accessed by user '_apt'. - pkgAcquire::Run (13: Permission denied)
#16 1.548 ffmpeg_7.1.5-0+deb13u1.dsc: OK
#16 5.261 install prefix            /opt/ffmpeg
#16 5.261 source path               .
#16 5.261 C compiler                gcc
#16 5.261 C library                 glibc
#16 5.261 ARCH                      aarch64 (generic)
#16 5.261 version string suffix     0+deb13u1
#16 5.261 big-endian                no
#16 5.261 runtime cpu detection     yes
#16 5.261 NEON enabled              yes
#16 5.261 DOTPROD enabled           yes
#16 5.261 I8MM enabled              yes
#16 5.261 debug symbols             yes
#16 5.261 strip symbols             yes
#16 5.261 optimize for size         no
#16 5.261 optimizations             yes
#16 5.261 static                    no
#16 5.261 shared                    yes
#16 5.261 postprocessing support    no
#16 5.261 network support           no
#16 5.261 threading support         pthreads
#16 5.261 safe bitstream reader     yes
#16 5.261 texi2html enabled         no
#16 5.261 perl enabled              yes
#16 5.261 pod2man enabled           yes
#16 5.261 makeinfo enabled          no
#16 5.261 makeinfo supports HTML    no
#16 5.261 xmllint enabled           no
#16 5.261
#16 5.261 External libraries:
#16 5.266 bzlib                   libdav1d                zlib
#16 5.266 iconv                   lzma
#16 5.267
#16 5.267 External libraries providing hardware acceleration:
#16 5.270
#16 5.270 Libraries:
#16 5.274 avcodec                 avformat                swresample
#16 5.274 avfilter                avutil                  swscale
#16 5.274
#16 5.274 Programs:
#16 5.278 ffmpeg                  ffprobe
#16 5.278
#16 5.278 Enabled decoders:
#16 5.287 aac                     flac                    pgx
#16 5.287 aac_fixed               flashsv                 phm
#16 5.287 aac_latm                flashsv2                photocd
#16 5.287 aasc                    flic                    pictor
#16 5.287 ac3                     flv                     pixlet
#16 5.287 ac3_fixed               fmvc                    pjs
#16 5.287 acelp_kelvin            fourxm                  png
#16 5.287 adpcm_4xm               fraps                   ppm
#16 5.287 adpcm_adx               frwu                    prores
#16 5.287 adpcm_afc               ftr                     prosumer
#16 5.287 adpcm_agm               g2m                     psd
#16 5.287 adpcm_aica              g723_1                  ptx
#16 5.287 adpcm_argo              g729                    qcelp
#16 5.287 adpcm_ct                gdv                     qdm2
#16 5.287 adpcm_dtk               gem                     qdmc
#16 5.287 adpcm_ea                gif                     qdraw
#16 5.287 adpcm_ea_maxis_xa       gremlin_dpcm            qoa
#16 5.287 adpcm_ea_r1             gsm                     qoi
#16 5.287 adpcm_ea_r2             gsm_ms                  qpeg
#16 5.287 adpcm_ea_r3             h261                    qtrle
#16 5.287 adpcm_ea_xas            h263                    r10k
#16 5.287 adpcm_g722              h263i                   r210
#16 5.287 adpcm_g726              h263p                   ra_144
#16 5.287 adpcm_g726le            h264                    ra_288
#16 5.287 adpcm_ima_acorn         hap                     ralf
#16 5.287 adpcm_ima_alp           hca                     rasc
#16 5.287 adpcm_ima_amv           hcom                    rawvideo
#16 5.287 adpcm_ima_apc           hdr                     realtext
#16 5.287 adpcm_ima_apm           hevc                    rka
#16 5.287 adpcm_ima_cunning       hnm4_video              rl2
#16 5.287 adpcm_ima_dat4          hq_hqa                  roq
#16 5.287 adpcm_ima_dk3           hqx                     roq_dpcm
#16 5.287 adpcm_ima_dk4           huffyuv                 rpza
#16 5.287 adpcm_ima_ea_eacs       hymt                    rscc
#16 5.287 adpcm_ima_ea_sead       iac                     rtv1
#16 5.287 adpcm_ima_iss           idcin                   rv10
#16 5.287 adpcm_ima_moflex        idf                     rv20
#16 5.287 adpcm_ima_mtf           iff_ilbm                rv30
#16 5.287 adpcm_ima_oki           ilbc                    rv40
#16 5.287 adpcm_ima_qt            imc                     s302m
#16 5.287 adpcm_ima_rad           imm4                    sami
#16 5.287 adpcm_ima_smjpeg        imm5                    sanm
#16 5.287 adpcm_ima_ssi           indeo2                  sbc
#16 5.287 adpcm_ima_wav           indeo3                  scpr
#16 5.287 adpcm_ima_ws            indeo4                  screenpresso
#16 5.287 adpcm_ms                indeo5                  sdx2_dpcm
#16 5.287 adpcm_mtaf              interplay_acm           sga
#16 5.287 adpcm_psx               interplay_dpcm          sgi
#16 5.287 adpcm_sbpro_2           interplay_video         sgirle
#16 5.287 adpcm_sbpro_3           ipu                     sheervideo
#16 5.287 adpcm_sbpro_4           jacosub                 shorten
#16 5.287 adpcm_swf               jpeg2000                simbiosis_imx
#16 5.287 adpcm_thp               jpegls                  sipr
#16 5.287 adpcm_thp_le            jv                      siren
#16 5.287 adpcm_vima              kgv1                    smackaud
#16 5.287 adpcm_xa                kmvc                    smacker
#16 5.287 adpcm_xmd               lagarith                smc
#16 5.287 adpcm_yamaha            lead                    smvjpeg
#16 5.287 adpcm_zork              libdav1d                snow
#16 5.287 agm                     loco                    sol_dpcm
#16 5.287 aic                     lscr                    sonic
#16 5.287 alac                    m101                    sp5x
#16 5.287 alias_pix               mace3                   speedhq
#16 5.287 als                     mace6                   speex
#16 5.287 amrnb                   magicyuv                srgc
#16 5.287 amrwb                   mdec                    srt
#16 5.287 amv                     media100                ssa
#16 5.287 anm                     metasound               stl
#16 5.287 ansi                    microdvd                subrip
#16 5.287 anull                   mimic                   subviewer
#16 5.287 apac                    misc4                   subviewer1
#16 5.287 ape                     mjpeg                   sunrast
#16 5.287 apng                    mjpegb                  svq1
#16 5.287 aptx                    mlp                     svq3
#16 5.287 aptx_hd                 mmvideo                 tak
#16 5.287 arbc                    mobiclip                targa
#16 5.287 argo                    motionpixels            targa_y216
#16 5.287 ass                     movtext                 tdsc
#16 5.287 asv1                    mp1                     text
#16 5.287 asv2                    mp1float                theora
#16 5.287 atrac1                  mp2                     thp
#16 5.287 atrac3                  mp2float                tiertexseqvideo
#16 5.287 atrac3al                mp3                     tiff
#16 5.287 atrac3p                 mp3adu                  tmv
#16 5.287 atrac3pal               mp3adufloat             truehd
#16 5.287 atrac9                  mp3float                truemotion1
#16 5.287 aura                    mp3on4                  truemotion2
#16 5.287 aura2                   mp3on4float             truemotion2rt
#16 5.287 av1                     mpc7                    truespeech
#16 5.287 avrn                    mpc8                    tscc
#16 5.287 avrp                    mpeg1video              tscc2
#16 5.287 avs                     mpeg2video              tta
#16 5.287 avui                    mpeg4                   twinvq
#16 5.287 bethsoftvid             mpegvideo               txd
#16 5.287 bfi                     mpl2                    ulti
#16 5.287 bink                    msa1                    utvideo
#16 5.287 binkaudio_dct           mscc                    v210
#16 5.287 binkaudio_rdft          msmpeg4v1               v210x
#16 5.287 bintext                 msmpeg4v2               v308
#16 5.287 bitpacked               msmpeg4v3               v408
#16 5.287 bmp                     msnsiren                v410
#16 5.287 bmv_audio               msp2                    vb
#16 5.287 bmv_video               msrle                   vble
#16 5.287 bonk                    mss1                    vbn
#16 5.287 brender_pix             mss2                    vc1
#16 5.287 c93                     msvideo1                vc1image
#16 5.287 cavs                    mszh                    vcr1
#16 5.287 cbd2_dpcm               mts2                    vmdaudio
#16 5.287 ccaption                mv30                    vmdvideo
#16 5.287 cdgraphics              mvc1                    vmix
#16 5.287 cdtoons                 mvc2                    vmnc
#16 5.287 cdxl                    mvdv                    vnull
#16 5.287 cfhd                    mvha                    vorbis
#16 5.287 cinepak                 mwsc                    vp3
#16 5.287 clearvideo              mxpeg                   vp4
#16 5.287 cljr                    nellymoser              vp5
#16 5.287 cllc                    notchlc                 vp6
#16 5.287 comfortnoise            nuv                     vp6a
#16 5.287 cook                    on2avc                  vp6f
#16 5.287 cpia                    opus                    vp7
#16 5.287 cri                     osq                     vp8
#16 5.287 cscd                    paf_audio               vp9
#16 5.287 cyuv                    paf_video               vplayer
#16 5.287 dca                     pam                     vqa
#16 5.287 dds                     pbm                     vqc
#16 5.287 derf_dpcm               pcm_alaw                vvc
#16 5.287 dfa                     pcm_bluray              wady_dpcm
#16 5.287 dfpwm                   pcm_dvd                 wavarc
#16 5.287 dirac                   pcm_f16le               wavpack
#16 5.287 dnxhd                   pcm_f24le               wbmp
#16 5.287 dolby_e                 pcm_f32be               wcmv
#16 5.287 dpx                     pcm_f32le               webp
#16 5.287 dsd_lsbf                pcm_f64be               webvtt
#16 5.287 dsd_lsbf_planar         pcm_f64le               wmalossless
#16 5.287 dsd_msbf                pcm_lxf                 wmapro
#16 5.287 dsd_msbf_planar         pcm_mulaw               wmav1
#16 5.287 dsicinaudio             pcm_s16be               wmav2
#16 5.287 dsicinvideo             pcm_s16be_planar        wmavoice
#16 5.287 dss_sp                  pcm_s16le               wmv1
#16 5.287 dst                     pcm_s16le_planar        wmv2
#16 5.287 dvaudio                 pcm_s24be               wmv3
#16 5.287 dvbsub                  pcm_s24daud             wmv3image
#16 5.287 dvdsub                  pcm_s24le               wnv1
#16 5.287 dvvideo                 pcm_s24le_planar        wrapped_avframe
#16 5.287 dxa                     pcm_s32be               ws_snd1
#16 5.287 dxtory                  pcm_s32le               xan_dpcm
#16 5.287 dxv                     pcm_s32le_planar        xan_wc3
#16 5.287 eac3                    pcm_s64be               xan_wc4
#16 5.287 eacmv                   pcm_s64le               xbin
#16 5.287 eamad                   pcm_s8                  xbm
#16 5.287 eatgq                   pcm_s8_planar           xface
#16 5.287 eatgv                   pcm_sga                 xl
#16 5.287 eatqi                   pcm_u16be               xma1
#16 5.287 eightbps                pcm_u16le               xma2
#16 5.287 eightsvx_exp            pcm_u24be               xpm
#16 5.287 eightsvx_fib            pcm_u24le               xsub
#16 5.287 escape124               pcm_u32be               xwd
#16 5.287 escape130               pcm_u32le               y41p
#16 5.287 evrc                    pcm_u8                  ylc
#16 5.287 exr                     pcm_vidc                yop
#16 5.287 fastaudio               pcx                     yuv4
#16 5.287 ffv1                    pdv                     zero12v
#16 5.287 ffvhuff                 pfm                     zerocodec
#16 5.287 ffwavesynth             pgm                     zlib
#16 5.287 fic                     pgmyuv                  zmbv
#16 5.287 fits                    pgssub
#16 5.288
#16 5.288 Enabled encoders:
#16 5.297 mjpeg
#16 5.297
#16 5.297 Enabled hwaccels:
#16 5.304
#16 5.304 Enabled parsers:
#16 5.311 aac                     dvdsub                  mpegaudio
#16 5.311 aac_latm                evc                     mpegvideo
#16 5.311 ac3                     flac                    opus
#16 5.311 adx                     ftr                     png
#16 5.311 amr                     g723_1                  pnm
#16 5.311 av1                     g729                    qoi
#16 5.311 avs2                    gif                     rv34
#16 5.311 avs3                    gsm                     sbc
#16 5.311 bmp                     h261                    sipr
#16 5.311 cavsvideo               h263                    tak
#16 5.311 cook                    h264                    vc1
#16 5.311 cri                     hdr                     vorbis
#16 5.311 dca                     hevc                    vp3
#16 5.311 dirac                   ipu                     vp8
#16 5.311 dnxhd                   jpeg2000                vp9
#16 5.311 dolby_e                 jpegxl                  vvc
#16 5.311 dpx                     misc4                   webp
#16 5.311 dvaudio                 mjpeg                   xbm
#16 5.311 dvbsub                  mlp                     xma
#16 5.311 dvd_nav                 mpeg4video              xwd
#16 5.313
#16 5.313 Enabled demuxers:
#16 5.328 aa                      idcin                   pcm_f64le
#16 5.328 aac                     idf                     pcm_mulaw
#16 5.328 aax                     iff                     pcm_s16be
#16 5.328 ac3                     ifv                     pcm_s16le
#16 5.328 ac4                     ilbc                    pcm_s24be
#16 5.328 ace                     image2                  pcm_s24le
#16 5.328 acm                     image2_alias_pix        pcm_s32be
#16 5.328 act                     image2_brender_pix      pcm_s32le
#16 5.328 adf                     image2pipe              pcm_s8
#16 5.328 adp                     image_bmp_pipe          pcm_u16be
#16 5.328 ads                     image_cri_pipe          pcm_u16le
#16 5.328 adx                     image_dds_pipe          pcm_u24be
#16 5.328 aea                     image_dpx_pipe          pcm_u24le
#16 5.328 afc                     image_exr_pipe          pcm_u32be
#16 5.328 aiff                    image_gem_pipe          pcm_u32le
#16 5.328 aix                     image_gif_pipe          pcm_u8
#16 5.328 alp                     image_hdr_pipe          pcm_vidc
#16 5.328 amr                     image_j2k_pipe          pdv
#16 5.328 amrnb                   image_jpeg_pipe         pjs
#16 5.328 amrwb                   image_jpegls_pipe       pmp
#16 5.328 anm                     image_jpegxl_pipe       pp_bnk
#16 5.328 apac                    image_pam_pipe          pva
#16 5.328 apc                     image_pbm_pipe          pvf
#16 5.328 ape                     image_pcx_pipe          qcp
#16 5.328 apm                     image_pfm_pipe          qoa
#16 5.328 apng                    image_pgm_pipe          r3d
#16 5.328 aptx                    image_pgmyuv_pipe       rawvideo
#16 5.328 aptx_hd                 image_pgx_pipe          rcwt
#16 5.328 aqtitle                 image_phm_pipe          realtext
#16 5.328 argo_asf                image_photocd_pipe      redspark
#16 5.328 argo_brp                image_pictor_pipe       rka
#16 5.328 argo_cvg                image_png_pipe          rl2
#16 5.328 asf                     image_ppm_pipe          rm
#16 5.328 asf_o                   image_psd_pipe          roq
#16 5.328 ass                     image_qdraw_pipe        rpl
#16 5.328 ast                     image_qoi_pipe          rsd
#16 5.328 au                      image_sgi_pipe          rso
#16 5.328 av1                     image_sunrast_pipe      s337m
#16 5.328 avi                     image_svg_pipe          sami
#16 5.328 avr                     image_tiff_pipe         sbc
#16 5.328 avs                     image_vbn_pipe          sbg
#16 5.328 avs2                    image_webp_pipe         scc
#16 5.328 avs3                    image_xbm_pipe          scd
#16 5.328 bethsoftvid             image_xpm_pipe          sdns
#16 5.328 bfi                     image_xwd_pipe          sdr2
#16 5.328 bfstm                   ingenient               sds
#16 5.328 bink                    ipmovie                 sdx
#16 5.328 binka                   ipu                     segafilm
#16 5.328 bintext                 ircam                   ser
#16 5.328 bit                     iss                     sga
#16 5.328 bitpacked               iv8                     shorten
#16 5.328 bmv                     ivf                     siff
#16 5.328 boa                     ivr                     simbiosis_imx
#16 5.328 bonk                    jacosub                 sln
#16 5.328 brstm                   jpegxl_anim             smacker
#16 5.328 c93                     jv                      smjpeg
#16 5.328 caf                     kux                     smush
#16 5.328 cavsvideo               kvag                    sol
#16 5.328 cdg                     laf                     sox
#16 5.328 cdxl                    lc3                     spdif
#16 5.328 cine                    live_flv                srt
#16 5.328 codec2                  lmlm4                   stl
#16 5.328 codec2raw               loas                    str
#16 5.328 concat                  lrc                     subviewer
#16 5.328 data                    luodat                  subviewer1
#16 5.328 daud                    lvf                     sup
#16 5.328 dcstr                   lxf                     svag
#16 5.328 derf                    m4v                     svs
#16 5.328 dfa                     matroska                swf
#16 5.328 dfpwm                   mca                     tak
#16 5.328 dhav                    mcc                     tedcaptions
#16 5.328 dirac                   mgsts                   thp
#16 5.328 dnxhd                   microdvd                threedostr
#16 5.328 dsf                     mjpeg                   tiertexseq
#16 5.328 dsicin                  mjpeg_2000              tmv
#16 5.328 dss                     mlp                     truehd
#16 5.328 dts                     mlv                     tta
#16 5.328 dtshd                   mm                      tty
#16 5.328 dv                      mmf                     txd
#16 5.328 dvbsub                  mods                    ty
#16 5.328 dvbtxt                  moflex                  usm
#16 5.328 dxa                     mov                     v210
#16 5.328 ea                      mp3                     v210x
#16 5.328 ea_cdata                mpc                     vag
#16 5.328 eac3                    mpc8                    vc1
#16 5.328 epaf                    mpegps                  vc1t
#16 5.328 evc                     mpegts                  vividas
#16 5.328 ffmetadata              mpegtsraw               vivo
#16 5.328 filmstrip               mpegvideo               vmd
#16 5.328 fits                    mpjpeg                  vobsub
#16 5.328 flac                    mpl2                    voc
#16 5.328 flic                    mpsub                   vpk
#16 5.328 flv                     msf                     vplayer
#16 5.328 fourxm                  msnwc_tcp               vqf
#16 5.328 frm                     msp                     vvc
#16 5.328 fsb                     mtaf                    w64
#16 5.328 fwse                    mtv                     wady
#16 5.328 g722                    musx                    wav
#16 5.328 g723_1                  mv                      wavarc
#16 5.328 g726                    mvi                     wc3
#16 5.328 g726le                  mxf                     webm_dash_manifest
#16 5.328 g729                    mxg                     webvtt
#16 5.328 gdv                     nc                      wsaud
#16 5.328 genh                    nistsphere              wsd
#16 5.328 gif                     nsp                     wsvqa
#16 5.328 gsm                     nsv                     wtv
#16 5.328 gxf                     nut                     wv
#16 5.328 h261                    nuv                     wve
#16 5.328 h263                    obu                     xa
#16 5.328 h264                    ogg                     xbin
#16 5.328 hca                     oma                     xmd
#16 5.328 hcom                    osq                     xmv
#16 5.328 hevc                    paf                     xvag
#16 5.328 hls                     pcm_alaw                xwma
#16 5.328 hnm                     pcm_f32be               yop
#16 5.328 iamf                    pcm_f32le               yuv4mpegpipe
#16 5.328 ico                     pcm_f64be
#16 5.329
#16 5.329 Enabled muxers:
#16 5.335 image2
#16 5.336
#16 5.336 Enabled protocols:
#16 5.346 file                    pipe
#16 5.347
#16 5.347 Enabled filters:
#16 5.361 aformat                 format                  scale
#16 5.361 anull                   hflip                   select
#16 5.361 aresample               loop                    transpose
#16 5.361 atrim                   null                    trim
#16 5.361 crop                    rotate                  vflip
#16 5.363
#16 5.363 Enabled bsfs:
#16 5.370 aac_adtstoasc           h264_mp4toannexb        pcm_rechunk
#16 5.370 av1_frame_merge         h264_redundant_pps      pgs_frame_merge
#16 5.370 av1_frame_split         hapqa_extract           prores_metadata
#16 5.370 av1_metadata            hevc_metadata           remove_extradata
#16 5.370 chomp                   hevc_mp4toannexb        setts
#16 5.370 dca_core                imx_dump_header         showinfo
#16 5.370 dovi_rpu                media100_to_mjpegb      text2movsub
#16 5.370 dts2pts                 mjpeg2jpeg              trace_headers
#16 5.370 dump_extradata          mjpega_dump_header      truehd_core
#16 5.370 dv_error_marker         mov2textsub             vp9_metadata
#16 5.370 eac3_core               mpeg2_metadata          vp9_raw_reorder
#16 5.370 evc_frame_merge         mpeg4_unpack_bframes    vp9_superframe
#16 5.370 extract_extradata       noise                   vp9_superframe_split
#16 5.370 filter_units            null                    vvc_metadata
#16 5.370 h264_metadata           opus_metadata           vvc_mp4toannexb
#16 5.370
#16 5.370 Enabled indevs:
#16 5.377
#16 5.377 Enabled outdevs:
#16 5.380
#16 5.380 License: LGPL version 2.1 or later
#16 5.627 GEN	libavfilter/libavfilter.version
#16 5.627 GEN	libavformat/libavformat.version
#16 5.632 GEN	libavcodec/libavcodec.version
#16 5.636 GEN	libswresample/libswresample.version
#16 5.637 GEN	libswscale/libswscale.version
#16 5.640 GEN	libavutil/libavutil.version
#16 5.762 CC	libavfilter/af_aformat.o
#16 5.762 CC	libavfilter/af_anull.o
#16 5.764 CC	libavfilter/af_aresample.o
#16 5.768 CC	libavfilter/allfilters.o
#16 5.775 CC	libavfilter/avfiltergraph.o
#16 5.775 CC	libavfilter/audio.o
#16 5.776 CC	libavfilter/avfilter.o
#16 5.778 CC	libavfilter/buffersink.o
#16 5.780 CC	libavfilter/buffersrc.o
#16 5.784 CC	libavfilter/ccfifo.o
#16 5.785 CC	libavfilter/colorspace.o
#16 5.788 CC	libavfilter/f_loop.o
#16 5.791 CC	libavfilter/drawutils.o
#16 5.797 CC	libavfilter/f_select.o
#16 5.802 CC	libavfilter/formats.o
#16 5.806 CC	libavfilter/framepool.o
#16 5.810 CC	libavfilter/framequeue.o
#16 5.812 CC	libavfilter/framesync.o
#16 5.817 CC	libavfilter/graphdump.o
#16 5.845 CC	libavfilter/graphparser.o
#16 5.846 CC	libavfilter/pthread.o
#16 5.848 CC	libavfilter/scale_eval.o
#16 5.881 CC	libavfilter/scene_sad.o
#16 5.889 CC	libavfilter/trim.o
#16 5.896 CC	libavfilter/version.o
#16 5.906 CC	libavfilter/vf_crop.o
#16 5.910 CC	libavfilter/vf_format.o
#16 5.917 CC	libavfilter/vf_hflip.o
#16 5.930 CC	libavfilter/vf_null.o
#16 5.941 CC	libavfilter/vf_rotate.o
#16 5.952 CC	libavfilter/vf_scale.o
#16 5.954 CC	libavfilter/vf_transpose.o
#16 5.960 CC	libavfilter/vf_vflip.o
#16 5.967 CC	libavfilter/video.o
#16 5.988 CC	libavfilter/log2_tab.o
#16 5.998 AS	libswscale/aarch64/hscale.o
#16 6.002 AS	libswscale/aarch64/input.o
#16 6.003 AS	libswscale/aarch64/output.o
#16 6.018 AS	libswscale/aarch64/range_convert_neon.o
#16 6.020 CC	libswscale/aarch64/rgb2rgb.o
#16 6.026 AS	libswscale/aarch64/rgb2rgb_neon.o
#16 6.035 CC	libswscale/aarch64/swscale.o
#16 6.038 CC	libswscale/aarch64/swscale_unscaled.o
#16 6.040 AS	libswscale/aarch64/swscale_unscaled_neon.o
#16 6.049 AS	libswscale/aarch64/yuv2rgb_neon.o
#16 6.052 CC	libswscale/alphablend.o
#16 6.060 CC	libswscale/gamma.o
#16 6.076 CC	libswscale/half2float.o
#16 6.081 CC	libswscale/hscale.o
#16 6.088 CC	libswscale/hscale_fast_bilinear.o
#16 6.089 CC	libswscale/input.o
#16 6.093 CC	libswscale/options.o
#16 6.182 CC	libswscale/output.o
#16 6.244 CC	libswscale/rgb2rgb.o
#16 6.264 CC	libswscale/slice.o
#16 6.337 CC	libswscale/swscale.o
#16 6.446 CC	libswscale/swscale_unscaled.o
#16 6.452 CC	libswscale/utils.o
#16 6.457 CC	libswscale/version.o
#16 6.471 CC	libswscale/vscale.o
#16 6.485 CC	libswscale/yuv2rgb.o
#16 6.576 CC	libswscale/log2_tab.o
#16 6.595 CC	libavutil/aarch64/cpu.o
#16 6.622 CC	libavutil/aarch64/float_dsp_init.o
#16 6.713 AS	libavutil/aarch64/float_dsp_neon.o
#16 6.727 CC	libavutil/aarch64/tx_float_init.o
#16 6.741 AS	libavutil/aarch64/tx_float_neon.o
#16 6.742 CC	libavutil/adler32.o
#16 6.757 libswscale/utils.c: In function 'sws_init_single_context':
#16 6.757 libswscale/utils.c:1422:5: warning: ISO C90 forbids mixed declarations and code [-Wdeclaration-after-statement]
#16 6.757  1422 |     int64_t lumXInc      = (((int64_t)srcW << 16) + (dstW >> 1)) / dstW;
#16 6.757       |     ^~~~~~~
#16 6.758 libswscale/utils.c:1594:5: warning: ISO C90 forbids mixed declarations and code [-Wdeclaration-after-statement]
#16 6.758  1594 |     int64_t chrXInc = (((int64_t)c->chrSrcW << 16) + (c->chrDstW >> 1)) / c->chrDstW;
#16 6.758       |     ^~~~~~~
#16 6.760 libswscale/utils.c:1916:9: warning: ISO C90 forbids mixed declarations and code [-Wdeclaration-after-statement]
#16 6.760  1916 |         int usecascade = (ret == RETCODE_USE_CASCADE);
#16 6.760       |         ^~~
#16 6.785 CC	libavutil/aes.o
#16 6.816 CC	libavutil/aes_ctr.o
#16 6.849 CC	libavutil/ambient_viewing_environment.o
#16 6.874 CC	libavutil/audio_fifo.o
#16 6.881 CC	libavutil/avsscanf.o
#16 6.887 CC	libavutil/avstring.o
#16 6.887 CC	libavutil/base64.o
#16 6.903 CC	libavutil/blowfish.o
#16 7.074 CC	libavutil/bprint.o
#16 7.087 CC	libavutil/buffer.o
#16 7.106 CC	libavutil/camellia.o
#16 7.136 CC	libavutil/cast5.o
#16 7.139 CC	libavutil/channel_layout.o
#16 7.160 CC	libavutil/cpu.o
#16 7.246 CC	libavutil/crc.o
#16 7.304 CC	libavutil/csp.o
#16 7.311 CC	libavutil/des.o
#16 7.323 CC	libavutil/detection_bbox.o
#16 7.333 CC	libavutil/dict.o
#16 7.386 CC	libavutil/display.o
#16 7.447 CC	libavutil/dovi_meta.o
#16 7.465 CC	libavutil/downmix_info.o
#16 7.486 CC	libavutil/encryption_info.o
#16 7.512 CC	libavutil/error.o
#16 7.515 CC	libavutil/eval.o
#16 7.570 libavutil/eval.c: In function 'make_eval_expr':
#16 7.570 libavutil/eval.c:546:5: warning: ISO C90 forbids mixed declarations and code [-Wdeclaration-after-statement]
#16 7.570   546 |     AVExpr *e = av_mallocz(sizeof(AVExpr));
#16 7.570       |     ^~~~~~
#16 7.594 CC	libavutil/executor.o
#16 7.603 CC	libavutil/fifo.o
#16 7.669 CC	libavutil/file.o
#16 7.727 CC	libavutil/file_open.o
#16 7.734 CC	libavutil/film_grain_params.o
#16 7.739 CC	libavutil/fixed_dsp.o
#16 7.756 CC	libavutil/float_dsp.o
#16 7.760 CC	libavutil/frame.o
#16 7.787 CC	libavutil/hash.o
#16 7.801 CC	libavutil/hdr_dynamic_metadata.o
#16 7.802 CC	libavutil/hdr_dynamic_vivid_metadata.o
#16 7.805 CC	libavutil/hmac.o
#16 7.855 CC	libavutil/hwcontext.o
#16 7.875 CC	libavutil/hwcontext_stub.o
#16 7.901 CC	libavutil/iamf.o
#16 7.911 CC	libavutil/imgutils.o
#16 7.951 CC	libavutil/integer.o
#16 7.985 CC	libavutil/intmath.o
#16 8.020 CC	libavutil/lfg.o
#16 8.028 CC	libavutil/lls.o
#16 8.056 CC	libavutil/log.o
#16 8.061 CC	libavutil/log2_tab.o
#16 8.089 CC	libavutil/lzo.o
#16 8.104 CC	libavutil/mastering_display_metadata.o
#16 8.126 CC	libavutil/mathematics.o
#16 8.172 CC	libavutil/md5.o
#16 8.190 CC	libavutil/mem.o
#16 8.195 CC	libavutil/murmur3.o
#16 8.218 CC	libavutil/opt.o
#16 8.266 CC	libavutil/parseutils.o
#16 8.271 CC	libavutil/pixdesc.o
#16 8.401 CC	libavutil/pixelutils.o
#16 8.416 CC	libavutil/random_seed.o
#16 8.417 CC	libavutil/rational.o
#16 8.430 CC	libavutil/rc4.o
#16 8.508 CC	libavutil/reverse.o
#16 8.515 CC	libavutil/ripemd.o
#16 8.552 CC	libavutil/samplefmt.o
#16 8.568 CC	libavutil/sha.o
#16 8.664 CC	libavutil/sha512.o
#16 8.699 CC	libavutil/slicethread.o
#16 8.747 CC	libavutil/spherical.o
#16 8.779 CC	libavutil/stereo3d.o
#16 8.820 CC	libavutil/tea.o
#16 8.824 CC	libavutil/threadmessage.o
#16 8.838 CC	libavutil/time.o
#16 8.844 CC	libavutil/timecode.o
#16 8.873 CC	libavutil/timestamp.o
#16 8.929 CC	libavutil/tree.o
#16 8.959 CC	libavutil/twofish.o
#16 8.976 CC	libavutil/tx.o
#16 9.001 CC	libavutil/tx_double.o
#16 9.007 CC	libavutil/tx_float.o
#16 9.009 CC	libavutil/tx_int32.o
#16 9.049 CC	libavutil/utils.o
#16 9.060 CC	libavutil/uuid.o
#16 9.066 CC	libavutil/version.o
#16 9.103 CC	libavutil/video_enc_params.o
#16 9.105 CC	libavutil/video_hint.o
#16 9.140 CC	libavutil/xga_font_data.o
#16 9.145 CC	libavutil/xtea.o
#16 9.146 CC	libswresample/aarch64/audio_convert_init.o
#16 9.158 AS	libswresample/aarch64/audio_convert_neon.o
#16 9.176 AS	libswresample/aarch64/resample.o
#16 9.187 CC	libswresample/aarch64/resample_init.o
#16 9.236 CC	libswresample/audioconvert.o
#16 9.243 CC	libswresample/dither.o
#16 9.248 CC	libswresample/options.o
#16 9.269 CC	libswresample/rematrix.o
#16 9.281 CC	libswresample/resample.o
#16 9.382 CC	libswresample/resample_dsp.o
#16 9.436 CC	libswresample/swresample.o
#16 9.563 CC	libswresample/swresample_frame.o
#16 9.620 CC	libswresample/version.o
#16 9.659 CC	libswresample/log2_tab.o
#16 9.681 GEN	libavfilter/libavfilter.pc
#16 9.715 CC	libavformat/3dostr.o
#16 9.747 CC	libavformat/4xm.o
#16 9.752 CC	libavformat/aacdec.o
#16 9.792 CC	libavformat/aadec.o
#16 9.810 CC	libavformat/aaxdec.o
#16 9.869 CC	libavformat/ac3dec.o
#16 9.951 CC	libavformat/ac4dec.o
#16 9.967 CC	libavformat/acedec.o
#16 9.976 CC	libavformat/acm.o
#16 10.01 CC	libavformat/act.o
#16 10.04 CC	libavformat/adp.o
#16 10.04 CC	libavformat/ads.o
#16 10.05 CC	libavformat/adxdec.o
#16 10.06 CC	libavformat/aeadec.o
#16 10.08 CC	libavformat/afc.o
#16 10.14 CC	libavformat/aiff.o
#16 ...

#15 [vips 1/1] RUN apt-get source -qq vips=8.16.1-1+deb13u1 &&     echo "60205e00d061b9d8072938e04899f2ca2fdac0513068e561d33f7c87fae1ae2e  vips_8.16.1-1+deb13u1.dsc" | sha256sum -c - &&     cd vips-8.16.1 &&     eval "$(DEB_BUILD_MAINT_OPTIONS=hardening=+all dpkg-buildflags --export=sh)" &&     meson setup build --buildtype=plain --wrap-mode=nodownload --prefix=/opt/vips --libdir=lib       --auto-features=disabled -Dmodules=disabled -Dintrospection=disabled -Dcplusplus=false       -Ddeprecated=false -Dexamples=false       -Djpeg=enabled -Dspng=enabled -Dpng=enabled -Dwebp=enabled -Dtiff=enabled -Dheif=enabled       -Dexif=enabled -Dlcms=enabled -Dcgif=enabled -Dimagequant=enabled -Dhighway=enabled       -Dzlib=enabled &&     meson install -C build --strip
#15 10.08 [322/424] Compiling C++ object libvips/iofuncs/libiofuncs.a.p/vector.cpp.o
#15 10.09 [323/424] Compiling C object libvips/mosaicing/libmosaicing.a.p/lrmerge.c.o
#15 10.09 [324/424] Compiling C object libvips/mosaicing/libmosaicing.a.p/tbmerge.c.o
#15 10.10 [325/424] Compiling C object libvips/mosaicing/libmosaicing.a.p/im_avgdxdy.c.o
#15 10.10 [326/424] Compiling C object libvips/create/libcreate.a.p/eye.c.o
#15 10.11 [327/424] Compiling C object libvips/create/libcreate.a.p/fractsurf.c.o
#15 10.11 [328/424] Compiling C object libvips/create/libcreate.a.p/gaussmat.c.o
#15 10.11 [329/424] Compiling C object libvips/create/libcreate.a.p/gaussnoise.c.o
#15 10.11 [330/424] Compiling C object libvips/create/libcreate.a.p/grey.c.o
#15 10.12 [331/424] Compiling C object libvips/create/libcreate.a.p/identity.c.o
#15 10.12 [332/424] Compiling C object libvips/create/libcreate.a.p/invertlut.c.o
#15 10.12 [333/424] Compiling C object libvips/create/libcreate.a.p/logmat.c.o
#15 10.12 [334/424] Compiling C object libvips/create/libcreate.a.p/mask_butterworth_band.c.o
#15 10.13 [335/424] Compiling C object libvips/create/libcreate.a.p/mask_butterworth.c.o
#15 10.13 [336/424] Compiling C object libvips/create/libcreate.a.p/mask_butterworth_ring.c.o
#15 10.19 [337/424] Compiling C object libvips/create/libcreate.a.p/mask_ideal_band.c.o
#15 10.20 [338/424] Compiling C object libvips/create/libcreate.a.p/mask_ideal.c.o
#15 10.20 [339/424] Linking static target libvips/foreign/libnsgif/libnsgif.a
#15 10.21 [340/424] Linking static target libvips/foreign/libforeign.a
#15 10.22 [341/424] Compiling C object libvips/create/libcreate.a.p/point.c.o
#15 10.22 [342/424] Linking static target libvips/arithmetic/libarithmetic.a
#15 10.22 [343/424] Compiling C object libvips/create/libcreate.a.p/mask_ideal_ring.c.o
#15 10.22 [344/424] Linking static target libvips/resample/libresample.a
#15 10.22 [345/424] Linking static target libvips/colour/libcolour.a
#15 10.23 [346/424] Linking static target libvips/conversion/libconversion.a
#15 10.23 [347/424] Linking static target libvips/freqfilt/libfreqfilt.a
#15 10.23 [348/424] Linking static target libvips/histogram/libhistogram.a
#15 10.23 [349/424] Linking static target libvips/draw/libdraw.a
#15 10.24 [350/424] Linking static target libvips/iofuncs/libiofuncs.a
#15 10.24 [351/424] Linking static target libvips/mosaicing/libmosaicing.a
#15 10.26 [352/424] Compiling C object libvips/create/libcreate.a.p/tonelut.c.o
#15 10.26 [353/424] Compiling C object libvips/create/libcreate.a.p/sdf.c.o
#15 10.28 [354/424] Compiling C object libvips/create/libcreate.a.p/perlin.c.o
#15 10.30 [355/424] Compiling C object libvips/create/libcreate.a.p/zone.c.o
#15 10.30 [356/424] Compiling C object libvips/create/libcreate.a.p/mask_gaussian.c.o
#15 10.31 [357/424] Compiling C object libvips/create/libcreate.a.p/mask.c.o
#15 10.31 [358/424] Compiling C object libvips/create/libcreate.a.p/mask_gaussian_band.c.o
#15 10.32 [359/424] Compiling C object libvips/create/libcreate.a.p/mask_fractal.c.o
#15 10.32 [360/424] Compiling C object libvips/create/libcreate.a.p/sines.c.o
#15 10.33 [361/424] Compiling C object libvips/create/libcreate.a.p/mask_gaussian_ring.c.o
#15 10.37 [362/424] Compiling C object libvips/create/libcreate.a.p/worley.c.o
#15 10.41 [363/424] Compiling C object libvips/create/libcreate.a.p/text.c.o
#15 10.45 [364/424] Compiling C object libvips/create/libcreate.a.p/xyz.c.o
#15 10.45 [365/424] Linking static target libvips/create/libcreate.a
#15 10.49 [366/424] Compiling C object tools/vipsedit.p/vipsedit.c.o
#15 10.49 [367/424] Compiling C object test/test_timeout_webpsave.p/test_timeout_webpsave.c.o
#15 10.50 [368/424] Compiling C object tools/vips.p/vips.c.o
#15 10.52 [369/424] Compiling C++ object fuzz/mosaic_fuzzer.p/mosaic_fuzzer.cc.o
#15 10.53 [370/424] Compiling C object test/test_descriptors.p/test_descriptors.c.o
#15 10.55 [371/424] Compiling C object test/test_timeout_gifsave.p/test_timeout_gifsave.c.o
#15 10.60 [372/424] Compiling C object test/test_token.p/test_token.c.o
#15 10.63 [373/424] Compiling C++ object fuzz/thumbnail_fuzzer.p/thumbnail_fuzzer.cc.o
#15 10.68 [374/424] Compiling C object libvips/libvips.so.42.18.1.p/meson-generated_.._include_vips_enumtypes.c.o
#15 10.68 [375/424] Compiling C++ object fuzz/sharpen_fuzzer.p/sharpen_fuzzer.cc.o
#15 10.68 [376/424] Compiling C++ object fuzz/smartcrop_fuzzer.p/smartcrop_fuzzer.cc.o
#15 10.68 [377/424] Compiling C++ object fuzz/rawsave_buffer_fuzzer.p/generic_buffer_fuzzer.cc.o
#15 10.68 [378/424] Compiling C++ object fuzz/ppmsave_buffer_fuzzer.p/generic_buffer_fuzzer.cc.o
#15 10.68 [379/424] Compiling C object tools/vipsthumbnail.p/vipsthumbnail.c.o
#15 10.69 [380/424] Compiling C++ object fuzz/matrixsave_buffer_fuzzer.p/generic_buffer_fuzzer.cc.o
#15 10.69 [381/424] Compiling C++ object fuzz/radsave_buffer_fuzzer.p/generic_buffer_fuzzer.cc.o
#15 10.73 [382/424] Compiling C object tools/vipsheader.p/vipsheader.c.o
#15 10.75 [383/424] Compiling C++ object fuzz/tiffsave_buffer_fuzzer.p/generic_buffer_fuzzer.cc.o
#15 10.78 [384/424] Compiling C++ object fuzz/pngsave_buffer_fuzzer.p/generic_buffer_fuzzer.cc.o
#15 10.81 [385/424] Compiling C++ object fuzz/jpegsave_buffer_fuzzer.p/generic_buffer_fuzzer.cc.o
#15 10.82 [386/424] Compiling C++ object fuzz/webpsave_buffer_fuzzer.p/generic_buffer_fuzzer.cc.o
#15 10.82 [387/424] Compiling C++ object fuzz/generic_buffer_with_args_fuzzer.p/generic_buffer_with_args_fuzzer.cc.o
#15 10.86 [388/424] Compiling C++ object fuzz/jpegsave_file_fuzzer.p/jpegsave_file_fuzzer.cc.o
#15 10.86 [389/424] Compiling C++ object fuzz/csvsave_buffer_fuzzer.p/generic_buffer_fuzzer.cc.o
#15 10.86 [390/424] Compiling C object test/test_connections.p/test_connections.c.o
#15 10.89 [391/424] Compiling C++ object fuzz/gifsave_buffer_fuzzer.p/generic_buffer_fuzzer.cc.o
#15 10.90 [392/424] Compiling C++ object fuzz/heifsave_buffer_fuzzer.p/generic_buffer_fuzzer.cc.o
#15 11.19 [393/424] Compiling C++ object libvips/convolution/libconvolution.a.p/convi_hwy.cpp.o
#15 11.19 [394/424] Linking static target libvips/convolution/libconvolution.a
#15 11.70 [395/424] Compiling C++ object libvips/morphology/libmorphology.a.p/morph_hwy.cpp.o
#15 11.71 [396/424] Linking static target libvips/morphology/libmorphology.a
#15 11.86 [397/424] Linking target libvips/libvips.so.42.18.1
#15 11.91 [398/424] Generating symbol file libvips/libvips.so.42.18.1.p/libvips.so.42.18.1.symbols
#15 11.96 [399/424] Linking target tools/vipsthumbnail
#15 11.96 [400/424] Linking target tools/vipsheader
#15 11.98 [401/424] Linking target fuzz/smartcrop_fuzzer
#15 11.99 [402/424] Linking target test/test_timeout_gifsave
#15 11.99 [403/424] Linking target fuzz/jpegsave_file_fuzzer
#15 11.99 [404/424] Linking target fuzz/thumbnail_fuzzer
#15 11.99 [405/424] Linking target fuzz/sharpen_fuzzer
#15 12.00 [406/424] Linking target test/test_descriptors
#15 12.01 [407/424] Linking target tools/vipsedit
#15 12.01 [408/424] Linking target tools/vips
#15 12.01 [409/424] Linking target fuzz/ppmsave_buffer_fuzzer
#15 12.01 [410/424] Linking target fuzz/jpegsave_buffer_fuzzer
#15 12.04 [411/424] Linking target fuzz/heifsave_buffer_fuzzer
#15 12.04 [412/424] Linking target fuzz/mosaic_fuzzer
#15 12.04 [413/424] Linking target test/test_connections
#15 12.04 [414/424] Linking target fuzz/rawsave_buffer_fuzzer
#15 12.05 [415/424] Linking target fuzz/tiffsave_buffer_fuzzer
#15 12.05 [416/424] Linking target fuzz/gifsave_buffer_fuzzer
#15 12.05 [417/424] Linking target fuzz/csvsave_buffer_fuzzer
#15 12.06 [418/424] Linking target fuzz/radsave_buffer_fuzzer
#15 12.06 [419/424] Linking target fuzz/webpsave_buffer_fuzzer
#15 12.07 [420/424] Linking target fuzz/generic_buffer_with_args_fuzzer
#15 12.07 [421/424] Linking target fuzz/matrixsave_buffer_fuzzer
#15 12.07 [422/424] Linking target test/test_token
#15 12.08 [423/424] Linking target fuzz/pngsave_buffer_fuzzer
#15 12.15 [424/424] Linking target test/test_timeout_webpsave
#15 12.18 Installing libvips/include/vips/enumtypes.h to /opt/vips/include/vips
#15 12.18 Installing libvips/libvips.so.42.18.1 to /opt/vips/lib
#15 12.18 Stripping target 'libvips/libvips.so.42.18.1'.
#15 12.18 Installing tools/vips to /opt/vips/bin
#15 12.18 Stripping target 'tools/vips'.
#15 12.18 Installing tools/vipsedit to /opt/vips/bin
#15 12.18 Stripping target 'tools/vipsedit'.
#15 12.18 Installing tools/vipsthumbnail to /opt/vips/bin
#15 12.18 Stripping target 'tools/vipsthumbnail'.
#15 12.18 Installing tools/vipsheader to /opt/vips/bin
#15 12.18 Stripping target 'tools/vipsheader'.
#15 12.18 Installing /usr/src/vips-8.16.1/libvips/include/vips/buf.h to /opt/vips/include/vips
#15 12.18 Installing /usr/src/vips-8.16.1/libvips/include/vips/connection.h to /opt/vips/include/vips
#15 12.18 Installing /usr/src/vips-8.16.1/libvips/include/vips/dbuf.h to /opt/vips/include/vips
#15 12.18 Installing /usr/src/vips-8.16.1/libvips/include/vips/debug.h to /opt/vips/include/vips
#15 12.18 Installing /usr/src/vips-8.16.1/libvips/include/vips/format.h to /opt/vips/include/vips
#15 12.18 Installing /usr/src/vips-8.16.1/libvips/include/vips/gate.h to /opt/vips/include/vips
#15 12.18 Installing /usr/src/vips-8.16.1/libvips/include/vips/generate.h to /opt/vips/include/vips
#15 12.18 Installing /usr/src/vips-8.16.1/libvips/include/vips/private.h to /opt/vips/include/vips
#15 12.18 Installing /usr/src/vips-8.16.1/libvips/include/vips/sbuf.h to /opt/vips/include/vips
#15 12.18 Installing /usr/src/vips-8.16.1/libvips/include/vips/semaphore.h to /opt/vips/include/vips
#15 12.18 Installing /usr/src/vips-8.16.1/libvips/include/vips/thread.h to /opt/vips/include/vips
#15 12.18 Installing /usr/src/vips-8.16.1/libvips/include/vips/threadpool.h to /opt/vips/include/vips
#15 12.18 Installing /usr/src/vips-8.16.1/libvips/include/vips/transform.h to /opt/vips/include/vips
#15 12.18 Installing /usr/src/vips-8.16.1/libvips/include/vips/util.h to /opt/vips/include/vips
#15 12.18 Installing /usr/src/vips-8.16.1/libvips/include/vips/vector.h to /opt/vips/include/vips
#15 12.18 Installing /usr/src/vips-8.16.1/libvips/include/vips/arithmetic.h to /opt/vips/include/vips
#15 12.18 Installing /usr/src/vips-8.16.1/libvips/include/vips/basic.h to /opt/vips/include/vips
#15 12.18 Installing /usr/src/vips-8.16.1/libvips/include/vips/colour.h to /opt/vips/include/vips
#15 12.18 Installing /usr/src/vips-8.16.1/libvips/include/vips/conversion.h to /opt/vips/include/vips
#15 12.18 Installing /usr/src/vips-8.16.1/libvips/include/vips/convolution.h to /opt/vips/include/vips
#15 12.18 Installing /usr/src/vips-8.16.1/libvips/include/vips/create.h to /opt/vips/include/vips
#15 12.18 Installing /usr/src/vips-8.16.1/libvips/include/vips/draw.h to /opt/vips/include/vips
#15 12.18 Installing /usr/src/vips-8.16.1/libvips/include/vips/error.h to /opt/vips/include/vips
#15 12.18 Installing /usr/src/vips-8.16.1/libvips/include/vips/foreign.h to /opt/vips/include/vips
#15 12.18 Installing /usr/src/vips-8.16.1/libvips/include/vips/freqfilt.h to /opt/vips/include/vips
#15 12.18 Installing /usr/src/vips-8.16.1/libvips/include/vips/header.h to /opt/vips/include/vips
#15 12.18 Installing /usr/src/vips-8.16.1/libvips/include/vips/histogram.h to /opt/vips/include/vips
#15 12.18 Installing /usr/src/vips-8.16.1/libvips/include/vips/image.h to /opt/vips/include/vips
#15 12.18 Installing /usr/src/vips-8.16.1/libvips/include/vips/interpolate.h to /opt/vips/include/vips
#15 12.18 Installing /usr/src/vips-8.16.1/libvips/include/vips/memory.h to /opt/vips/include/vips
#15 12.18 Installing /usr/src/vips-8.16.1/libvips/include/vips/morphology.h to /opt/vips/include/vips
#15 12.18 Installing /usr/src/vips-8.16.1/libvips/include/vips/mosaicing.h to /opt/vips/include/vips
#15 12.18 Installing /usr/src/vips-8.16.1/libvips/include/vips/object.h to /opt/vips/include/vips
#15 12.18 Installing /usr/src/vips-8.16.1/libvips/include/vips/operation.h to /opt/vips/include/vips
#15 12.18 Installing /usr/src/vips-8.16.1/libvips/include/vips/rect.h to /opt/vips/include/vips
#15 12.18 Installing /usr/src/vips-8.16.1/libvips/include/vips/region.h to /opt/vips/include/vips
#15 12.18 Installing /usr/src/vips-8.16.1/libvips/include/vips/resample.h to /opt/vips/include/vips
#15 12.18 Installing /usr/src/vips-8.16.1/libvips/include/vips/type.h to /opt/vips/include/vips
#15 12.18 Installing /usr/src/vips-8.16.1/libvips/include/vips/vips.h to /opt/vips/include/vips
#15 12.18 Installing /usr/src/vips-8.16.1/man/vipsedit.1 to /opt/vips/share/man/man1
#15 12.18 Installing /usr/src/vips-8.16.1/man/vipsheader.1 to /opt/vips/share/man/man1
#15 12.18 Installing /usr/src/vips-8.16.1/man/vips.1 to /opt/vips/share/man/man1
#15 12.18 Installing /usr/src/vips-8.16.1/man/vipsprofile.1 to /opt/vips/share/man/man1
#15 12.18 Installing /usr/src/vips-8.16.1/man/vipsthumbnail.1 to /opt/vips/share/man/man1
#15 12.18 Installing /usr/src/vips-8.16.1/build/libvips/include/vips/version.h to /opt/vips/include/vips
#15 12.18 Installing /usr/src/vips-8.16.1/build/meson-private/vips.pc to /opt/vips/lib/pkgconfig
#15 12.18 Installing /usr/src/vips-8.16.1/tools/vipsprofile to /opt/vips/bin
#15 12.18 Installing symlink pointing to libvips.so.42.18.1 to /opt/vips/lib/libvips.so.42
#15 12.18 Installing symlink pointing to libvips.so.42 to /opt/vips/lib/libvips.so
#15 DONE 12.6s

#16 [ffmpeg 1/1] RUN apt-get source -qq ffmpeg=7:7.1.5-0+deb13u1 &&     upstream=7.1.5-0+deb13u1 && upstream=${upstream%-*} && revision=0+deb13u1 &&     echo "9ed2ed34cbe7f056eeebbe9045c5e2d15e41b5b053fe7c8ba6979a0b6fb081ce  ffmpeg_7.1.5-0+deb13u1.dsc" | sha256sum -c - &&     cd ffmpeg-${upstream} &&     ./configure --prefix=/opt/ffmpeg --extra-version="${revision}" --toolchain=hardened       --enable-shared --disable-static --disable-doc --disable-ffplay --disable-avdevice       --disable-autodetect --disable-network --disable-hwaccels --disable-devices       --enable-libdav1d --enable-zlib --enable-bzlib --enable-lzma       --disable-encoders --enable-encoder=mjpeg       --disable-muxers --enable-muxer=image2       --disable-protocols --enable-protocol=file,pipe       --disable-filters       --enable-filter=buffer,buffersink,abuffer,abuffersink,format,aformat,null,anull,scale,aresample       --enable-filter=select,loop,trim,transpose,hflip,vflip,rotate,crop &&     make -j"$(nproc)" &&     make install &&     strip --strip-unneeded /opt/ffmpeg/lib/*.so.* /opt/ffmpeg/bin/*
#16 10.28 CC	libavformat/aiffdec.o
#16 10.29 CC	libavformat/aixdec.o
#16 10.33 CC	libavformat/allformats.o
#16 10.44 CC	libavformat/alp.o
#16 10.44 CC	libavformat/amr.o
#16 10.46 CC	libavformat/anm.o
#16 10.48 CC	libavformat/apac.o
#16 10.49 CC	libavformat/apc.o
#16 10.51 CC	libavformat/ape.o
#16 10.62 CC	libavformat/apetag.o
#16 10.64 CC	libavformat/apm.o
#16 10.65 CC	libavformat/apngdec.o
#16 10.82 CC	libavformat/aptxdec.o
#16 10.82 CC	libavformat/aqtitledec.o
#16 10.82 CC	libavformat/argo_asf.o
#16 10.82 CC	libavformat/argo_brp.o
#16 10.83 CC	libavformat/argo_cvg.o
#16 10.83 CC	libavformat/asf.o
#16 10.85 CC	libavformat/asf_tags.o
#16 10.86 CC	libavformat/asfcrypt.o
#16 10.87 CC	libavformat/asfdec_f.o
#16 10.87 CC	libavformat/asfdec_o.o
#16 10.88 CC	libavformat/assdec.o
#16 10.89 CC	libavformat/ast.o
#16 10.89 CC	libavformat/astdec.o
#16 10.89 libavformat/asfdec_f.c: In function 'get_tag':
#16 10.89 libavformat/asfdec_f.c:244:9: warning: ISO C90 forbids mixed declarations and code [-Wdeclaration-after-statement]
#16 10.89   244 |         int ret = ffio_read_size(s->pb, value, len);
#16 10.89       |         ^~~
#16 10.92 CC	libavformat/au.o
#16 10.94 CC	libavformat/av1dec.o
#16 10.97 CC	libavformat/avformat.o
#16 11.01 CC	libavformat/avidec.o
#16 11.04 CC	libavformat/avio.o
#16 11.04 CC	libavformat/aviobuf.o
#16 11.05 CC	libavformat/avlanguage.o
#16 11.07 CC	libavformat/avr.o
#16 11.07 CC	libavformat/avs.o
#16 11.08 CC	libavformat/avs2dec.o
#16 11.10 CC	libavformat/avs3dec.o
#16 11.11 CC	libavformat/bethsoftvid.o
#16 11.13 CC	libavformat/bfi.o
#16 11.15 CC	libavformat/bink.o
#16 11.17 CC	libavformat/binka.o
#16 11.20 CC	libavformat/bintext.o
#16 11.24 CC	libavformat/bit.o
#16 11.25 CC	libavformat/bmv.o
#16 11.25 CC	libavformat/boadec.o
#16 11.26 libavformat/avidec.c: In function 'read_gab2_sub':
#16 11.26 libavformat/avidec.c:1131:9: warning: ISO C90 forbids mixed declarations and code [-Wdeclaration-after-statement]
#16 11.26  1131 |         AVIOContext *pb = avio_alloc_context(pkt->data + 7,
#16 11.26       |         ^~~~~~~~~~~
#16 11.26 CC	libavformat/bonk.o
#16 11.27 libavformat/avidec.c: In function 'avi_load_index':
#16 11.27 libavformat/avidec.c:1837:13: warning: ISO C90 forbids mixed declarations and code [-Wdeclaration-after-statement]
#16 11.27  1837 |             uint32_t tag1 = avio_rl32(pb);
#16 11.27       |             ^~~~~~~~
#16 11.28 CC	libavformat/brstm.o
#16 11.28 CC	libavformat/c93.o
#16 11.31 CC	libavformat/caf.o
#16 11.32 CC	libavformat/cafdec.o
#16 11.33 CC	libavformat/cavsvideodec.o
#16 11.34 CC	libavformat/cdg.o
#16 11.36 CC	libavformat/cdxl.o
#16 11.37 CC	libavformat/cinedec.o
#16 11.39 CC	libavformat/codec2.o
#16 11.41 CC	libavformat/concatdec.o
#16 11.44 CC	libavformat/dauddec.o
#16 11.46 CC	libavformat/dcstr.o
#16 11.46 CC	libavformat/demux.o
#16 11.47 CC	libavformat/demux_utils.o
#16 11.48 CC	libavformat/derf.o
#16 11.50 CC	libavformat/dfa.o
#16 11.51 CC	libavformat/dfpwmdec.o
#16 11.51 CC	libavformat/dhav.o
#16 11.55 libavformat/dhav.c: In function 'dhav_read_header':
#16 11.55 libavformat/dhav.c:300:17: warning: ISO C90 forbids mixed declarations and code [-Wdeclaration-after-statement]
#16 11.55   300 |                 int64_t ret64 = avio_seek(s->pb, -seek_back, SEEK_CUR);
#16 11.55       |                 ^~~~~~~
#16 11.55 CC	libavformat/diracdec.o
#16 11.57 CC	libavformat/dnxhddec.o
#16 11.57 libavformat/codec2.c:215:12: warning: 'codec2_write_header' defined but not used [-Wunused-function]
#16 11.57   215 | static int codec2_write_header(AVFormatContext *s)
#16 11.57       |            ^~~~~~~~~~~~~~~~~~~
#16 11.59 CC	libavformat/dovi_isom.o
#16 11.60 CC	libavformat/dsfdec.o
#16 11.61 CC	libavformat/dsicin.o
#16 11.62 CC	libavformat/dss.o
#16 11.62 CC	libavformat/dtsdec.o
#16 11.65 libavformat/demux.c: In function 'read_frame_internal':
#16 11.65 libavformat/demux.c:1389:9: warning: ISO C90 forbids mixed declarations and code [-Wdeclaration-after-statement]
#16 11.65  1389 |         int new_extradata = !!av_packet_side_data_get(pkt->side_data, pkt->side_data_elems,
#16 11.65       |         ^~~
#16 11.66 CC	libavformat/dtshddec.o
#16 11.67 CC	libavformat/dump.o
#16 11.69 CC	libavformat/dv.o
#16 11.69 CC	libavformat/dvbsub.o
#16 11.69 CC	libavformat/dvbtxt.o
#16 11.73 CC	libavformat/dxa.o
#16 11.73 CC	libavformat/eacdata.o
#16 11.77 CC	libavformat/electronicarts.o
#16 11.78 CC	libavformat/epafdec.o
#16 11.81 CC	libavformat/evcdec.o
#16 11.82 CC	libavformat/ffmetadec.o
#16 11.83 CC	libavformat/file.o
#16 11.83 CC	libavformat/filmstripdec.o
#16 11.85 CC	libavformat/fitsdec.o
#16 11.85 CC	libavformat/flac_picture.o
#16 11.88 CC	libavformat/flacdec.o
#16 11.88 CC	libavformat/flic.o
#16 11.89 CC	libavformat/flvdec.o
#16 11.89 CC	libavformat/format.o
#16 11.91 CC	libavformat/frmdec.o
#16 12.03 CC	libavformat/fsb.o
#16 12.09 CC	libavformat/fwse.o
#16 12.14 CC	libavformat/g722.o
#16 12.16 CC	libavformat/g723_1.o
#16 12.16 CC	libavformat/g726.o
#16 12.17 CC	libavformat/g729dec.o
#16 12.18 CC	libavformat/gdv.o
#16 12.18 CC	libavformat/genh.o
#16 12.19 CC	libavformat/gifdec.o
#16 12.19 libavformat/flvdec.c: In function 'flv_read_packet':
#16 12.19 libavformat/flvdec.c:1473:13: warning: ISO C90 forbids mixed declarations and code [-Wdeclaration-after-statement]
#16 12.19  1473 |             int32_t cts = (avio_rb24(s->pb) + 0xff800000) ^ 0xff800000;
#16 12.19       |             ^~~~~~~
#16 12.20 CC	libavformat/gsmdec.o
#16 12.23 CC	libavformat/gxf.o
#16 12.23 CC	libavformat/h261dec.o
#16 12.23 CC	libavformat/h263dec.o
#16 12.23 CC	libavformat/h264dec.o
#16 12.24 CC	libavformat/hca.o
#16 12.25 CC	libavformat/hcom.o
#16 12.25 CC	libavformat/hevcdec.o
#16 12.26 CC	libavformat/hls.o
#16 12.27 CC	libavformat/hls_sample_encryption.o
#16 12.30 CC	libavformat/hnm.o
#16 12.34 CC	libavformat/iamf.o
#16 12.35 CC	libavformat/iamf_parse.o
#16 12.37 CC	libavformat/iamf_reader.o
#16 12.37 CC	libavformat/iamfdec.o
#16 12.38 CC	libavformat/icodec.o
#16 12.44 CC	libavformat/id3v1.o
#16 12.45 CC	libavformat/id3v2.o
#16 12.46 CC	libavformat/idcin.o
#16 12.47 CC	libavformat/idroqdec.o
#16 12.47 CC	libavformat/iff.o
#16 12.47 CC	libavformat/ifv.o
#16 12.50 CC	libavformat/ilbc.o
#16 12.52 CC	libavformat/img2.o
#16 12.52 CC	libavformat/img2_alias_pix.o
#16 12.52 libavformat/ilbc.c:33:12: warning: 'ilbc_write_header' defined but not used [-Wunused-function]
#16 12.52    33 | static int ilbc_write_header(AVFormatContext *s)
#16 12.52       |            ^~~~~~~~~~~~~~~~~
#16 12.53 CC	libavformat/img2_brender_pix.o
#16 12.53 CC	libavformat/img2dec.o
#16 12.55 CC	libavformat/img2enc.o
#16 12.55 CC	libavformat/imx.o
#16 12.55 CC	libavformat/ingenientdec.o
#16 12.63 CC	libavformat/ipmovie.o
#16 12.64 CC	libavformat/ipudec.o
#16 12.67 CC	libavformat/ircam.o
#16 12.69 CC	libavformat/ircamdec.o
#16 12.69 CC	libavformat/isom.o
#16 12.70 CC	libavformat/isom_tags.o
#16 12.70 CC	libavformat/iss.o
#16 12.70 libavformat/img2dec.c: In function 'ff_img_read_packet':
#16 12.70 libavformat/img2dec.c:501:5: warning: ISO C90 forbids mixed declarations and code [-Wdeclaration-after-statement]
#16 12.70   501 |     int total_size = 0;
#16 12.70       |     ^~~
#16 12.73 libavformat/img2enc.c:119:12: warning: 'write_packet_pipe' defined but not used [-Wunused-function]
#16 12.73   119 | static int write_packet_pipe(AVFormatContext *s, AVPacket *pkt)
#16 12.73       |            ^~~~~~~~~~~~~~~~~
#16 12.75 libavformat/img2enc.c: In function 'write_packet':
#16 12.75 libavformat/img2enc.c:183:55: warning: '.tmp' directive output may be truncated writing 4 bytes into a region of size between 1 and 1024 [-Wformat-truncation=]
#16 12.75   183 |         snprintf(img->tmp[i], sizeof(img->tmp[i]), "%s.tmp", filename);
#16 12.75       |                                                       ^~~~
#16 12.75 In file included from /usr/include/stdio.h:970,
#16 12.75                  from ./libavutil/common.h:38,
#16 12.75                  from ./libavutil/avutil.h:301,
#16 12.75                  from ./libavutil/opt.h:31,
#16 12.75                  from libavformat/img2enc.c:31:
#16 12.75 In function 'snprintf',
#16 12.75     inlined from 'write_packet' at libavformat/img2enc.c:183:9:
#16 12.75 /usr/include/aarch64-linux-gnu/bits/stdio2.h:68:10: note: '__builtin___snprintf_chk' output between 5 and 1028 bytes into a destination of size 1024
#16 12.75    68 |   return __builtin___snprintf_chk (__s, __n, __USE_FORTIFY_LEVEL - 1,
#16 12.75       |          ^~~~~~~~~~~~~~~~~~~~~~~~~~~~~~~~~~~~~~~~~~~~~~~~~~~~~~~~~~~~
#16 12.75    69 |                                    __glibc_objsize (__s), __fmt,
#16 12.75       |                                    ~~~~~~~~~~~~~~~~~~~~~~~~~~~~~
#16 12.75    70 |                                    __va_arg_pack ());
#16 12.75       |                                    ~~~~~~~~~~~~~~~~~
#16 12.76 CC	libavformat/iv8.o
#16 12.76 CC	libavformat/ivfdec.o
#16 12.77 CC	libavformat/jacosubdec.o
#16 12.78 CC	libavformat/jpegxl_anim_dec.o
#16 12.79 CC	libavformat/jvdec.o
#16 12.81 CC	libavformat/kvag.o
#16 12.81 CC	libavformat/lafdec.o
#16 12.82 CC	libavformat/lc3.o
#16 12.82 CC	libavformat/lmlm4.o
#16 12.89 CC	libavformat/loasdec.o
#16 ...

#17 [media 1/3] COPY --from=vips /opt/vips/lib/libvips.so.42 /usr/local/lib/
#17 DONE 0.3s

#16 [ffmpeg 1/1] RUN apt-get source -qq ffmpeg=7:7.1.5-0+deb13u1 &&     upstream=7.1.5-0+deb13u1 && upstream=${upstream%-*} && revision=0+deb13u1 &&     echo "9ed2ed34cbe7f056eeebbe9045c5e2d15e41b5b053fe7c8ba6979a0b6fb081ce  ffmpeg_7.1.5-0+deb13u1.dsc" | sha256sum -c - &&     cd ffmpeg-${upstream} &&     ./configure --prefix=/opt/ffmpeg --extra-version="${revision}" --toolchain=hardened       --enable-shared --disable-static --disable-doc --disable-ffplay --disable-avdevice       --disable-autodetect --disable-network --disable-hwaccels --disable-devices       --enable-libdav1d --enable-zlib --enable-bzlib --enable-lzma       --disable-encoders --enable-encoder=mjpeg       --disable-muxers --enable-muxer=image2       --disable-protocols --enable-protocol=file,pipe       --disable-filters       --enable-filter=buffer,buffersink,abuffer,abuffersink,format,aformat,null,anull,scale,aresample       --enable-filter=select,loop,trim,transpose,hflip,vflip,rotate,crop &&     make -j"$(nproc)" &&     make install &&     strip --strip-unneeded /opt/ffmpeg/lib/*.so.* /opt/ffmpeg/bin/*
#16 12.91 CC	libavformat/lrc.o
#16 12.95 CC	libavformat/lrcdec.o
#16 12.95 CC	libavformat/luodatdec.o
#16 12.96 CC	libavformat/lvfdec.o
#16 12.97 CC	libavformat/lxfdec.o
#16 12.97 CC	libavformat/m4vdec.o
#16 13.00 libavformat/lrcdec.c: In function 'read_ts':
#16 13.00 libavformat/lrcdec.c:91:5: warning: ISO C90 forbids mixed declarations and code [-Wdeclaration-after-statement]
#16 13.00    91 |     int ret = sscanf(p, "%2[[-]%"SCNu32":%lf]", prefix, &mm, &ss);
#16 13.00       |     ^~~
#16 ...

#18 [toolchain 1/2] COPY --from=vips /opt/vips /opt/vips
#18 DONE 0.3s

#16 [ffmpeg 1/1] RUN apt-get source -qq ffmpeg=7:7.1.5-0+deb13u1 &&     upstream=7.1.5-0+deb13u1 && upstream=${upstream%-*} && revision=0+deb13u1 &&     echo "9ed2ed34cbe7f056eeebbe9045c5e2d15e41b5b053fe7c8ba6979a0b6fb081ce  ffmpeg_7.1.5-0+deb13u1.dsc" | sha256sum -c - &&     cd ffmpeg-${upstream} &&     ./configure --prefix=/opt/ffmpeg --extra-version="${revision}" --toolchain=hardened       --enable-shared --disable-static --disable-doc --disable-ffplay --disable-avdevice       --disable-autodetect --disable-network --disable-hwaccels --disable-devices       --enable-libdav1d --enable-zlib --enable-bzlib --enable-lzma       --disable-encoders --enable-encoder=mjpeg       --disable-muxers --enable-muxer=image2       --disable-protocols --enable-protocol=file,pipe       --disable-filters       --enable-filter=buffer,buffersink,abuffer,abuffersink,format,aformat,null,anull,scale,aresample       --enable-filter=select,loop,trim,transpose,hflip,vflip,rotate,crop &&     make -j"$(nproc)" &&     make install &&     strip --strip-unneeded /opt/ffmpeg/lib/*.so.* /opt/ffmpeg/bin/*
#16 13.01 CC	libavformat/matroska.o
#16 13.03 CC	libavformat/matroskadec.o
#16 13.03 CC	libavformat/mca.o
#16 13.03 CC	libavformat/mccdec.o
#16 13.03 CC	libavformat/metadata.o
#16 13.03 CC	libavformat/mgsts.o
#16 13.04 CC	libavformat/microdvddec.o
#16 13.04 CC	libavformat/mj2kdec.o
#16 13.04 CC	libavformat/mlpdec.o
#16 13.05 CC	libavformat/mlvdec.o
#16 13.08 CC	libavformat/mm.o
#16 13.09 CC	libavformat/mmf.o
#16 13.09 CC	libavformat/mods.o
#16 13.09 CC	libavformat/moflex.o
#16 13.10 CC	libavformat/mov.o
#16 13.14 CC	libavformat/mov_chan.o
#16 13.16 CC	libavformat/mov_esds.o
#16 13.18 CC	libavformat/mp3dec.o
#16 13.21 libavformat/matroskadec.c: In function 'webm_dash_manifest_compute_bandwidth':
#16 13.21 libavformat/matroskadec.c:4665:17: warning: ISO C90 forbids mixed declarations and code [-Wdeclaration-after-statement]
#16 13.21  4665 |                 int64_t desc_ns = desc_end.end_time_ns - desc_beg.start_time_ns;
#16 13.21       |                 ^~~~~~~
#16 13.21 CC	libavformat/mpc.o
#16 13.22 CC	libavformat/mpc8.o
#16 13.23 CC	libavformat/mpeg.o
#16 13.24 CC	libavformat/mpegts.o
#16 13.24 CC	libavformat/mpegvideodec.o
#16 13.24 CC	libavformat/mpjpegdec.o
#16 13.25 CC	libavformat/mpl2dec.o
#16 13.25 CC	libavformat/mpsubdec.o
#16 13.26 CC	libavformat/msf.o
#16 13.28 CC	libavformat/msnwc_tcp.o
#16 13.29 CC	libavformat/mspdec.o
#16 13.33 CC	libavformat/mtaf.o
#16 13.33 CC	libavformat/mtv.o
#16 13.34 CC	libavformat/musx.o
#16 13.37 CC	libavformat/mux.o
#16 13.39 CC	libavformat/mux_utils.o
#16 13.44 CC	libavformat/mvdec.o
#16 13.46 CC	libavformat/mvi.o
#16 13.47 CC	libavformat/mxfdec.o
#16 13.47 CC	libavformat/mxf.o
#16 13.48 CC	libavformat/mxg.o
#16 13.50 CC	libavformat/ncdec.o
#16 13.51 CC	libavformat/nistspheredec.o
#16 13.52 CC	libavformat/nspdec.o
#16 13.53 CC	libavformat/nsvdec.o
#16 13.54 CC	libavformat/nut.o
#16 13.55 CC	libavformat/nutdec.o
#16 13.55 CC	libavformat/nuv.o
#16 13.56 CC	libavformat/oggdec.o
#16 13.60 CC	libavformat/oggparsecelt.o
#16 13.61 CC	libavformat/oggparsedirac.o
#16 13.67 CC	libavformat/oggparseflac.o
#16 13.71 CC	libavformat/oggparseogm.o
#16 13.71 CC	libavformat/oggparseopus.o
#16 13.74 CC	libavformat/oggparseskeleton.o
#16 13.77 CC	libavformat/oggparsespeex.o
#16 13.80 CC	libavformat/oggparsetheora.o
#16 13.80 CC	libavformat/oggparsevorbis.o
#16 13.80 CC	libavformat/oggparsevp8.o
#16 13.81 CC	libavformat/oma.o
#16 13.86 CC	libavformat/omadec.o
#16 13.86 CC	libavformat/options.o
#16 13.87 CC	libavformat/os_support.o
#16 13.88 CC	libavformat/osq.o
#16 13.92 CC	libavformat/paf.o
#16 13.94 CC	libavformat/pcm.o
#16 13.96 CC	libavformat/pcmdec.o
#16 13.98 CC	libavformat/pdvdec.o
#16 13.99 CC	libavformat/pjsdec.o
#16 13.99 CC	libavformat/pmpdec.o
#16 13.99 CC	libavformat/pp_bnk.o
#16 14.00 CC	libavformat/protocols.o
#16 14.00 CC	libavformat/psxstr.o
#16 14.00 CC	libavformat/pva.o
#16 14.02 CC	libavformat/pvfdec.o
#16 14.03 CC	libavformat/qcp.o
#16 14.04 CC	libavformat/qoadec.o
#16 14.04 CC	libavformat/qtpalette.o
#16 14.05 CC	libavformat/r3d.o
#16 14.06 CC	libavformat/rawdec.o
#16 14.07 CC	libavformat/rawvideodec.o
#16 14.07 CC	libavformat/rcwtdec.o
#16 14.09 CC	libavformat/realtextdec.o
#16 14.09 CC	libavformat/redspark.o
#16 14.10 CC	libavformat/replaygain.o
#16 14.12 CC	libavformat/riff.o
#16 14.12 CC	libavformat/riffdec.o
#16 14.15 CC	libavformat/rka.o
#16 14.15 CC	libavformat/rl2.o
#16 14.16 CC	libavformat/rm.o
#16 14.20 CC	libavformat/rmdec.o
#16 14.20 CC	libavformat/rmsipr.o
#16 14.22 CC	libavformat/rpl.o
#16 14.22 CC	libavformat/rsd.o
#16 14.22 CC	libavformat/rso.o
#16 14.23 CC	libavformat/rsodec.o
#16 14.23 CC	libavformat/s337m.o
#16 14.25 CC	libavformat/samidec.o
#16 14.27 CC	libavformat/sauce.o
#16 14.27 CC	libavformat/sbcdec.o
#16 14.28 CC	libavformat/sbgdec.o
#16 14.28 CC	libavformat/sccdec.o
#16 14.31 CC	libavformat/scd.o
#16 14.32 CC	libavformat/sdp.o
#16 14.32 CC	libavformat/sdns.o
#16 14.32 CC	libavformat/sdr2.o
#16 14.36 CC	libavformat/sdsdec.o
#16 14.37 CC	libavformat/sdxdec.o
#16 14.37 CC	libavformat/seek.o
#16 14.39 CC	libavformat/segafilm.o
#16 14.45 CC	libavformat/serdec.o
#16 14.47 CC	libavformat/sga.o
#16 14.48 CC	libavformat/shortendec.o
#16 14.49 CC	libavformat/sierravmd.o
#16 14.50 CC	libavformat/siff.o
#16 14.50 CC	libavformat/smacker.o
#16 14.50 CC	libavformat/smjpeg.o
#16 14.54 CC	libavformat/smjpegdec.o
#16 14.54 CC	libavformat/smush.o
#16 14.57 CC	libavformat/sol.o
#16 14.57 CC	libavformat/soxdec.o
#16 14.59 CC	libavformat/spdif.o
#16 14.60 CC	libavformat/spdifdec.o
#16 14.62 CC	libavformat/srtdec.o
#16 14.64 CC	libavformat/stldec.o
#16 14.66 CC	libavformat/subtitles.o
#16 14.67 CC	libavformat/subviewer1dec.o
#16 14.69 CC	libavformat/subviewerdec.o
#16 14.70 CC	libavformat/supdec.o
#16 14.72 CC	libavformat/svag.o
#16 14.72 CC	libavformat/svs.o
#16 14.73 CC	libavformat/swf.o
#16 14.74 CC	libavformat/swfdec.o
#16 14.75 CC	libavformat/takdec.o
#16 14.75 CC	libavformat/tedcaptionsdec.o
#16 14.76 CC	libavformat/thp.o
#16 14.76 CC	libavformat/tiertexseq.o
#16 14.76 CC	libavformat/tmv.o
#16 14.77 CC	libavformat/tta.o
#16 14.77 CC	libavformat/tty.o
#16 14.78 CC	libavformat/txd.o
#16 14.79 CC	libavformat/ty.o
#16 14.81 CC	libavformat/url.o
#16 14.82 CC	libavformat/usmdec.o
#16 14.87 CC	libavformat/utils.o
#16 14.87 CC	libavformat/vag.o
#16 14.88 CC	libavformat/vc1dec.o
#16 14.89 CC	libavformat/vc1test.o
#16 14.91 CC	libavformat/version.o
#16 14.91 CC	libavformat/vividas.o
#16 14.93 CC	libavformat/vivo.o
#16 14.96 CC	libavformat/voc.o
#16 14.96 CC	libavformat/voc_packet.o
#16 14.96 CC	libavformat/vocdec.o
#16 14.96 CC	libavformat/vorbiscomment.o
#16 14.98 CC	libavformat/vpk.o
#16 14.98 CC	libavformat/vplayerdec.o
#16 14.99 CC	libavformat/vqf.o
#16 14.99 libavformat/vorbiscomment.c: In function 'ff_vorbiscomment_write':
#16 14.99 libavformat/vorbiscomment.c:104:69: warning: '%02d' directive output may be truncated writing between 2 and 3 bytes into a region of size between 1 and 7 [-Wformat-truncation=]
#16 14.99   104 |             snprintf(chapter_time, sizeof(chapter_time), "%02d:%02d:%02d.%03d", h, m, s, ms);
#16 14.99       |                                                                     ^~~~
#16 14.99 libavformat/vorbiscomment.c:104:58: note: directive argument in the range [-59, 59]
#16 14.99   104 |             snprintf(chapter_time, sizeof(chapter_time), "%02d:%02d:%02d.%03d", h, m, s, ms);
#16 14.99       |                                                          ^~~~~~~~~~~~~~~~~~~~~
#16 14.99 libavformat/vorbiscomment.c:104:58: note: directive argument in the range [-999, 999]
#16 14.99 In file included from /usr/include/stdio.h:970,
#16 14.99                  from libavformat/avio.h:30,
#16 14.99                  from libavformat/vorbiscomment.c:22:
#16 14.99 In function 'snprintf',
#16 14.99     inlined from 'ff_vorbiscomment_write' at libavformat/vorbiscomment.c:104:13:
#16 14.99 /usr/include/aarch64-linux-gnu/bits/stdio2.h:68:10: note: '__builtin___snprintf_chk' output between 13 and 21 bytes into a destination of size 13
#16 14.99    68 |   return __builtin___snprintf_chk (__s, __n, __USE_FORTIFY_LEVEL - 1,
#16 14.99       |          ^~~~~~~~~~~~~~~~~~~~~~~~~~~~~~~~~~~~~~~~~~~~~~~~~~~~~~~~~~~~
#16 14.99    69 |                                    __glibc_objsize (__s), __fmt,
#16 14.99       |                                    ~~~~~~~~~~~~~~~~~~~~~~~~~~~~~
#16 14.99    70 |                                    __va_arg_pack ());
#16 14.99       |                                    ~~~~~~~~~~~~~~~~~
#16 15.01 CC	libavformat/vvcdec.o
#16 15.01 CC	libavformat/w64.o
#16 15.01 CC	libavformat/wady.o
#16 15.03 CC	libavformat/wavarc.o
#16 15.03 CC	libavformat/wavdec.o
#16 15.04 CC	libavformat/wc3movie.o
#16 15.04 CC	libavformat/webvttdec.o
#16 15.06 CC	libavformat/westwood_aud.o
#16 15.07 CC	libavformat/westwood_vqa.o
#16 15.08 CC	libavformat/wsddec.o
#16 15.10 CC	libavformat/wtv_common.o
#16 15.14 CC	libavformat/wtvdec.o
#16 15.15 CC	libavformat/wv.o
#16 15.18 CC	libavformat/wvdec.o
#16 15.18 CC	libavformat/wvedec.o
#16 15.19 CC	libavformat/xa.o
#16 15.20 CC	libavformat/xmd.o
#16 15.22 CC	libavformat/xmv.o
#16 15.22 CC	libavformat/xvag.o
#16 15.23 CC	libavformat/xwma.o
#16 15.25 CC	libavformat/yop.o
#16 15.28 CC	libavformat/yuv4mpegdec.o
#16 15.28 CC	libavformat/ac3_channel_layout_tab.o
#16 15.30 CC	libavformat/jpegxl_parse.o
#16 15.30 CC	libavformat/log2_tab.o
#16 15.31 CC	libavformat/mpegaudiotabs.o
#16 15.31 CC	libavformat/mpeg4audio_sample_rates.o
#16 15.32 CC	libavformat/to_upper4.o
#16 15.32 CC	libavcodec/012v.o
#16 15.32 CC	libavcodec/4xm.o
#16 15.33 CC	libavcodec/8bps.o
#16 15.33 CC	libavcodec/8svx.o
#16 15.33 CC	libavcodec/aac/aacdec.o
#16 15.36 CC	libavcodec/aac/aacdec_ac.o
#16 15.36 CC	libavcodec/aac/aacdec_fixed.o
#16 15.39 CC	libavcodec/aac/aacdec_float.o
#16 15.39 CC	libavcodec/aac/aacdec_lpd.o
#16 15.42 CC	libavcodec/aac/aacdec_tab.o
#16 15.42 CC	libavcodec/aac/aacdec_usac.o
#16 15.48 CC	libavcodec/aac_ac3_parser.o
#16 15.48 CC	libavcodec/aac_parser.o
#16 15.53 CC	libavcodec/aacps_common.o
#16 15.55 CC	libavcodec/aacps_fixed.o
#16 15.56 libavcodec/aac/aacdec.c: In function 'decode_close':
#16 15.56 libavcodec/aac/aacdec.c:1138:9: warning: ISO C90 forbids mixed declarations and code [-Wdeclaration-after-statement]
#16 15.56  1138 |         AACUSACConfig *usac = &oc->usac;
#16 15.56       |         ^~~~~~~~~~~~~
#16 15.56 CC	libavcodec/aacps_float.o
#16 15.57 CC	libavcodec/aacpsdsp_fixed.o
#16 15.59 libavcodec/aac/aacdec_usac.c: In function 'decode_usac_element_pair':
#16 15.59 libavcodec/aac/aacdec_usac.c:218:9: warning: ISO C90 forbids mixed declarations and code [-Wdeclaration-after-statement]
#16 15.59   218 |         int numBands = ((int[]){0,28,20,14,10,7,5,4})[e->mps.freq_res]; // ISO/IEC 23003-1:2007, 5.2, Table 39
#16 15.59       |         ^~~
#16 15.59 libavcodec/aac/aacdec_usac.c:226:9: warning: ISO C90 forbids mixed declarations and code [-Wdeclaration-after-statement]
#16 15.59   226 |         int otts_bands_phase = ((int[]){0,10,10,7,5,3,2,2})[e->mps.freq_res]; // Table 109 — Default value of bsOttBandsPhase
#16 15.59       |         ^~~
#16 15.63 CC	libavcodec/aacpsdsp_float.o
#16 15.65 CC	libavcodec/aacsbr.o
#16 15.65 CC	libavcodec/aacsbr_fixed.o
#16 15.67 libavcodec/aac_ac3_parser.c: In function 'ff_aac_ac3_parse':
#16 15.67 libavcodec/aac_ac3_parser.c:151:17: warning: unused variable 'profile' [-Wunused-variable]
#16 15.67   151 |             int profile;
#16 15.67       |                 ^~~~~~~
#16 15.68 CC	libavcodec/aactab.o
#16 15.68 CC	libavcodec/aandcttab.o
#16 15.69 CC	libavcodec/aarch64/aacpsdsp_init_aarch64.o
#16 15.71 AS	libavcodec/aarch64/aacpsdsp_neon.o
#16 15.71 CC	libavcodec/aarch64/ac3dsp_init_aarch64.o
#16 15.72 AS	libavcodec/aarch64/ac3dsp_neon.o
#16 15.73 CC	libavcodec/aarch64/fdctdsp_init_aarch64.o
#16 15.73 AS	libavcodec/aarch64/fdctdsp_neon.o
#16 15.74 CC	libavcodec/aarch64/fmtconvert_init.o
#16 15.74 AS	libavcodec/aarch64/fmtconvert_neon.o
#16 15.75 CC	libavcodec/aarch64/h264chroma_init_aarch64.o
#16 15.75 AS	libavcodec/aarch64/h264cmc_neon.o
#16 15.76 CC	libavcodec/aarch64/h264dsp_init_aarch64.o
#16 15.76 AS	libavcodec/aarch64/h264dsp_neon.o
#16 15.76 AS	libavcodec/aarch64/h264idct_neon.o
#16 15.77 CC	libavcodec/aarch64/h264pred_init.o
#16 15.78 AS	libavcodec/aarch64/h264pred_neon.o
#16 15.78 CC	libavcodec/aarch64/h264qpel_init_aarch64.o
#16 15.79 AS	libavcodec/aarch64/h264qpel_neon.o
#16 15.79 AS	libavcodec/aarch64/h26x/epel_neon.o
#16 15.79 AS	libavcodec/aarch64/h26x/qpel_neon.o
#16 15.79 AS	libavcodec/aarch64/h26x/sao_neon.o
#16 15.80 AS	libavcodec/aarch64/hevcdsp_deblock_neon.o
#16 15.80 AS	libavcodec/aarch64/hevcdsp_idct_neon.o
#16 15.81 CC	libavcodec/aarch64/hevcdsp_init_aarch64.o
#16 15.82 CC	libavcodec/aarch64/hpeldsp_init_aarch64.o
#16 15.82 AS	libavcodec/aarch64/hpeldsp_neon.o
#16 15.83 CC	libavcodec/aarch64/idctdsp_init_aarch64.o
#16 15.84 AS	libavcodec/aarch64/idctdsp_neon.o
#16 15.85 CC	libavcodec/aarch64/me_cmp_init_aarch64.o
#16 15.85 AS	libavcodec/aarch64/me_cmp_neon.o
#16 15.85 CC	libavcodec/aarch64/mpegaudiodsp_init.o
#16 15.86 AS	libavcodec/aarch64/mpegaudiodsp_neon.o
#16 15.86 CC	libavcodec/aarch64/mpegvideoencdsp_init.o
#16 15.86 AS	libavcodec/aarch64/mpegvideoencdsp_neon.o
#16 15.87 CC	libavcodec/aarch64/opusdsp_init.o
#16 15.87 AS	libavcodec/aarch64/opusdsp_neon.o
#16 15.88 CC	libavcodec/aarch64/pixblockdsp_init_aarch64.o
#16 15.88 AS	libavcodec/aarch64/pixblockdsp_neon.o
#16 15.88 CC	libavcodec/aarch64/rv40dsp_init_aarch64.o
#16 15.89 CC	libavcodec/aarch64/sbrdsp_init_aarch64.o
#16 15.89 AS	libavcodec/aarch64/sbrdsp_neon.o
#16 15.90 AS	libavcodec/aarch64/simple_idct_neon.o
#16 15.90 CC	libavcodec/aarch64/synth_filter_init.o
#16 15.91 AS	libavcodec/aarch64/synth_filter_neon.o
#16 15.91 CC	libavcodec/aarch64/vc1dsp_init_aarch64.o
#16 15.91 AS	libavcodec/aarch64/vc1dsp_neon.o
#16 15.91 AS	libavcodec/aarch64/videodsp.o
#16 15.92 CC	libavcodec/aarch64/videodsp_init.o
#16 15.92 CC	libavcodec/aarch64/vorbisdsp_init.o
#16 15.92 AS	libavcodec/aarch64/vorbisdsp_neon.o
#16 15.93 CC	libavcodec/aarch64/vp8dsp_init_aarch64.o
#16 15.93 AS	libavcodec/aarch64/vp8dsp_neon.o
#16 15.94 CC	libavcodec/aarch64/vp9dsp_init_10bpp_aarch64.o
#16 15.94 CC	libavcodec/aarch64/vp9dsp_init_12bpp_aarch64.o
#16 15.95 CC	libavcodec/aarch64/vp9dsp_init_aarch64.o
#16 15.95 AS	libavcodec/aarch64/vp9itxfm_16bpp_neon.o
#16 15.95 AS	libavcodec/aarch64/vp9itxfm_neon.o
#16 15.97 AS	libavcodec/aarch64/vp9lpf_16bpp_neon.o
#16 15.98 AS	libavcodec/aarch64/vp9lpf_neon.o
#16 15.98 AS	libavcodec/aarch64/vp9mc_16bpp_neon.o
#16 16.00 AS	libavcodec/aarch64/vp9mc_aarch64.o
#16 16.01 AS	libavcodec/aarch64/vp9mc_neon.o
#16 16.02 AS	libavcodec/aarch64/vvc/alf.o
#16 16.03 CC	libavcodec/aarch64/vvc/dsp_init.o
#16 16.04 AS	libavcodec/aarch64/vvc/inter.o
#16 16.06 AS	libavcodec/aarch64/vvc/sad.o
#16 16.06 CC	libavcodec/aasc.o
#16 16.07 CC	libavcodec/ac3.o
#16 16.09 CC	libavcodec/ac3_channel_layout_tab.o
#16 16.10 CC	libavcodec/ac3_parser.o
#16 16.11 CC	libavcodec/ac3dec_data.o
#16 16.13 CC	libavcodec/ac3dec_fixed.o
#16 16.13 CC	libavcodec/ac3dec_float.o
#16 16.13 CC	libavcodec/ac3dsp.o
#16 16.19 CC	libavcodec/ac3tab.o
#16 16.21 CC	libavcodec/acelp_filters.o
#16 16.23 CC	libavcodec/acelp_pitch_delay.o
#16 16.24 CC	libavcodec/acelp_vectors.o
#16 16.27 CC	libavcodec/adpcm.o
#16 16.30 CC	libavcodec/adpcm_data.o
#16 16.32 CC	libavcodec/adts_header.o
#16 16.32 CC	libavcodec/adts_parser.o
#16 16.32 CC	libavcodec/adx.o
#16 16.33 CC	libavcodec/adx_parser.o
#16 16.35 CC	libavcodec/adxdec.o
#16 16.35 CC	libavcodec/agm.o
#16 16.38 CC	libavcodec/aic.o
#16 16.40 CC	libavcodec/alac.o
#16 16.43 CC	libavcodec/alac_data.o
#16 16.44 CC	libavcodec/alacdsp.o
#16 16.46 CC	libavcodec/aliaspixdec.o
#16 16.49 CC	libavcodec/allcodecs.o
#16 16.53 CC	libavcodec/alsdec.o
#16 16.53 CC	libavcodec/amr_parser.o
#16 16.57 CC	libavcodec/amrnbdec.o
#16 16.57 CC	libavcodec/amrwbdec.o
#16 16.59 CC	libavcodec/anm.o
#16 16.60 CC	libavcodec/ansi.o
#16 16.68 CC	libavcodec/aom_film_grain.o
#16 16.70 CC	libavcodec/apac.o
#16 16.72 CC	libavcodec/apedec.o
#16 16.75 In file included from libavcodec/ac3dec_float.c:38:
#16 16.75 In function 'spx_strategy',
#16 16.75     inlined from 'decode_audio_block' at libavcodec/ac3dec.c:1142:24:
#16 16.75 libavcodec/ac3dec.c:854:37: warning: writing 1 byte into a region of size 0 [-Wstringop-overflow=]
#16 16.75   854 |             s->channel_uses_spx[ch] = get_bits1(bc);
#16 16.75       |             ~~~~~~~~~~~~~~~~~~~~~~~~^~~~~~~~~~~~~~~
#16 16.75 In file included from libavcodec/ac3dec_float.c:34:
#16 16.75 libavcodec/ac3dec.h: In function 'decode_audio_block':
#16 16.75 libavcodec/ac3dec.h:144:13: note: at offset 7 into destination object 'channel_uses_spx' of size 7
#16 16.75   144 |     uint8_t channel_uses_spx[AC3_MAX_CHANNELS]; ///< channel uses spectral extension        (chinspx)
#16 16.75       |             ^~~~~~~~~~~~~~~~
#16 16.76 In file included from libavcodec/ac3dec_fixed.c:156:
#16 16.76 In function 'spx_strategy',
#16 16.76     inlined from 'decode_audio_block' at libavcodec/ac3dec.c:1142:24:
#16 16.76 libavcodec/ac3dec.c:854:37: warning: writing 1 byte into a region of size 0 [-Wstringop-overflow=]
#16 16.76   854 |             s->channel_uses_spx[ch] = get_bits1(bc);
#16 16.76       |             ~~~~~~~~~~~~~~~~~~~~~~~~^~~~~~~~~~~~~~~
#16 16.76 In file included from libavcodec/ac3dec_fixed.c:51:
#16 16.76 libavcodec/ac3dec.h: In function 'decode_audio_block':
#16 16.76 libavcodec/ac3dec.h:144:13: note: at offset 7 into destination object 'channel_uses_spx' of size 7
#16 16.76   144 |     uint8_t channel_uses_spx[AC3_MAX_CHANNELS]; ///< channel uses spectral extension        (chinspx)
#16 16.76       |             ^~~~~~~~~~~~~~~~
#16 16.76 CC	libavcodec/aptx.o
#16 16.79 CC	libavcodec/aptxdec.o
#16 16.85 CC	libavcodec/arbc.o
#16 16.87 CC	libavcodec/argo.o
#16 16.95 CC	libavcodec/ass.o
#16 17.04 CC	libavcodec/assdec.o
#16 17.05 CC	libavcodec/asv.o
#16 17.07 CC	libavcodec/asvdec.o
#16 17.10 CC	libavcodec/atrac.o
#16 17.11 CC	libavcodec/atrac1.o
#16 17.11 CC	libavcodec/atrac3.o
#16 17.12 CC	libavcodec/atrac3plus.o
#16 17.15 CC	libavcodec/atrac3plusdec.o
#16 17.16 CC	libavcodec/atrac3plusdsp.o
#16 17.18 CC	libavcodec/atrac9dec.o
#16 17.41 CC	libavcodec/atsc_a53.o
#16 17.42 CC	libavcodec/audiodsp.o
#16 17.42 CC	libavcodec/aura.o
#16 17.45 CC	libavcodec/av1_parse.o
#16 17.46 CC	libavcodec/av1_parser.o
#16 17.47 CC	libavcodec/av1dec.o
#16 17.49 CC	libavcodec/avcodec.o
#16 17.56 CC	libavcodec/avdct.o
#16 17.64 CC	libavcodec/avfft.o
#16 17.65 CC	libavcodec/avrndec.o
#16 17.65 CC	libavcodec/avs.o
#16 17.66 CC	libavcodec/avs2.o
#16 17.69 CC	libavcodec/avs2_parser.o
#16 17.69 CC	libavcodec/avs3_parser.o
#16 17.70 CC	libavcodec/avuidec.o
#16 17.70 CC	libavcodec/bethsoftvideo.o
#16 17.70 CC	libavcodec/bfi.o
#16 17.73 CC	libavcodec/bgmc.o
#16 17.75 CC	libavcodec/bink.o
#16 17.86 CC	libavcodec/binkaudio.o
#16 17.89 CC	libavcodec/binkdsp.o
#16 17.89 CC	libavcodec/bintext.o
#16 17.91 CC	libavcodec/bitpacked_dec.o
#16 17.91 CC	libavcodec/bitstream.o
#16 17.93 CC	libavcodec/bitstream_filters.o
#16 17.94 CC	libavcodec/blockdsp.o
#16 17.95 CC	libavcodec/bmp.o
#16 17.96 CC	libavcodec/bmp_parser.o
#16 17.96 CC	libavcodec/bmvaudio.o
#16 17.98 CC	libavcodec/bmvvideo.o
#16 18.01 CC	libavcodec/bonk.o
#16 18.01 CC	libavcodec/brenderpix.o
#16 18.01 CC	libavcodec/bsf.o
#16 18.04 CC	libavcodec/bsf/av1_frame_merge.o
#16 18.04 CC	libavcodec/bsf/aac_adtstoasc.o
#16 18.04 CC	libavcodec/bsf/av1_frame_split.o
#16 18.08 CC	libavcodec/bsf/av1_metadata.o
#16 18.09 CC	libavcodec/bsf/chomp.o
#16 18.13 CC	libavcodec/bsf/dca_core.o
#16 18.13 CC	libavcodec/bsf/dovi_rpu.o
#16 18.14 CC	libavcodec/bsf/dts2pts.o
#16 18.14 CC	libavcodec/bsf/dump_extradata.o
#16 18.14 CC	libavcodec/bsf/dv_error_marker.o
#16 18.14 CC	libavcodec/bsf/eac3_core.o
#16 18.15 CC	libavcodec/bsf/evc_frame_merge.o
#16 18.17 CC	libavcodec/bsf/extract_extradata.o
#16 18.17 CC	libavcodec/bsf/filter_units.o
#16 18.23 CC	libavcodec/bsf/h264_metadata.o
#16 18.24 CC	libavcodec/bsf/h264_mp4toannexb.o
#16 18.25 CC	libavcodec/bsf/h264_redundant_pps.o
#16 18.25 CC	libavcodec/bsf/h265_metadata.o
#16 18.32 CC	libavcodec/bsf/h266_metadata.o
#16 18.32 CC	libavcodec/bsf/hapqa_extract.o
#16 18.35 CC	libavcodec/bsf/hevc_mp4toannexb.o
#16 18.35 CC	libavcodec/bsf/imx_dump_header.o
#16 18.36 CC	libavcodec/bsf/media100_to_mjpegb.o
#16 18.38 CC	libavcodec/bsf/mjpeg2jpeg.o
#16 18.40 CC	libavcodec/bsf/mjpega_dump_header.o
#16 18.41 CC	libavcodec/bsf/movsub.o
#16 18.41 CC	libavcodec/bsf/mpeg2_metadata.o
#16 18.42 CC	libavcodec/bsf/mpeg4_unpack_bframes.o
#16 18.47 CC	libavcodec/bsf/noise.o
#16 18.48 CC	libavcodec/bsf/null.o
#16 18.50 CC	libavcodec/bsf/opus_metadata.o
#16 18.50 CC	libavcodec/bsf/pcm_rechunk.o
#16 18.51 CC	libavcodec/bsf/pgs_frame_merge.o
#16 18.51 CC	libavcodec/bsf/prores_metadata.o
#16 18.52 CC	libavcodec/bsf/remove_extradata.o
#16 18.52 CC	libavcodec/bsf/showinfo.o
#16 18.52 CC	libavcodec/bsf/setts.o
#16 18.52 CC	libavcodec/bsf/trace_headers.o
#16 18.54 CC	libavcodec/bsf/truehd_core.o
#16 18.55 CC	libavcodec/bsf/vp9_metadata.o
#16 18.55 CC	libavcodec/bsf/vp9_raw_reorder.o
#16 18.55 CC	libavcodec/bsf/vp9_superframe.o
#16 18.56 CC	libavcodec/bsf/vp9_superframe_split.o
#16 18.57 CC	libavcodec/bsf/vvc_mp4toannexb.o
#16 18.57 CC	libavcodec/bswapdsp.o
#16 18.58 CC	libavcodec/c93.o
#16 18.59 CC	libavcodec/cabac.o
#16 18.60 CC	libavcodec/canopus.o
#16 18.60 CC	libavcodec/cavs.o
#16 18.60 CC	libavcodec/cavs_parser.o
#16 18.60 CC	libavcodec/cavsdata.o
#16 18.62 CC	libavcodec/cavsdec.o
#16 18.66 CC	libavcodec/cavsdsp.o
#16 18.67 CC	libavcodec/cbrt_data.o
#16 18.73 CC	libavcodec/cbrt_data_fixed.o
#16 18.73 CC	libavcodec/cbs.o
#16 18.73 CC	libavcodec/cbs_av1.o
#16 18.74 CC	libavcodec/cbs_bsf.o
#16 18.75 CC	libavcodec/cbs_h2645.o
#16 18.76 CC	libavcodec/cbs_sei.o
#16 18.76 CC	libavcodec/cbs_mpeg2.o
#16 18.77 CC	libavcodec/cbs_vp8.o
#16 18.79 CC	libavcodec/cbs_vp9.o
#16 18.79 CC	libavcodec/ccaption_dec.o
#16 18.80 CC	libavcodec/cdgraphics.o
#16 18.81 CC	libavcodec/cdtoons.o
#16 18.82 CC	libavcodec/cdxl.o
#16 18.84 CC	libavcodec/celp_filters.o
#16 18.91 CC	libavcodec/celp_math.o
#16 18.94 CC	libavcodec/cfhd.o
#16 18.98 CC	libavcodec/cfhddata.o
#16 18.99 CC	libavcodec/cfhddsp.o
#16 19.03 CC	libavcodec/cga_data.o
#16 19.05 CC	libavcodec/cinepak.o
#16 19.08 CC	libavcodec/clearvideo.o
#16 19.10 CC	libavcodec/cljrdec.o
#16 19.12 CC	libavcodec/cllc.o
#16 19.13 CC	libavcodec/cngdec.o
#16 19.13 CC	libavcodec/codec_desc.o
#16 19.16 CC	libavcodec/codec_par.o
#16 19.17 CC	libavcodec/container_fifo.o
#16 19.19 CC	libavcodec/cook.o
#16 19.22 CC	libavcodec/cook_parser.o
#16 19.22 CC	libavcodec/cpia.o
#16 19.24 CC	libavcodec/cri.o
#16 19.26 CC	libavcodec/cri_parser.o
#16 19.29 CC	libavcodec/cscd.o
#16 19.31 CC	libavcodec/cyuv.o
#16 19.32 CC	libavcodec/d3d11va.o
#16 19.34 CC	libavcodec/dca.o
#16 19.35 CC	libavcodec/dca_core.o
#16 19.35 CC	libavcodec/dca_exss.o
#16 19.36 CC	libavcodec/dca_lbr.o
#16 19.37 CC	libavcodec/dca_parser.o
#16 19.37 CC	libavcodec/dca_sample_rate_tab.o
#16 19.39 CC	libavcodec/dca_xll.o
#16 19.40 CC	libavcodec/dcadata.o
#16 19.41 CC	libavcodec/dcadct.o
#16 19.42 CC	libavcodec/dcadec.o
#16 19.43 CC	libavcodec/dcadsp.o
#16 19.47 libavcodec/cri.c: In function 'cri_decode_frame':
#16 19.47 libavcodec/cri.c:225:13: warning: ISO C90 forbids mixed declarations and code [-Wdeclaration-after-statement]
#16 19.47   225 |             int read_len = FFMIN(length, sizeof(codec_name) - 1);
#16 19.47       |             ^~~
#16 19.52 CC	libavcodec/dcahuff.o
#16 19.58 CC	libavcodec/dct32_fixed.o
#16 19.59 CC	libavcodec/dct32_float.o
#16 19.59 CC	libavcodec/dds.o
#16 19.60 CC	libavcodec/decode.o
#16 19.63 CC	libavcodec/dfa.o
#16 19.63 CC	libavcodec/dfpwmdec.o
#16 19.66 CC	libavcodec/dirac.o
#16 19.68 CC	libavcodec/dirac_arith.o
#16 19.70 CC	libavcodec/dirac_dwt.o
#16 19.70 CC	libavcodec/dirac_parser.o
#16 19.71 CC	libavcodec/dirac_vlc.o
#16 19.71 CC	libavcodec/diracdec.o
#16 19.75 CC	libavcodec/diracdsp.o
#16 19.77 CC	libavcodec/diractab.o
#16 19.79 CC	libavcodec/dnxhd_parser.o
#16 19.84 CC	libavcodec/dnxhddata.o
#16 19.88 CC	libavcodec/dnxhddec.o
#16 19.93 CC	libavcodec/dolby_e.o
#16 19.99 CC	libavcodec/dolby_e_parse.o
#16 19.99 CC	libavcodec/dolby_e_parser.o
#16 20.01 CC	libavcodec/dovi_rpu.o
#16 20.04 CC	libavcodec/dovi_rpudec.o
#16 20.08 CC	libavcodec/dovi_rpuenc.o
#16 20.11 CC	libavcodec/dpcm.o
#16 20.12 CC	libavcodec/dpx.o
#16 20.13 CC	libavcodec/dpx_parser.o
#16 20.15 CC	libavcodec/dsd.o
#16 20.19 CC	libavcodec/dsddec.o
#16 20.19 CC	libavcodec/dsicinaudio.o
#16 20.21 CC	libavcodec/dsicinvideo.o
#16 20.27 CC	libavcodec/dss_sp.o
#16 20.28 CC	libavcodec/dstdec.o
#16 20.35 CC	libavcodec/dv.o
#16 20.38 CC	libavcodec/dv_profile.o
#16 20.40 CC	libavcodec/dvaudio_parser.o
#16 20.43 CC	libavcodec/dvaudiodec.o
#16 20.45 CC	libavcodec/dvbsub_parser.o
#16 20.47 CC	libavcodec/dvbsubdec.o
#16 20.50 CC	libavcodec/dvd_nav_parser.o
#16 20.52 CC	libavcodec/dvdata.o
#16 20.52 CC	libavcodec/dvdec.o
#16 20.54 CC	libavcodec/dvdsub.o
#16 20.57 CC	libavcodec/dvdsub_parser.o
#16 20.58 CC	libavcodec/dvdsubdec.o
#16 20.60 CC	libavcodec/dxa.o
#16 20.63 CC	libavcodec/dxtory.o
#16 20.66 CC	libavcodec/dxv.o
#16 20.67 CC	libavcodec/dynamic_hdr_vivid.o
#16 20.70 CC	libavcodec/eac3_data.o
#16 20.74 CC	libavcodec/eacmv.o
#16 20.79 CC	libavcodec/eaidct.o
#16 20.82 libavcodec/dxv.c: In function 'dxv_decompress_opcodes':
#16 20.82 libavcodec/dxv.c:280:9: warning: ISO C90 forbids mixed declarations and code [-Wdeclaration-after-statement]
#16 20.82   280 |         int read_size = bytestream2_get_buffer(gb, dstp, op_size);
#16 20.82       |         ^~~
#16 20.82 libavcodec/dxv.c: In function 'dxv_decode':
#16 20.82 libavcodec/dxv.c:984:5: warning: ISO C90 forbids mixed declarations and code [-Wdeclaration-after-statement]
#16 20.82   984 |     unsigned old_size = ctx->tex_data_size;
#16 20.82       |     ^~~~~~~~
#16 20.83 CC	libavcodec/eamad.o
#16 20.84 CC	libavcodec/eatgq.o
#16 20.86 CC	libavcodec/eatgv.o
#16 20.88 CC	libavcodec/eatqi.o
#16 20.89 CC	libavcodec/elsdec.o
#16 20.90 CC	libavcodec/encode.o
#16 20.94 CC	libavcodec/error_resilience.o
#16 20.98 CC	libavcodec/escape124.o
#16 21.02 CC	libavcodec/escape130.o
#16 21.03 CC	libavcodec/evc_parse.o
#16 21.06 CC	libavcodec/evc_parser.o
#16 21.08 CC	libavcodec/evc_ps.o
#16 21.08 CC	libavcodec/evrcdec.o
#16 21.10 CC	libavcodec/exif.o
#16 21.11 CC	libavcodec/exr.o
#16 21.13 CC	libavcodec/exrdsp.o
#16 21.18 CC	libavcodec/faandct.o
#16 21.18 CC	libavcodec/faanidct.o
#16 21.20 CC	libavcodec/fastaudio.o
#16 21.24 CC	libavcodec/faxcompr.o
#16 21.25 CC	libavcodec/fdctdsp.o
#16 21.27 CC	libavcodec/ffv1.o
#16 21.28 CC	libavcodec/ffv1dec.o
#16 21.29 CC	libavcodec/ffwavesynth.o
#16 21.29 libavcodec/exr.c: In function 'decode_header':
#16 21.29 libavcodec/exr.c:1788:17: warning: ISO C90 forbids mixed declarations and code [-Wdeclaration-after-statement]
#16 21.29  1788 |                 EXRChannel *new_channels = av_realloc_array(s->channels,
#16 21.29       |                 ^~~~~~~~~~
#16 21.30 CC	libavcodec/fic.o
#16 21.31 CC	libavcodec/fits.o
#16 21.32 CC	libavcodec/fitsdec.o
#16 21.35 CC	libavcodec/flac.o
#16 21.36 CC	libavcodec/flac_parser.o
#16 21.47 CC	libavcodec/flacdata.o
#16 21.48 CC	libavcodec/flacdec.o
#16 21.48 CC	libavcodec/flacdsp.o
#16 21.51 CC	libavcodec/flashsv.o
#16 21.53 CC	libavcodec/flicvideo.o
#16 21.54 CC	libavcodec/flvdec.o
#16 21.60 CC	libavcodec/fmtconvert.o
#16 21.60 CC	libavcodec/fmvc.o
#16 21.61 CC	libavcodec/frame_thread_encoder.o
#16 21.61 CC	libavcodec/fraps.o
#16 21.62 CC	libavcodec/frwu.o
#16 21.67 CC	libavcodec/ftr.o
#16 21.68 CC	libavcodec/ftr_parser.o
#16 21.73 CC	libavcodec/g2meet.o
#16 21.77 CC	libavcodec/g722.o
#16 21.79 CC	libavcodec/g722dec.o
#16 21.79 CC	libavcodec/g722dsp.o
#16 21.83 CC	libavcodec/g723_1.o
#16 21.84 CC	libavcodec/g723_1_parser.o
#16 21.89 CC	libavcodec/g723_1dec.o
#16 21.90 CC	libavcodec/g726.o
#16 21.91 CC	libavcodec/g729_parser.o
#16 21.92 CC	libavcodec/g729dec.o
#16 21.93 CC	libavcodec/g729postfilter.o
#16 21.94 CC	libavcodec/gdv.o
#16 21.95 CC	libavcodec/gemdec.o
#16 21.98 CC	libavcodec/get_buffer.o
#16 22.01 CC	libavcodec/gif_parser.o
#16 22.01 CC	libavcodec/gifdec.o
#16 22.04 CC	libavcodec/golomb.o
#16 22.05 CC	libavcodec/gsm_parser.o
#16 22.05 CC	libavcodec/gsmdec.o
#16 22.07 CC	libavcodec/gsmdec_data.o
#16 22.09 CC	libavcodec/h261.o
#16 22.09 CC	libavcodec/h261_parser.o
#16 22.11 CC	libavcodec/h261data.o
#16 22.14 CC	libavcodec/h261dec.o
#16 22.17 CC	libavcodec/h263.o
#16 22.20 CC	libavcodec/h263_parser.o
#16 22.25 CC	libavcodec/h263data.o
#16 22.25 CC	libavcodec/h263dec.o
#16 22.26 CC	libavcodec/h263dsp.o
#16 22.28 CC	libavcodec/h2645_parse.o
#16 22.29 CC	libavcodec/h2645_sei.o
#16 22.30 CC	libavcodec/h2645_vui.o
#16 22.32 CC	libavcodec/h2645data.o
#16 22.34 CC	libavcodec/h264_cabac.o
#16 22.34 CC	libavcodec/h264_cavlc.o
#16 22.35 CC	libavcodec/h264_direct.o
#16 22.36 CC	libavcodec/h264_levels.o
#16 22.42 CC	libavcodec/h264_loopfilter.o
#16 22.43 CC	libavcodec/h264_mb.o
#16 22.45 CC	libavcodec/h264_parse.o
#16 22.46 CC	libavcodec/h264_parser.o
#16 22.47 CC	libavcodec/h264_picture.o
#16 22.48 CC	libavcodec/h264_ps.o
#16 22.51 CC	libavcodec/h264_refs.o
#16 22.53 CC	libavcodec/h264_sei.o
#16 22.57 CC	libavcodec/h264_slice.o
#16 22.60 CC	libavcodec/h264chroma.o
#16 22.65 libavcodec/h264_parser.c: In function 'scan_mmco_reset':
#16 22.65 libavcodec/h264_parser.c:229:13: warning: ISO C90 forbids mixed declarations and code [-Wdeclaration-after-statement]
#16 22.65   229 |             MMCOOpcode opcode = get_ue_golomb_31(gb);
#16 22.65       |             ^~~~~~~~~~
#16 22.66 CC	libavcodec/h264data.o
#16 22.69 CC	libavcodec/h264dec.o
#16 22.71 CC	libavcodec/h264dsp.o
#16 22.82 CC	libavcodec/h264idct.o
#16 22.84 CC	libavcodec/h264pred.o
#16 22.85 CC	libavcodec/h264qpel.o
#16 22.86 CC	libavcodec/h265_profile_level.o
#16 22.90 CC	libavcodec/h274.o
#16 22.99 CC	libavcodec/half2float.o
#16 23.00 CC	libavcodec/hap.o
#16 23.05 CC	libavcodec/hapdec.o
#16 23.07 CC	libavcodec/hcadec.o
#16 23.09 CC	libavcodec/hcom.o
#16 23.17 CC	libavcodec/hdr_parser.o
#16 23.24 CC	libavcodec/hdrdec.o
#16 23.24 CC	libavcodec/hevc/cabac.o
#16 23.31 CC	libavcodec/hevc/data.o
#16 23.32 CC	libavcodec/hevc/dsp.o
#16 23.33 CC	libavcodec/hevc/filter.o
#16 23.35 CC	libavcodec/hevc/hevcdec.o
#16 23.43 CC	libavcodec/hevc/mvs.o
#16 23.52 CC	libavcodec/hevc/parse.o
#16 23.57 CC	libavcodec/hevc/parser.o
#16 23.65 CC	libavcodec/hevc/pred.o
#16 23.68 CC	libavcodec/hevc/ps.o
#16 23.72 CC	libavcodec/hevc/refs.o
#16 23.76 CC	libavcodec/hevc/sei.o
#16 23.86 CC	libavcodec/hnm4video.o
#16 23.88 CC	libavcodec/hpeldsp.o
#16 23.93 libavcodec/hevc/refs.c: In function 'alloc_frame':
#16 23.93 libavcodec/hevc/refs.c:138:9: warning: ISO C90 forbids mixed declarations and code [-Wdeclaration-after-statement]
#16 23.93   138 |         size_t rpl_bytes;
#16 23.93       |         ^~~~~~
#16 24.08 CC	libavcodec/hq_hqa.o
#16 24.09 CC	libavcodec/hq_hqadsp.o
#16 24.10 CC	libavcodec/hqx.o
#16 24.10 CC	libavcodec/hqxdsp.o
#16 24.14 CC	libavcodec/hqxvlc.o
#16 24.17 CC	libavcodec/htmlsubtitles.o
#16 24.20 CC	libavcodec/huffman.o
#16 24.26 CC	libavcodec/huffyuv.o
#16 24.28 CC	libavcodec/huffyuvdec.o
#16 24.32 CC	libavcodec/idcinvideo.o
#16 24.33 CC	libavcodec/huffyuvdsp.o
#16 24.34 libavcodec/hevc/hevcdec.c: In function 'pred_weight_table':
#16 24.34 libavcodec/hevc/hevcdec.c:199:32: warning: writing 1 byte into a region of size 0 [-Wstringop-overflow=]
#16 24.34   199 |         luma_weight_l0_flag[i] = get_bits1(gb);
#16 24.34       |         ~~~~~~~~~~~~~~~~~~~~~~~^~~~~~~~~~~~~~~
#16 24.34 libavcodec/hevc/hevcdec.c:177:13: note: at offset 16 into destination object 'luma_weight_l0_flag' of size 16
#16 24.34   177 |     uint8_t luma_weight_l0_flag[16];
#16 24.34       |             ^~~~~~~~~~~~~~~~~~~
#16 24.34 libavcodec/hevc/hevcdec.c:207:38: warning: writing 1 byte into a region of size 0 [-Wstringop-overflow=]
#16 24.34   207 |             chroma_weight_l0_flag[i] = get_bits1(gb);
#16 24.34       |             ~~~~~~~~~~~~~~~~~~~~~~~~~^~~~~~~~~~~~~~~
#16 24.34 libavcodec/hevc/hevcdec.c:178:13: note: at offset 16 into destination object 'chroma_weight_l0_flag' of size 16
#16 24.34   178 |     uint8_t chroma_weight_l0_flag[16];
#16 24.34       |             ^~~~~~~~~~~~~~~~~~~~~
#16 24.34 libavcodec/hevc/hevcdec.c:243:36: warning: writing 1 byte into a region of size 0 [-Wstringop-overflow=]
#16 24.34   243 |             luma_weight_l1_flag[i] = get_bits1(gb);
#16 24.34       |             ~~~~~~~~~~~~~~~~~~~~~~~^~~~~~~~~~~~~~~
#16 24.34 libavcodec/hevc/hevcdec.c:179:13: note: at offset 16 into destination object 'luma_weight_l1_flag' of size 16
#16 24.34   179 |     uint8_t luma_weight_l1_flag[16];
#16 24.34       |             ^~~~~~~~~~~~~~~~~~~
#16 24.34 libavcodec/hevc/hevcdec.c:251:42: warning: writing 1 byte into a region of size 0 [-Wstringop-overflow=]
#16 24.34   251 |                 chroma_weight_l1_flag[i] = get_bits1(gb);
#16 24.34       |                 ~~~~~~~~~~~~~~~~~~~~~~~~~^~~~~~~~~~~~~~~
#16 24.34 libavcodec/hevc/hevcdec.c:180:13: note: at offset 16 into destination object 'chroma_weight_l1_flag' of size 16
#16 24.34   180 |     uint8_t chroma_weight_l1_flag[16];
#16 24.34       |             ^~~~~~~~~~~~~~~~~~~~~
#16 24.38 CC	libavcodec/idctdsp.o
#16 24.41 CC	libavcodec/iff.o
#16 24.44 CC	libavcodec/ilbcdec.o
#16 24.45 CC	libavcodec/imc.o
#16 24.46 CC	libavcodec/imgconvert.o
#16 24.46 CC	libavcodec/imm4.o
#16 24.50 CC	libavcodec/imm5.o
#16 24.52 CC	libavcodec/imx.o
#16 24.55 CC	libavcodec/indeo2.o
#16 24.58 CC	libavcodec/indeo3.o
#16 24.71 CC	libavcodec/indeo4.o
#16 24.82 CC	libavcodec/indeo5.o
#16 24.98 CC	libavcodec/intelh263dec.o
#16 24.99 CC	libavcodec/interplayacm.o
#16 24.99 CC	libavcodec/interplayvideo.o
#16 25.06 CC	libavcodec/intrax8.o
#16 25.09 CC	libavcodec/intrax8dsp.o
#16 25.11 CC	libavcodec/ipu_parser.o
#16 25.13 CC	libavcodec/ituh263dec.o
#16 25.14 CC	libavcodec/ivi.o
#16 25.15 CC	libavcodec/ivi_dsp.o
#16 25.16 CC	libavcodec/jacosubdec.o
#16 25.24 CC	libavcodec/jfdctfst.o
#16 25.25 CC	libavcodec/jfdctint.o
#16 25.29 CC	libavcodec/jni.o
#16 25.31 CC	libavcodec/jpeg2000.o
#16 25.32 CC	libavcodec/jpeg2000_parser.o
#16 25.33 CC	libavcodec/jpeg2000dec.o
#16 25.33 CC	libavcodec/jpeg2000dsp.o
#16 25.38 CC	libavcodec/jpeg2000dwt.o
#16 25.41 CC	libavcodec/jpeg2000htdec.o
#16 25.46 CC	libavcodec/jpegls.o
#16 25.46 CC	libavcodec/jpeglsdec.o
#16 25.47 CC	libavcodec/jpegquanttables.o
#16 25.48 CC	libavcodec/jpegtables.o
#16 25.48 CC	libavcodec/jpegxl_parse.o
#16 25.49 CC	libavcodec/jpegxl_parser.o
#16 25.49 CC	libavcodec/jrevdct.o
#16 25.51 CC	libavcodec/jvdec.o
#16 25.54 libavcodec/jpeg2000dec.c: In function 'get_siz':
#16 25.54 libavcodec/jpeg2000dec.c:285:5: warning: ISO C90 forbids mixed declarations and code [-Wdeclaration-after-statement]
#16 25.54   285 |     int cdef_used = 0;
#16 25.54       |     ^~~
#16 25.54 libavcodec/jpeg2000dec.c:305:9: warning: ISO C90 forbids mixed declarations and code [-Wdeclaration-after-statement]
#16 25.54   305 |         int i_remapped = s->cdef[i] ? s->cdef[i]-1 : (s->ncomponents-1);
#16 25.54       |         ^~~
#16 25.62 CC	libavcodec/kbdwin.o
#16 25.64 libavcodec/jrevdct.c:215:28: warning: argument 1 of type 'int16_t[64]' {aka 'short int[64]'} with mismatched bound [-Warray-parameter=]
#16 25.64   215 | void ff_j_rev_dct(DCTBLOCK data)
#16 25.64       |                   ~~~~~~~~~^~~~
#16 25.64 In file included from libavcodec/jrevdct.c:70:
#16 25.64 libavcodec/dct.h:30:28: note: previously declared as 'int16_t *' {aka 'short int *'}
#16 25.64    30 | void ff_j_rev_dct(int16_t *data);
#16 25.64       |                   ~~~~~~~~~^~~~
#16 25.64 libavcodec/jrevdct.c:953:29: warning: argument 1 of type 'int16_t[64]' {aka 'short int[64]'} with mismatched bound [-Warray-parameter=]
#16 25.64   953 | void ff_j_rev_dct4(DCTBLOCK data)
#16 25.64       |                    ~~~~~~~~~^~~~
#16 25.64 libavcodec/dct.h:31:29: note: previously declared as 'int16_t *' {aka 'short int *'}
#16 25.64    31 | void ff_j_rev_dct4(int16_t *data);
#16 25.64       |                    ~~~~~~~~~^~~~
#16 25.64 libavcodec/jrevdct.c:1140:29: warning: argument 1 of type 'int16_t[64]' {aka 'short int[64]'} with mismatched bound [-Warray-parameter=]
#16 25.64  1140 | void ff_j_rev_dct2(DCTBLOCK data){
#16 25.64       |                    ~~~~~~~~~^~~~
#16 25.64 libavcodec/dct.h:32:29: note: previously declared as 'int16_t *' {aka 'short int *'}
#16 25.64    32 | void ff_j_rev_dct2(int16_t *data);
#16 25.64       |                    ~~~~~~~~~^~~~
#16 25.64 libavcodec/jrevdct.c:1155:29: warning: argument 1 of type 'int16_t[64]' {aka 'short int[64]'} with mismatched bound [-Warray-parameter=]
#16 25.64  1155 | void ff_j_rev_dct1(DCTBLOCK data){
#16 25.64       |                    ~~~~~~~~~^~~~
#16 25.64 libavcodec/dct.h:33:29: note: previously declared as 'int16_t *' {aka 'short int *'}
#16 25.64    33 | void ff_j_rev_dct1(int16_t *data);
#16 25.64       |                    ~~~~~~~~~^~~~
#16 25.65 CC	libavcodec/kgv1dec.o
#16 25.66 CC	libavcodec/kmvc.o
#16 25.71 CC	libavcodec/lagarith.o
#16 25.76 CC	libavcodec/lagarithrac.o
#16 25.77 CC	libavcodec/latm_parser.o
#16 25.79 CC	libavcodec/lcldec.o
#16 25.84 CC	libavcodec/leaddec.o
#16 25.85 CC	libavcodec/libdav1d.o
#16 25.89 CC	libavcodec/loco.o
#16 25.93 CC	libavcodec/lossless_audiodsp.o
#16 25.94 CC	libavcodec/lossless_videodsp.o
#16 25.95 CC	libavcodec/lscrdec.o
#16 25.97 CC	libavcodec/lsp.o
#16 26.02 libavcodec/lcldec.c: In function 'decode_frame':
#16 26.02 libavcodec/lcldec.c:309:17: warning: ISO C90 forbids mixed declarations and code [-Wdeclaration-after-statement]
#16 26.02   309 |                 unsigned uqvq = AV_RL16(encoded+pixel_ptr);
#16 26.02       |                 ^~~~~~~~
#16 26.02 CC	libavcodec/lzf.o
#16 26.03 CC	libavcodec/lzw.o
#16 26.11 CC	libavcodec/m101.o
#16 26.13 CC	libavcodec/mace.o
#16 26.13 CC	libavcodec/magicyuv.o
#16 26.15 CC	libavcodec/mathtables.o
#16 26.17 CC	libavcodec/mdec.o
#16 26.18 CC	libavcodec/me_cmp.o
#16 26.20 CC	libavcodec/mediacodec.o
#16 26.20 CC	libavcodec/metasound.o
#16 26.21 CC	libavcodec/microdvddec.o
#16 26.22 libavcodec/lzf.c: In function 'ff_lzf_uncompress':
#16 26.22 libavcodec/lzf.c:72:13: warning: ISO C90 forbids mixed declarations and code [-Wdeclaration-after-statement]
#16 26.22    72 |             int s2 = bytestream2_get_buffer(gb, p, s);
#16 26.22       |             ^~~
#16 26.25 CC	libavcodec/midivid.o
#16 26.25 CC	libavcodec/mimic.o
#16 26.25 CC	libavcodec/misc4.o
#16 26.28 CC	libavcodec/misc4_parser.o
#16 26.32 CC	libavcodec/mjpeg_parser.o
#16 26.32 CC	libavcodec/mjpegbdec.o
#16 26.34 CC	libavcodec/mjpegdec.o
#16 26.34 CC	libavcodec/mjpegdec_common.o
#16 26.37 CC	libavcodec/mjpegenc.o
#16 26.41 CC	libavcodec/mjpegenc_common.o
#16 26.45 CC	libavcodec/mjpegenc_huffman.o
#16 26.49 CC	libavcodec/mlp.o
#16 26.53 CC	libavcodec/mlp_parse.o
#16 26.54 CC	libavcodec/mlp_parser.o
#16 26.55 CC	libavcodec/mlpdec.o
#16 26.55 CC	libavcodec/mlpdsp.o
#16 26.58 CC	libavcodec/mlz.o
#16 26.60 CC	libavcodec/mmvideo.o
#16 26.63 CC	libavcodec/mobiclip.o
#16 26.68 CC	libavcodec/motionpixels.o
#16 26.68 CC	libavcodec/motion_est.o
#16 26.70 CC	libavcodec/movtextdec.o
#16 26.75 CC	libavcodec/mpc.o
#16 26.76 CC	libavcodec/mpc7.o
#16 26.77 CC	libavcodec/mpc8.o
#16 26.78 CC	libavcodec/mpeg12.o
#16 26.81 CC	libavcodec/mpeg12data.o
#16 26.84 CC	libavcodec/mpeg12dec.o
#16 26.86 CC	libavcodec/mpeg12framerate.o
#16 26.86 CC	libavcodec/mpeg4audio.o
#16 26.88 CC	libavcodec/mpeg4audio_sample_rates.o
#16 26.90 CC	libavcodec/mpeg4video.o
#16 26.92 CC	libavcodec/mpeg4video_parser.o
#16 26.97 CC	libavcodec/mpeg4videodec.o
#16 26.99 libavcodec/mpc8.c: In function 'mpc8_decode_init':
#16 26.99 libavcodec/mpc8.c:158:5: warning: ISO C90 forbids mixed declarations and code [-Wdeclaration-after-statement]
#16 26.99   158 |     uint8_t sample_rate_idx = get_bits(&gb, 3);
#16 26.99       |     ^~~~~~~
#16 27.02 CC	libavcodec/mpeg4videodsp.o
#16 27.06 CC	libavcodec/mpeg_er.o
#16 27.06 CC	libavcodec/mpegaudio.o
#16 27.08 CC	libavcodec/mpegaudio_parser.o
#16 27.11 CC	libavcodec/mpegaudiodata.o
#16 27.12 CC	libavcodec/mpegaudiodec_common.o
#16 27.13 CC	libavcodec/mpegaudiodec_fixed.o
#16 27.14 CC	libavcodec/mpegaudiodec_float.o
#16 27.15 CC	libavcodec/mpegaudiodecheader.o
#16 27.19 CC	libavcodec/mpegaudiodsp.o
#16 27.19 CC	libavcodec/mpegaudiodsp_data.o
#16 27.22 CC	libavcodec/mpegaudiodsp_fixed.o
#16 27.23 CC	libavcodec/mpegaudiodsp_float.o
#16 27.25 CC	libavcodec/mpegaudiotabs.o
#16 27.26 CC	libavcodec/mpegpicture.o
#16 27.26 CC	libavcodec/mpegutils.o
#16 27.29 CC	libavcodec/mpegvideo.o
#16 27.33 CC	libavcodec/mpegvideo_dec.o
#16 27.35 CC	libavcodec/mpegvideo_enc.o
#16 27.35 CC	libavcodec/mpegvideo_motion.o
#16 27.36 CC	libavcodec/mpegvideo_parser.o
#16 27.42 CC	libavcodec/mpegvideodata.o
#16 27.44 CC	libavcodec/mpegvideoencdsp.o
#16 27.50 CC	libavcodec/mpl2dec.o
#16 27.60 CC	libavcodec/mqc.o
#16 27.62 CC	libavcodec/mqcdec.o
#16 27.64 libavcodec/mpegvideo_enc.c: In function 'write_mb_info':
#16 27.64 libavcodec/mpegvideo_enc.c:2805:5: warning: 'pred_x' is used uninitialized [-Wuninitialized]
#16 27.64  2805 |     bytestream_put_byte(&ptr, pred_x); /* hmv1 */
#16 27.64       |     ^~~~~~~~~~~~~~~~~~~~~~~~~~~~~~~~~
#16 27.64 libavcodec/mpegvideo_enc.c:2798:9: note: 'pred_x' was declared here
#16 27.64  2798 |     int pred_x, pred_y;
#16 27.64       |         ^~~~~~
#16 27.64 libavcodec/mpegvideo_enc.c:2806:5: warning: 'pred_y' is used uninitialized [-Wuninitialized]
#16 27.64  2806 |     bytestream_put_byte(&ptr, pred_y); /* vmv1 */
#16 27.64       |     ^~~~~~~~~~~~~~~~~~~~~~~~~~~~~~~~~
#16 27.64 libavcodec/mpegvideo_enc.c:2798:17: note: 'pred_y' was declared here
#16 27.64  2798 |     int pred_x, pred_y;
#16 27.64       |                 ^~~~~~
#16 27.64 CC	libavcodec/mscc.o
#16 27.64 CC	libavcodec/msgsmdec.o
#16 27.66 CC	libavcodec/msmpeg4.o
#16 27.70 CC	libavcodec/msmpeg4_vc1_data.o
#16 27.73 CC	libavcodec/msmpeg4data.o
#16 27.75 CC	libavcodec/msmpeg4dec.o
#16 27.76 CC	libavcodec/msp2dec.o
#16 27.77 CC	libavcodec/msrle.o
#16 27.85 CC	libavcodec/msrledec.o
#16 27.87 CC	libavcodec/mss1.o
#16 27.94 CC	libavcodec/mss12.o
#16 27.96 CC	libavcodec/mss2.o
#16 27.96 CC	libavcodec/mss2dsp.o
#16 27.98 CC	libavcodec/mss3.o
#16 27.98 CC	libavcodec/mss34dsp.o
#16 28.00 CC	libavcodec/mss4.o
#16 28.04 CC	libavcodec/msvideo1.o
#16 28.05 CC	libavcodec/mv30.o
#16 28.08 CC	libavcodec/mvcdec.o
#16 28.10 CC	libavcodec/mvha.o
#16 28.13 CC	libavcodec/mwsc.o
#16 28.18 CC	libavcodec/mxpegdec.o
#16 28.20 CC	libavcodec/nellymoser.o
#16 28.25 CC	libavcodec/nellymoserdec.o
#16 28.27 CC	libavcodec/neon/mpegvideo.o
#16 28.40 CC	libavcodec/notchlc.o
#16 28.41 CC	libavcodec/null.o
#16 28.41 CC	libavcodec/nuv.o
#16 28.42 CC	libavcodec/on2avc.o
#16 28.43 CC	libavcodec/on2avcdata.o
#16 28.43 CC	libavcodec/options.o
#16 28.44 CC	libavcodec/opus/celt.o
#16 28.48 CC	libavcodec/opus/dec.o
#16 28.49 CC	libavcodec/opus/dec_celt.o
#16 28.49 CC	libavcodec/opus/dsp.o
#16 28.49 CC	libavcodec/opus/parse.o
#16 28.50 CC	libavcodec/opus/parser.o
#16 28.51 CC	libavcodec/opus/pvq.o
#16 28.52 CC	libavcodec/opus/rc.o
#16 28.53 CC	libavcodec/opus/silk.o
#16 28.57 CC	libavcodec/opus/tab.o
#16 28.60 CC	libavcodec/osq.o
#16 28.61 CC	libavcodec/packet.o
#16 28.70 CC	libavcodec/pafaudio.o
#16 28.70 CC	libavcodec/pafvideo.o
#16 28.73 CC	libavcodec/parser.o
#16 28.79 CC	libavcodec/parsers.o
#16 28.82 CC	libavcodec/pcm-bluray.o
#16 28.83 CC	libavcodec/pcm-dvd.o
#16 28.85 CC	libavcodec/pcm.o
#16 28.86 CC	libavcodec/pcx.o
#16 28.87 CC	libavcodec/pdvdec.o
#16 28.90 CC	libavcodec/pgssubdec.o
#16 28.92 CC	libavcodec/pgxdec.o
#16 28.96 CC	libavcodec/photocd.o
#16 28.96 CC	libavcodec/pictordec.o
#16 28.97 CC	libavcodec/pixblockdsp.o
#16 29.00 CC	libavcodec/pixlet.o
#16 29.05 libavcodec/pcm.c: In function 'pcm_decode_init':
#16 29.05 libavcodec/pcm.c:287:5: warning: 'sample_fmts' is deprecated [-Wdeprecated-declarations]
#16 29.05   287 |     avctx->sample_fmt = avctx->codec->sample_fmts[0];
#16 29.05       |     ^~~~~
#16 29.05 In file included from libavcodec/avcodec.h:41,
#16 29.05                  from libavcodec/pcm.c:34:
#16 29.05 libavcodec/codec.h:219:32: note: declared here
#16 29.05   219 |     const enum AVSampleFormat *sample_fmts; ///< @deprecated use avcodec_get_supported_config()
#16 29.05       |                                ^~~~~~~~~~~
#16 29.05 libavcodec/pcm.c: At top level:
#16 29.05 libavcodec/pcm.c:96:12: warning: 'pcm_encode_frame' defined but not used [-Wunused-function]
#16 29.05    96 | static int pcm_encode_frame(AVCodecContext *avctx, AVPacket *avpkt,
#16 29.05       |            ^~~~~~~~~~~~~~~~
#16 29.05 libavcodec/pcm.c:41:20: warning: 'pcm_encode_init' defined but not used [-Wunused-function]
#16 29.05    41 | static av_cold int pcm_encode_init(AVCodecContext *avctx)
#16 29.05       |                    ^~~~~~~~~~~~~~~
#16 29.07 CC	libavcodec/png.o
#16 29.11 CC	libavcodec/png_parser.o
#16 29.12 CC	libavcodec/pngdec.o
#16 29.13 CC	libavcodec/pngdsp.o
#16 29.13 CC	libavcodec/pnm.o
#16 29.14 CC	libavcodec/pnm_parser.o
#16 29.14 CC	libavcodec/pnmdec.o
#16 29.14 CC	libavcodec/profiles.o
#16 29.16 CC	libavcodec/proresdata.o
#16 29.17 CC	libavcodec/proresdec.o
#16 29.20 CC	libavcodec/proresdsp.o
#16 29.22 CC	libavcodec/prosumer.o
#16 29.23 CC	libavcodec/psd.o
#16 29.23 CC	libavcodec/pthread.o
#16 29.25 CC	libavcodec/pthread_frame.o
#16 29.25 CC	libavcodec/pthread_slice.o
#16 29.25 CC	libavcodec/ptx.o
#16 29.26 CC	libavcodec/qcelpdec.o
#16 29.28 CC	libavcodec/qdm2.o
#16 29.32 CC	libavcodec/qdmc.o
#16 29.33 CC	libavcodec/qdrw.o
#16 29.33 CC	libavcodec/qoadec.o
#16 29.33 CC	libavcodec/qoi_parser.o
#16 29.39 CC	libavcodec/qoidec.o
#16 29.44 CC	libavcodec/qpeg.o
#16 29.46 CC	libavcodec/qpeldsp.o
#16 29.48 CC	libavcodec/qsv_api.o
#16 29.50 CC	libavcodec/qtrle.o
#16 29.51 CC	libavcodec/r210dec.o
#16 29.58 CC	libavcodec/ra144.o
#16 29.59 CC	libavcodec/ra144dec.o
#16 29.60 CC	libavcodec/ra288.o
#16 29.61 CC	libavcodec/ralf.o
#16 29.65 CC	libavcodec/rangecoder.o
#16 29.66 CC	libavcodec/rasc.o
#16 29.71 CC	libavcodec/ratecontrol.o
#16 29.74 CC	libavcodec/raw.o
#16 29.76 CC	libavcodec/rawdec.o
#16 29.79 CC	libavcodec/realtextdec.o
#16 29.80 CC	libavcodec/refstruct.o
#16 29.83 libavcodec/rasc.c: In function 'decode_move':
#16 29.83 libavcodec/rasc.c:300:13: warning: ISO C90 forbids mixed declarations and code [-Wdeclaration-after-statement]
#16 29.83   300 |             uint8_t *buffer = s->mv_scratch;
#16 29.83       |             ^~~~~~~
#16 29.83 CC	libavcodec/rka.o
#16 29.83 CC	libavcodec/rl.o
#16 29.88 CC	libavcodec/rl2.o
#16 29.92 CC	libavcodec/roqvideo.o
#16 29.93 CC	libavcodec/roqvideodec.o
#16 29.93 CC	libavcodec/rpza.o
#16 29.94 CC	libavcodec/rscc.o
#16 29.98 CC	libavcodec/rtjpeg.o
#16 29.98 CC	libavcodec/rtv1.o
#16 29.99 CC	libavcodec/rv10.o
#16 30.00 CC	libavcodec/rv30.o
#16 30.10 CC	libavcodec/rv30dsp.o
#16 30.15 CC	libavcodec/rv34.o
#16 30.18 CC	libavcodec/rv34_parser.o
#16 30.19 CC	libavcodec/rv34dsp.o
#16 30.20 CC	libavcodec/rv40.o
#16 30.21 CC	libavcodec/rv40dsp.o
#16 30.22 CC	libavcodec/s302m.o
#16 30.23 CC	libavcodec/samidec.o
#16 30.27 CC	libavcodec/sanm.o
#16 30.29 CC	libavcodec/sbc.o
#16 30.30 CC	libavcodec/sbc_parser.o
#16 30.31 CC	libavcodec/sbcdec.o
#16 30.32 CC	libavcodec/sbcdec_data.o
#16 30.32 CC	libavcodec/sbrdsp.o
#16 30.33 CC	libavcodec/sbrdsp_fixed.o
#16 30.34 CC	libavcodec/scpr.o
#16 30.34 CC	libavcodec/screenpresso.o
#16 30.35 CC	libavcodec/sga.o
#16 30.36 CC	libavcodec/sgidec.o
#16 30.38 CC	libavcodec/sgirledec.o
#16 30.39 CC	libavcodec/sheervideo.o
#16 30.45 CC	libavcodec/shorten.o
#16 30.48 CC	libavcodec/simple_idct.o
#16 30.48 CC	libavcodec/sinewin.o
#16 30.52 libavcodec/sga.c: In function 'decode_palmapdata':
#16 30.52 libavcodec/sga.c:257:9: warning: variable 'ret' set but not used [-Wunused-but-set-variable]
#16 30.52   257 |     int ret;
#16 30.52       |         ^~~
#16 30.52 libavcodec/sga.c: In function 'decode_tiledata':
#16 30.52 libavcodec/sga.c:282:9: warning: variable 'ret' set but not used [-Wunused-but-set-variable]
#16 30.52   282 |     int ret;
#16 30.52       |         ^~~
#16 30.52 CC	libavcodec/sipr.o
#16 30.57 CC	libavcodec/sipr16k.o
#16 30.60 CC	libavcodec/sipr_parser.o
#16 30.64 CC	libavcodec/siren.o
#16 30.65 CC	libavcodec/smacker.o
#16 30.65 CC	libavcodec/smc.o
#16 30.73 CC	libavcodec/snappy.o
#16 30.74 CC	libavcodec/snow.o
#16 30.76 CC	libavcodec/snow_dwt.o
#16 30.96 CC	libavcodec/snowdec.o
#16 31.01 CC	libavcodec/sonic.o
#16 31.03 CC	libavcodec/sp5xdec.o
#16 31.03 CC	libavcodec/speedhq.o
#16 31.05 CC	libavcodec/speedhqdec.o
#16 31.05 CC	libavcodec/speexdec.o
#16 31.11 CC	libavcodec/srtdec.o
#16 31.12 CC	libavcodec/startcode.o
#16 31.12 CC	libavcodec/subviewerdec.o
#16 31.15 CC	libavcodec/sunrast.o
#16 31.17 CC	libavcodec/svq1.o
#16 31.21 CC	libavcodec/svq1dec.o
#16 31.23 CC	libavcodec/svq3.o
#16 31.23 CC	libavcodec/synth_filter.o
#16 31.27 CC	libavcodec/tak.o
#16 31.28 CC	libavcodec/tak_parser.o
#16 31.31 CC	libavcodec/takdec.o
#16 31.31 CC	libavcodec/takdsp.o
#16 31.35 CC	libavcodec/targa.o
#16 31.35 CC	libavcodec/targa_y216dec.o
#16 31.36 CC	libavcodec/tdsc.o
#16 31.37 CC	libavcodec/textdec.o
#16 31.40 CC	libavcodec/texturedsp.o
#16 31.41 CC	libavcodec/threadprogress.o
#16 31.41 CC	libavcodec/tiertexseqv.o
#16 31.46 CC	libavcodec/tiff.o
#16 31.63 CC	libavcodec/tiff_common.o
#16 31.67 CC	libavcodec/tmv.o
#16 31.71 CC	libavcodec/to_upper4.o
#16 31.71 CC	libavcodec/tpeldsp.o
#16 31.73 CC	libavcodec/truemotion1.o
#16 31.75 CC	libavcodec/truemotion2.o
#16 31.75 CC	libavcodec/truemotion2rt.o
#16 31.77 CC	libavcodec/truespeech.o
#16 31.78 CC	libavcodec/tscc.o
#16 31.78 CC	libavcodec/tscc2.o
#16 31.89 CC	libavcodec/tta.o
#16 32.00 CC	libavcodec/ttadata.o
#16 32.00 CC	libavcodec/ttadsp.o
#16 32.02 CC	libavcodec/twinvq.o
#16 32.04 CC	libavcodec/twinvqdec.o
#16 32.05 CC	libavcodec/txd.o
#16 32.07 CC	libavcodec/ulti.o
#16 32.11 CC	libavcodec/utils.o
#16 32.11 CC	libavcodec/utvideodec.o
#16 32.12 CC	libavcodec/utvideodsp.o
#16 32.14 CC	libavcodec/v210dec.o
#16 32.18 CC	libavcodec/v210x.o
#16 32.19 CC	libavcodec/v308dec.o
#16 32.20 CC	libavcodec/v408dec.o
#16 32.23 CC	libavcodec/v410dec.o
#16 32.25 CC	libavcodec/vb.o
#16 32.26 CC	libavcodec/vble.o
#16 32.29 CC	libavcodec/vbndec.o
#16 32.31 CC	libavcodec/vc1.o
#16 32.33 CC	libavcodec/vc1_block.o
#16 32.34 CC	libavcodec/vc1_loopfilter.o
#16 32.34 CC	libavcodec/vc1_mc.o
#16 32.40 CC	libavcodec/vc1_parser.o
#16 32.43 CC	libavcodec/vc1_pred.o
#16 32.49 CC	libavcodec/vc1data.o
#16 32.50 CC	libavcodec/vc1dec.o
#16 32.52 CC	libavcodec/vc1dsp.o
#16 32.56 CC	libavcodec/vcr1.o
#16 32.57 CC	libavcodec/version.o
#16 32.58 CC	libavcodec/videodsp.o
#16 32.61 CC	libavcodec/vima.o
#16 32.63 CC	libavcodec/vlc.o
#16 32.63 CC	libavcodec/vmdaudio.o
#16 32.64 CC	libavcodec/vmdvideo.o
#16 32.67 CC	libavcodec/vmixdec.o
#16 32.67 CC	libavcodec/vmnc.o
#16 32.72 CC	libavcodec/vorbis.o
#16 32.73 CC	libavcodec/vorbis_data.o
#16 32.77 CC	libavcodec/vorbis_parser.o
#16 32.79 CC	libavcodec/vorbisdec.o
#16 32.84 CC	libavcodec/vorbisdsp.o
#16 32.86 CC	libavcodec/vp3.o
#16 32.87 CC	libavcodec/vp3_parser.o
#16 32.90 CC	libavcodec/vp3dsp.o
#16 32.92 CC	libavcodec/vp5.o
#16 32.95 CC	libavcodec/vp56.o
#16 33.01 In function 'add_level',
#16 33.01     inlined from 'add_level' at libavcodec/vlc.c:457:17,
#16 33.01     inlined from 'add_level' at libavcodec/vlc.c:457:17,
#16 33.01     inlined from 'add_level' at libavcodec/vlc.c:457:17,
#16 33.01     inlined from 'vlc_multi_gen' at libavcodec/vlc.c:508:5,
#16 33.01     inlined from 'ff_vlc_init_multi_from_lengths' at libavcodec/vlc.c:564:11:
#16 33.01 libavcodec/vlc.c:443:36: warning: array subscript 3 is above array bounds of 'uint16_t[3]' {aka 'short unsigned int[3]'} [-Warray-bounds=]
#16 33.01   443 |             if (is16bit) info.val16[curlevel] = sym;
#16 33.01       |                          ~~~~~~~~~~^~~~~~~~~~
#16 33.01 In file included from libavcodec/vlc.c:39:
#16 33.01 libavcodec/vlc.h: In function 'ff_vlc_init_multi_from_lengths':
#16 33.01 libavcodec/vlc.h:45:18: note: while referencing 'val16'
#16 33.01    45 |         uint16_t val16[VLC_MULTI_MAX_SYMBOLS / 2];
#16 33.01       |                  ^~~~~
#16 33.01 In function 'add_level',
#16 33.01     inlined from 'add_level' at libavcodec/vlc.c:457:17,
#16 33.01     inlined from 'add_level' at libavcodec/vlc.c:457:17,
#16 33.01     inlined from 'add_level' at libavcodec/vlc.c:457:17,
#16 33.01     inlined from 'add_level' at libavcodec/vlc.c:457:17,
#16 33.01     inlined from 'vlc_multi_gen' at libavcodec/vlc.c:508:5,
#16 33.01     inlined from 'ff_vlc_init_multi_from_lengths' at libavcodec/vlc.c:564:11:
#16 33.01 libavcodec/vlc.c:443:36: warning: array subscript 4 is above array bounds of 'uint16_t[3]' {aka 'short unsigned int[3]'} [-Warray-bounds=]
#16 33.01   443 |             if (is16bit) info.val16[curlevel] = sym;
#16 33.01       |                          ~~~~~~~~~~^~~~~~~~~~
#16 33.01 libavcodec/vlc.h: In function 'ff_vlc_init_multi_from_lengths':
#16 33.01 libavcodec/vlc.h:45:18: note: while referencing 'val16'
#16 33.01    45 |         uint16_t val16[VLC_MULTI_MAX_SYMBOLS / 2];
#16 33.01       |                  ^~~~~
#16 33.01 In function 'add_level',
#16 33.01     inlined from 'add_level' at libavcodec/vlc.c:457:17,
#16 33.01     inlined from 'add_level' at libavcodec/vlc.c:457:17,
#16 33.01     inlined from 'add_level' at libavcodec/vlc.c:457:17,
#16 33.01     inlined from 'add_level' at libavcodec/vlc.c:457:17,
#16 33.01     inlined from 'add_level' at libavcodec/vlc.c:457:17,
#16 33.01     inlined from 'vlc_multi_gen' at libavcodec/vlc.c:508:5,
#16 33.01     inlined from 'ff_vlc_init_multi_from_lengths' at libavcodec/vlc.c:564:11:
#16 33.01 libavcodec/vlc.c:443:36: warning: array subscript 5 is above array bounds of 'uint16_t[3]' {aka 'short unsigned int[3]'} [-Warray-bounds=]
#16 33.01   443 |             if (is16bit) info.val16[curlevel] = sym;
#16 33.01       |                          ~~~~~~~~~~^~~~~~~~~~
#16 33.01 libavcodec/vlc.h: In function 'ff_vlc_init_multi_from_lengths':
#16 33.01 libavcodec/vlc.h:45:18: note: while referencing 'val16'
#16 33.01    45 |         uint16_t val16[VLC_MULTI_MAX_SYMBOLS / 2];
#16 33.01       |                  ^~~~~
#16 33.01 CC	libavcodec/vp56data.o
#16 33.02 CC	libavcodec/vp56dsp.o
#16 33.07 CC	libavcodec/vp6.o
#16 33.07 CC	libavcodec/vp6dsp.o
#16 33.12 CC	libavcodec/vp8.o
#16 33.12 CC	libavcodec/vp8_parser.o
#16 33.13 CC	libavcodec/vp8data.o
#16 33.15 CC	libavcodec/vp8dsp.o
#16 33.15 CC	libavcodec/vp9.o
#16 33.19 CC	libavcodec/vp9_parser.o
#16 33.23 CC	libavcodec/vp9block.o
#16 33.24 CC	libavcodec/vp9data.o
#16 33.30 CC	libavcodec/vp9dsp.o
#16 33.32 CC	libavcodec/vp9dsp_10bpp.o
#16 33.37 CC	libavcodec/vp9dsp_12bpp.o
#16 33.43 CC	libavcodec/vp9dsp_8bpp.o
#16 33.56 CC	libavcodec/vp9lpf.o
#16 33.58 CC	libavcodec/vp9mvs.o
#16 33.63 CC	libavcodec/vp9prob.o
#16 33.67 CC	libavcodec/vp9recon.o
#16 33.88 CC	libavcodec/vpx_rac.o
#16 33.94 CC	libavcodec/vqavideo.o
#16 34.05 CC	libavcodec/vqcdec.o
#16 34.05 CC	libavcodec/vvc/cabac.o
#16 34.19 CC	libavcodec/vvc/ctu.o
#16 34.25 CC	libavcodec/vvc/data.o
#16 34.33 CC	libavcodec/vvc/dec.o
#16 34.39 CC	libavcodec/vvc/dsp.o
#16 34.42 CC	libavcodec/vvc/filter.o
#16 34.49 CC	libavcodec/vvc/inter.o
#16 34.58 CC	libavcodec/vvc/intra.o
#16 34.62 CC	libavcodec/vvc/intra_utils.o
#16 34.66 CC	libavcodec/vvc/itx_1d.o
#16 34.87 CC	libavcodec/vvc/mvs.o
#16 35.07 CC	libavcodec/vvc/ps.o
#16 35.08 CC	libavcodec/vvc/refs.o
#16 35.24 CC	libavcodec/vvc/thread.o
#16 35.36 CC	libavcodec/vvc_parser.o
#16 35.52 CC	libavcodec/wavarc.o
#16 35.53 CC	libavcodec/wavpack.o
#16 35.56 CC	libavcodec/wavpackdata.o
#16 35.58 CC	libavcodec/wbmpdec.o
#16 35.60 CC	libavcodec/wcmv.o
#16 35.71 CC	libavcodec/webp.o
#16 35.78 CC	libavcodec/webp_parser.o
#16 35.84 CC	libavcodec/webvttdec.o
#16 35.84 CC	libavcodec/wma.o
#16 35.87 CC	libavcodec/wma_common.o
#16 35.90 CC	libavcodec/wma_freqs.o
#16 35.90 CC	libavcodec/wmadec.o
#16 35.90 CC	libavcodec/wmalosslessdec.o
#16 35.91 CC	libavcodec/wmaprodec.o
#16 35.92 CC	libavcodec/wmavoice.o
#16 35.92 CC	libavcodec/wmv2.o
#16 36.00 CC	libavcodec/wmv2data.o
#16 36.02 CC	libavcodec/wmv2dec.o
#16 36.06 CC	libavcodec/wmv2dsp.o
#16 36.13 CC	libavcodec/wnv1.o
#16 36.22 CC	libavcodec/wrapped_avframe.o
#16 36.23 CC	libavcodec/ws-snd1.o
#16 36.26 libavcodec/wmadec.c: In function 'wma_decode_block':
#16 36.26 libavcodec/wmadec.c:519:30: warning: writing 1 byte into a region of size 0 [-Wstringop-overflow=]
#16 36.26   519 |         s->channel_coded[ch] = a;
#16 36.26       |         ~~~~~~~~~~~~~~~~~~~~~^~~
#16 36.26 In file included from libavcodec/wmadec.c:45:
#16 36.26 libavcodec/wma.h:112:13: note: at offset 2 into destination object 'channel_coded' of size 2
#16 36.26   112 |     uint8_t channel_coded[MAX_CHANNELS];    ///< true if channel is coded
#16 36.26       |             ^~~~~~~~~~~~~
#16 36.29 CC	libavcodec/xan.o
#16 36.37 CC	libavcodec/xbm_parser.o
#16 36.41 CC	libavcodec/xbmdec.o
#16 36.44 CC	libavcodec/xface.o
#16 36.46 CC	libavcodec/xfacedec.o
#16 36.50 CC	libavcodec/xiph.o
#16 36.52 CC	libavcodec/xl.o
#16 36.53 CC	libavcodec/xma_parser.o
#16 36.55 CC	libavcodec/xpmdec.o
#16 36.57 CC	libavcodec/xsubdec.o
#16 36.60 CC	libavcodec/xvididct.o
#16 36.69 CC	libavcodec/xwd_parser.o
#16 36.72 CC	libavcodec/xwddec.o
#16 36.79 CC	libavcodec/xxan.o
#16 36.82 CC	libavcodec/y41pdec.o
#16 36.84 CC	libavcodec/ylc.o
#16 36.87 CC	libavcodec/yop.o
#16 36.89 CC	libavcodec/yuv4dec.o
#16 36.90 CC	libavcodec/zerocodec.o
#16 36.92 CC	libavcodec/zlib_wrapper.o
#16 36.93 CC	libavcodec/zmbv.o
#16 36.95 CC	libavcodec/log2_tab.o
#16 36.95 CC	libavcodec/reverse.o
#16 36.95 GEN	libavformat/libavformat.pc
#16 36.96 GEN	libavcodec/libavcodec.pc
#16 36.96 GEN	libswresample/libswresample.pc
#16 36.96 GEN	libswscale/libswscale.pc
#16 36.96 GEN	libavutil/libavutil.pc
#16 36.97 CC	fftools/ffmpeg_dec.o
#16 36.97 CC	fftools/ffmpeg_demux.o
#16 36.97 CC	fftools/ffmpeg_enc.o
#16 36.97 CC	fftools/ffmpeg_filter.o
#16 36.98 CC	fftools/ffmpeg_hw.o
#16 36.98 CC	fftools/ffmpeg_mux.o
#16 37.06 CC	fftools/ffmpeg_mux_init.o
#16 37.08 CC	fftools/ffmpeg_opt.o
#16 37.11 CC	fftools/ffmpeg_sched.o
#16 37.13 CC	fftools/objpool.o
#16 37.16 CC	fftools/sync_queue.o
#16 37.24 CC	fftools/thread_queue.o
#16 37.26 CC	fftools/cmdutils.o
#16 37.29 CC	fftools/opt_common.o
#16 37.30 CC	fftools/ffmpeg.o
#16 37.32 CC	fftools/ffprobe.o
#16 37.38 GEN	libavfilter/libavfilter.ver
#16 37.38 GEN	libswscale/libswscale.ver
#16 37.38 GEN	libavutil/libavutil.ver
#16 37.39 GEN	libswresample/libswresample.ver
#16 37.39 GEN	libavformat/libavformat.ver
#16 37.40 LD	libavutil/libavutil.so.59
#16 37.46 LD	libswscale/libswscale.so.8
#16 37.46 LD	libswresample/libswresample.so.5
#16 37.48 LD	libavfilter/libavfilter.so.10
#16 43.92 GEN	libavcodec/libavcodec.ver
#16 43.92 LD	libavcodec/libavcodec.so.61
#16 44.33 LD	libavformat/libavformat.so.61
#16 44.45 LD	ffmpeg_g
#16 44.45 LD	ffprobe_g
#16 44.48 STRIP	ffprobe
#16 44.49 STRIP	ffmpeg
#16 44.59 INSTALL	libavfilter/libavfilter.so
#16 44.59 STRIP	install-libavfilter-shared
#16 44.62 INSTALL	libavformat/libavformat.so
#16 44.63 STRIP	install-libavformat-shared
#16 44.64 INSTALL	libavcodec/libavcodec.so
#16 44.66 STRIP	install-libavcodec-shared
#16 44.69 INSTALL	libswresample/libswresample.so
#16 44.69 STRIP	install-libswresample-shared
#16 44.69 INSTALL	libswscale/libswscale.so
#16 44.69 STRIP	install-libswscale-shared
#16 44.70 INSTALL	libavutil/libavutil.so
#16 44.70 STRIP	install-libavutil-shared
#16 44.70 INSTALL	install-progs-yes
#16 44.70 INSTALL	ffmpeg
#16 44.70 INSTALL	ffprobe
#16 44.71 INSTALL	presets/libvpx-1080p.ffpreset
#16 44.71 INSTALL	presets/libvpx-1080p50_60.ffpreset
#16 44.71 INSTALL	presets/libvpx-360p.ffpreset
#16 44.71 INSTALL	presets/libvpx-720p.ffpreset
#16 44.71 INSTALL	presets/libvpx-720p50_60.ffpreset
#16 44.71 INSTALL	doc/ffprobe.xsd
#16 44.71 INSTALL	doc/examples/avio_http_serve_files.c
#16 44.71 INSTALL	doc/examples/avio_list_dir.c
#16 44.71 INSTALL	doc/examples/avio_read_callback.c
#16 44.71 INSTALL	doc/examples/decode_audio.c
#16 44.71 INSTALL	doc/examples/decode_filter_audio.c
#16 44.71 INSTALL	doc/examples/decode_filter_video.c
#16 44.71 INSTALL	doc/examples/decode_video.c
#16 44.71 INSTALL	doc/examples/demux_decode.c
#16 44.71 INSTALL	doc/examples/encode_audio.c
#16 44.71 INSTALL	doc/examples/encode_video.c
#16 44.71 INSTALL	doc/examples/extract_mvs.c
#16 44.71 INSTALL	doc/examples/filter_audio.c
#16 44.71 INSTALL	doc/examples/hw_decode.c
#16 44.71 INSTALL	doc/examples/mux.c
#16 44.71 INSTALL	doc/examples/qsv_decode.c
#16 44.71 INSTALL	doc/examples/qsv_transcode.c
#16 44.71 INSTALL	doc/examples/remux.c
#16 44.71 INSTALL	doc/examples/resample_audio.c
#16 44.71 INSTALL	doc/examples/scale_video.c
#16 44.71 INSTALL	doc/examples/show_metadata.c
#16 44.71 INSTALL	doc/examples/transcode.c
#16 44.71 INSTALL	doc/examples/transcode_aac.c
#16 44.71 INSTALL	doc/examples/vaapi_encode.c
#16 44.71 INSTALL	doc/examples/vaapi_transcode.c
#16 44.71 INSTALL	doc/examples/README
#16 44.71 INSTALL	doc/examples/Makefile
#16 44.71 INSTALL	doc/examples/avio_http_serve_files.c
#16 44.71 INSTALL	doc/examples/avio_list_dir.c
#16 44.71 INSTALL	doc/examples/avio_read_callback.c
#16 44.71 INSTALL	doc/examples/decode_audio.c
#16 44.71 INSTALL	doc/examples/decode_filter_audio.c
#16 44.71 INSTALL	doc/examples/decode_filter_video.c
#16 44.71 INSTALL	doc/examples/decode_video.c
#16 44.71 INSTALL	doc/examples/demux_decode.c
#16 44.71 INSTALL	doc/examples/encode_audio.c
#16 44.71 INSTALL	doc/examples/encode_video.c
#16 44.71 INSTALL	doc/examples/extract_mvs.c
#16 44.71 INSTALL	doc/examples/filter_audio.c
#16 44.71 INSTALL	doc/examples/hw_decode.c
#16 44.71 INSTALL	doc/examples/mux.c
#16 44.71 INSTALL	doc/examples/qsv_decode.c
#16 44.71 INSTALL	doc/examples/qsv_transcode.c
#16 44.71 INSTALL	doc/examples/remux.c
#16 44.71 INSTALL	doc/examples/resample_audio.c
#16 44.71 INSTALL	doc/examples/scale_video.c
#16 44.71 INSTALL	doc/examples/show_metadata.c
#16 44.71 INSTALL	doc/examples/transcode.c
#16 44.71 INSTALL	doc/examples/transcode_aac.c
#16 44.71 INSTALL	doc/examples/vaapi_encode.c
#16 44.71 INSTALL	doc/examples/vaapi_transcode.c
#16 44.71 INSTALL	doc/examples/README
#16 44.71 INSTALL	doc/examples/Makefile
#16 44.71 INSTALL	libavfilter/avfilter.h
#16 44.71 INSTALL	libavfilter/buffersink.h
#16 44.71 INSTALL	libavfilter/buffersrc.h
#16 44.71 INSTALL	libavfilter/version.h
#16 44.71 INSTALL	libavfilter/version_major.h
#16 44.71 INSTALL	libavfilter/libavfilter.pc
#16 44.71 INSTALL	libavformat/avformat.h
#16 44.71 INSTALL	libavformat/avio.h
#16 44.71 INSTALL	libavformat/version.h
#16 44.71 INSTALL	libavformat/version_major.h
#16 44.71 INSTALL	libavformat/libavformat.pc
#16 44.72 INSTALL	libavcodec/ac3_parser.h
#16 44.72 INSTALL	libavcodec/adts_parser.h
#16 44.72 INSTALL	libavcodec/avcodec.h
#16 44.72 INSTALL	libavcodec/avdct.h
#16 44.72 INSTALL	libavcodec/avfft.h
#16 44.72 INSTALL	libavcodec/bsf.h
#16 44.72 INSTALL	libavcodec/codec.h
#16 44.72 INSTALL	libavcodec/codec_desc.h
#16 44.72 INSTALL	libavcodec/codec_id.h
#16 44.72 INSTALL	libavcodec/codec_par.h
#16 44.72 INSTALL	libavcodec/d3d11va.h
#16 44.72 INSTALL	libavcodec/defs.h
#16 44.72 INSTALL	libavcodec/dirac.h
#16 44.72 INSTALL	libavcodec/dv_profile.h
#16 44.72 INSTALL	libavcodec/dxva2.h
#16 44.72 INSTALL	libavcodec/jni.h
#16 44.72 INSTALL	libavcodec/mediacodec.h
#16 44.72 INSTALL	libavcodec/packet.h
#16 44.72 INSTALL	libavcodec/qsv.h
#16 44.72 INSTALL	libavcodec/vdpau.h
#16 44.72 INSTALL	libavcodec/version.h
#16 44.72 INSTALL	libavcodec/version_major.h
#16 44.72 INSTALL	libavcodec/videotoolbox.h
#16 44.72 INSTALL	libavcodec/vorbis_parser.h
#16 44.72 INSTALL	libavcodec/libavcodec.pc
#16 44.72 INSTALL	libswresample/swresample.h
#16 44.72 INSTALL	libswresample/version.h
#16 44.72 INSTALL	libswresample/version_major.h
#16 44.72 INSTALL	libswresample/libswresample.pc
#16 44.72 INSTALL	libswscale/swscale.h
#16 44.72 INSTALL	libswscale/version.h
#16 44.72 INSTALL	libswscale/version_major.h
#16 44.72 INSTALL	libswscale/libswscale.pc
#16 44.73 INSTALL	libavutil/adler32.h
#16 44.73 INSTALL	libavutil/aes.h
#16 44.73 INSTALL	libavutil/aes_ctr.h
#16 44.73 INSTALL	libavutil/ambient_viewing_environment.h
#16 44.73 INSTALL	libavutil/attributes.h
#16 44.73 INSTALL	libavutil/audio_fifo.h
#16 44.73 INSTALL	libavutil/avassert.h
#16 44.73 INSTALL	libavutil/avstring.h
#16 44.73 INSTALL	libavutil/avutil.h
#16 44.73 INSTALL	libavutil/base64.h
#16 44.73 INSTALL	libavutil/blowfish.h
#16 44.73 INSTALL	libavutil/bprint.h
#16 44.73 INSTALL	libavutil/bswap.h
#16 44.73 INSTALL	libavutil/buffer.h
#16 44.73 INSTALL	libavutil/cast5.h
#16 44.73 INSTALL	libavutil/camellia.h
#16 44.73 INSTALL	libavutil/channel_layout.h
#16 44.73 INSTALL	libavutil/common.h
#16 44.73 INSTALL	libavutil/cpu.h
#16 44.73 INSTALL	libavutil/crc.h
#16 44.73 INSTALL	libavutil/csp.h
#16 44.73 INSTALL	libavutil/des.h
#16 44.73 INSTALL	libavutil/detection_bbox.h
#16 44.73 INSTALL	libavutil/dict.h
#16 44.73 INSTALL	libavutil/display.h
#16 44.73 INSTALL	libavutil/dovi_meta.h
#16 44.73 INSTALL	libavutil/downmix_info.h
#16 44.73 INSTALL	libavutil/encryption_info.h
#16 44.73 INSTALL	libavutil/error.h
#16 44.73 INSTALL	libavutil/eval.h
#16 44.73 INSTALL	libavutil/executor.h
#16 44.73 INSTALL	libavutil/fifo.h
#16 44.73 INSTALL	libavutil/file.h
#16 44.73 INSTALL	libavutil/frame.h
#16 44.73 INSTALL	libavutil/hash.h
#16 44.73 INSTALL	libavutil/hdr_dynamic_metadata.h
#16 44.73 INSTALL	libavutil/hdr_dynamic_vivid_metadata.h
#16 44.73 INSTALL	libavutil/hmac.h
#16 44.73 INSTALL	libavutil/hwcontext.h
#16 44.73 INSTALL	libavutil/hwcontext_cuda.h
#16 44.73 INSTALL	libavutil/hwcontext_d3d11va.h
#16 44.73 INSTALL	libavutil/hwcontext_d3d12va.h
#16 44.73 INSTALL	libavutil/hwcontext_drm.h
#16 44.73 INSTALL	libavutil/hwcontext_dxva2.h
#16 44.73 INSTALL	libavutil/hwcontext_qsv.h
#16 44.73 INSTALL	libavutil/hwcontext_mediacodec.h
#16 44.73 INSTALL	libavutil/hwcontext_opencl.h
#16 44.73 INSTALL	libavutil/hwcontext_vaapi.h
#16 44.73 INSTALL	libavutil/hwcontext_videotoolbox.h
#16 44.73 INSTALL	libavutil/hwcontext_vdpau.h
#16 44.73 INSTALL	libavutil/hwcontext_vulkan.h
#16 44.73 INSTALL	libavutil/iamf.h
#16 44.73 INSTALL	libavutil/imgutils.h
#16 44.73 INSTALL	libavutil/intfloat.h
#16 44.73 INSTALL	libavutil/intreadwrite.h
#16 44.73 INSTALL	libavutil/lfg.h
#16 44.73 INSTALL	libavutil/log.h
#16 44.73 INSTALL	libavutil/lzo.h
#16 44.73 INSTALL	libavutil/macros.h
#16 44.73 INSTALL	libavutil/mathematics.h
#16 44.73 INSTALL	libavutil/mastering_display_metadata.h
#16 44.73 INSTALL	libavutil/md5.h
#16 44.73 INSTALL	libavutil/mem.h
#16 44.73 INSTALL	libavutil/motion_vector.h
#16 44.73 INSTALL	libavutil/murmur3.h
#16 44.73 INSTALL	libavutil/opt.h
#16 44.73 INSTALL	libavutil/parseutils.h
#16 44.73 INSTALL	libavutil/pixdesc.h
#16 44.73 INSTALL	libavutil/pixelutils.h
#16 44.73 INSTALL	libavutil/pixfmt.h
#16 44.73 INSTALL	libavutil/random_seed.h
#16 44.73 INSTALL	libavutil/rc4.h
#16 44.73 INSTALL	libavutil/rational.h
#16 44.73 INSTALL	libavutil/replaygain.h
#16 44.73 INSTALL	libavutil/ripemd.h
#16 44.73 INSTALL	libavutil/samplefmt.h
#16 44.73 INSTALL	libavutil/sha.h
#16 44.73 INSTALL	libavutil/sha512.h
#16 44.73 INSTALL	libavutil/spherical.h
#16 44.73 INSTALL	libavutil/stereo3d.h
#16 44.73 INSTALL	libavutil/threadmessage.h
#16 44.73 INSTALL	libavutil/time.h
#16 44.73 INSTALL	libavutil/timecode.h
#16 44.73 INSTALL	libavutil/timestamp.h
#16 44.73 INSTALL	libavutil/tree.h
#16 44.73 INSTALL	libavutil/twofish.h
#16 44.73 INSTALL	libavutil/uuid.h
#16 44.73 INSTALL	libavutil/version.h
#16 44.73 INSTALL	libavutil/video_enc_params.h
#16 44.73 INSTALL	libavutil/xtea.h
#16 44.73 INSTALL	libavutil/tea.h
#16 44.73 INSTALL	libavutil/tx.h
#16 44.73 INSTALL	libavutil/film_grain_params.h
#16 44.73 INSTALL	libavutil/video_hint.h
#16 44.73 INSTALL	libavutil/avconfig.h
#16 44.73 INSTALL	libavutil/ffversion.h
#16 44.73 INSTALL	libavutil/libavutil.pc
#16 DONE 45.3s

#19 [toolchain 2/2] COPY --from=ffmpeg /opt/ffmpeg /opt/ffmpeg
#19 DONE 0.1s

#20 [media 2/3] COPY --from=ffmpeg /opt/ffmpeg/lib/libavcodec.so.61 /opt/ffmpeg/lib/libavfilter.so.10      /opt/ffmpeg/lib/libavformat.so.61 /opt/ffmpeg/lib/libavutil.so.59      /opt/ffmpeg/lib/libswresample.so.5 /opt/ffmpeg/lib/libswscale.so.8 /usr/local/lib/
#20 DONE 0.2s

#21 [build  1/12] WORKDIR /src
#21 DONE 0.0s

#22 [media 3/3] COPY --from=ffmpeg /opt/ffmpeg/bin/ffmpeg /opt/ffmpeg/bin/ffprobe /usr/local/bin/
#22 ...

#23 [build  2/12] COPY go.mod go.sum ./
#23 DONE 0.1s

#24 [build  3/12] COPY third_party third_party
#24 DONE 0.1s

#22 [media 3/3] COPY --from=ffmpeg /opt/ffmpeg/bin/ffmpeg /opt/ffmpeg/bin/ffprobe /usr/local/bin/
#22 DONE 0.2s

#25 [stage-6  3/11] COPY --from=media / /
#25 DONE 0.0s

#26 [stage-6  4/11] RUN ldconfig
#26 DONE 0.2s

#27 [build  4/12] RUN --mount=type=cache,target=/go/pkg/mod go mod download
#27 ...

#28 [stage-6  5/11] RUN groupadd --system --gid 1000 rails &&     useradd rails --uid 1000 --gid 1000 --create-home --shell /bin/bash
#28 DONE 0.1s

#29 [stage-6  6/11] WORKDIR /rails
#29 DONE 0.0s

#27 [build  4/12] RUN --mount=type=cache,target=/go/pkg/mod go mod download
#27 DONE 1.2s

#30 [build  5/12] COPY cmd cmd
#30 DONE 0.1s

#31 [build  6/12] COPY internal internal
#31 DONE 0.1s

#32 [build  7/12] COPY assets assets
#32 DONE 0.1s

#33 [build  8/12] COPY bin/build-assets bin/build-assets
#33 DONE 0.0s

#34 [build  9/12] COPY reference/crates/assets reference/crates/assets
#34 DONE 0.0s

#35 [build 10/12] COPY reference/reference reference/reference
#35 DONE 0.1s

#36 [build 11/12] RUN python3 bin/build-assets
#36 0.144 Compiled 315 assets and 89 imports
#36 DONE 0.2s

#37 [build 12/12] RUN --mount=type=cache,target=/go/pkg/mod     --mount=type=cache,target=/root/.cache/go-build     go build -tags sqlite_fts5 -trimpath -ldflags='-s -w' -o /out/campfire ./cmd/campfire
#37 DONE 27.1s

#38 [stage-6  7/11] COPY --from=build /out/campfire /usr/local/bin/campfire
#38 DONE 0.1s

#39 [stage-6  8/11] COPY --chmod=755 <<EOF /rails/bin/boot
#39 DONE 0.0s

#40 [stage-6  9/11] RUN mkdir -p /rails/storage/db /rails/storage/files /rails/storage/backups &&     chown -R 1000:1000 /rails
#40 DONE 0.1s

#41 [stage-6 10/11] COPY --chmod=755 <<EOF /hooks/pre-backup
#41 DONE 0.0s

#42 [stage-6 11/11] COPY --chmod=755 reference/reference/hooks/post-restore /hooks/post-restore
#42 DONE 0.0s

#43 exporting to image
#43 exporting layers 0.1s done
#43 writing image sha256:32265ed75cd8bddb403ae3a672d36dc4e794db15ab6c12e46d211a15abee8331 done
#43 naming to docker.io/library/once-campfire-go:verification done
#43 DONE 0.1s
