Emulate Docker CLI using podman. Create /etc/containers/nodocker to quiet msg.
gc 1 @0.002s 2%: 0.018+0.39+0.013 ms clock, 0.073+0.031/0.18/0.33+0.055 ms cpu, 3->4->2 MB, 4 MB goal, 0 MB stacks, 0 MB globals, 4 P
gc 2 @0.003s 4%: 0.010+0.25+0.010 ms clock, 0.042+0.014/0.24/0.20+0.041 ms cpu, 3->3->3 MB, 4 MB goal, 0 MB stacks, 0 MB globals, 4 P
gc 3 @0.006s 4%: 0.008+0.52+0.006 ms clock, 0.032+0.065/0.49/0.71+0.027 ms cpu, 5->6->4 MB, 6 MB goal, 0 MB stacks, 0 MB globals, 4 P
2026/10/10 14:59:30 INFO listening address=127.0.0.1:25171 tls=false
2026/10/10 14:59:30 INFO listening address=[::]:25170 tls=false
2026/10/10 14:59:30 INFO request method=GET path=/up duration=805.73µs
gc 4 @0.090s 1%: 0.15+2.1+0.010 ms clock, 0.63+0.40/1.7/3.1+0.042 ms cpu, 8->9->5 MB, 9 MB goal, 0 MB stacks, 0 MB globals, 4 P
2026/10/10 14:59:33 INFO request method=GET path=/session/new duration=3.042228ms
2026/10/10 14:59:34 INFO request method=POST path=/session duration=168.900994ms
2026/10/10 14:59:34 INFO request method=GET path=/rooms/486777696 duration=2.635444ms
gc 5 @3.450s 0%: 0.015+0.51+0.001 ms clock, 0.062+0.039/0.39/0.69+0.007 ms cpu, 9->9->6 MB, 11 MB goal, 0 MB stacks, 0 MB globals, 4 P
2026/10/10 14:59:34 INFO request method=GET path=/users/me/sidebar duration=807.323µs
2026/10/10 14:59:34 INFO request method=GET path=/rooms/486777696 duration=1.58325ms
gc 6 @3.474s 0%: 0.078+0.87+0.010 ms clock, 0.31+0.11/0.78/1.5+0.043 ms cpu, 12->13->8 MB, 14 MB goal, 0 MB stacks, 0 MB globals, 4 P
2026/10/10 14:59:34 INFO request method=GET path=/rooms/486777696/messages duration=4.912435ms
2026/10/10 14:59:34 INFO request method=GET path=/users/me/sidebar duration=648.806µs
2026/10/10 14:59:34 INFO request method=GET path=/searches duration=4.057897ms
2026/10/10 14:59:34 INFO request method=GET path=/users/eyJfcmFpbHMiOnsiZGF0YSI6MTQ5MDg3NjU5LCJwdXIiOiJ1c2VyL2F2YXRhciJ9fQ--3717de512c048bb2a011a08236969887ee56ae9f8bd2fb510959b9915f449e17/avatar duration=387.584µs
2026/10/10 14:59:34 INFO request method=GET path=/assets/_reset-9c3efd7b.css duration=1.11888ms
2026/10/10 14:59:34 INFO request method=GET path=/up duration=305.809µs
2026/10/10 14:59:34 INFO request method=GET path=/rooms/201306877 duration=552.152µs
gc 7 @3.592s 0%: 0.045+1.2+0.001 ms clock, 0.18+0.14/0.62/0.92+0.007 ms cpu, 13->15->9 MB, 16 MB goal, 0 MB stacks, 0 MB globals, 4 P
2026/10/10 14:59:34 INFO request method=POST path=/rooms/201306877/messages duration=859.083µs
2026/10/10 14:59:34 INFO request method=POST path=/rooms/201306877/messages duration=1.404815ms
2026/10/10 14:59:34 INFO request method=POST path=/rooms/201306877/messages duration=603.219µs
2026/10/10 14:59:34 INFO request method=POST path=/rooms/201306877/messages duration=1.061033ms
2026/10/10 14:59:34 INFO request method=POST path=/rooms/201306877/messages duration=921.843µs
2026/10/10 14:59:34 INFO request method=POST path=/rooms/201306877/messages duration=492.775µs
2026/10/10 14:59:34 INFO request method=POST path=/rooms/201306877/messages duration=494.483µs
2026/10/10 14:59:34 INFO request method=POST path=/rooms/201306877/messages duration=340.1µs
2026/10/10 14:59:34 INFO request method=POST path=/rooms/201306877/messages duration=345.908µs
2026/10/10 14:59:34 INFO request method=POST path=/rooms/201306877/messages duration=338.103µs
2026/10/10 14:59:34 INFO request method=POST path=/rooms/201306877/messages duration=356.441µs
2026/10/10 14:59:34 INFO request method=POST path=/rooms/201306877/messages duration=362.827µs
2026/10/10 14:59:34 INFO request method=POST path=/rooms/201306877/messages duration=359.33µs
2026/10/10 14:59:34 INFO request method=POST path=/rooms/201306877/messages duration=352.454µs
2026/10/10 14:59:34 INFO request method=POST path=/rooms/201306877/messages duration=331.459µs
2026/10/10 14:59:34 INFO request method=POST path=/rooms/201306877/messages duration=347.2µs
2026/10/10 14:59:34 INFO request method=POST path=/rooms/201306877/messages duration=357.316µs
2026/10/10 14:59:34 INFO request method=POST path=/rooms/201306877/messages duration=375.201µs
2026/10/10 14:59:34 INFO request method=POST path=/rooms/201306877/messages duration=373.243µs
2026/10/10 14:59:34 INFO request method=POST path=/rooms/201306877/messages duration=362.169µs
2026/10/10 14:59:34 INFO request method=POST path=/rooms/201306877/messages duration=532.357µs
2026/10/10 14:59:34 INFO request method=POST path=/rooms/201306877/messages duration=625.054µs
2026/10/10 14:59:34 INFO request method=POST path=/rooms/201306877/messages duration=724.039µs
2026/10/10 14:59:34 INFO request method=POST path=/rooms/201306877/messages duration=529.972µs
gc 8 @3.603s 0%: 0.064+1.3+0.056 ms clock, 0.25+0.048/0.51/0.89+0.22 ms cpu, 16->17->12 MB, 19 MB goal, 0 MB stacks, 0 MB globals, 4 P
2026/10/10 14:59:34 INFO request method=POST path=/rooms/201306877/messages duration=508.447µs
2026/10/10 14:59:34 INFO request method=POST path=/rooms/201306877/messages duration=391.24µs
2026/10/10 14:59:34 INFO request method=POST path=/rooms/201306877/messages duration=320.558µs
2026/10/10 14:59:34 INFO request method=POST path=/rooms/201306877/messages duration=315.437µs
2026/10/10 14:59:34 INFO request method=POST path=/rooms/201306877/messages duration=349.632µs
2026/10/10 14:59:34 INFO request method=POST path=/rooms/201306877/messages duration=331.034µs
2026/10/10 14:59:34 INFO request method=POST path=/rooms/201306877/messages duration=356.42µs
2026/10/10 14:59:34 INFO request method=POST path=/rooms/201306877/messages duration=339.841µs
2026/10/10 14:59:34 INFO request method=POST path=/rooms/201306877/messages duration=338.652µs
2026/10/10 14:59:34 INFO request method=POST path=/rooms/201306877/messages duration=352.355µs
2026/10/10 14:59:34 INFO request method=POST path=/rooms/201306877/messages duration=367.015µs
2026/10/10 14:59:34 INFO request method=POST path=/rooms/201306877/messages duration=361.457µs
2026/10/10 14:59:34 INFO request method=POST path=/rooms/201306877/messages duration=330.876µs
2026/10/10 14:59:34 INFO request method=POST path=/rooms/201306877/messages duration=333.173µs
2026/10/10 14:59:34 INFO request method=POST path=/rooms/201306877/messages duration=366.313µs
2026/10/10 14:59:34 INFO request method=POST path=/rooms/201306877/messages duration=324.472µs
2026/10/10 14:59:34 INFO request method=POST path=/rooms/201306877/messages duration=337.481µs
2026/10/10 14:59:34 INFO request method=POST path=/rooms/201306877/messages duration=325.89µs
2026/10/10 14:59:34 INFO request method=POST path=/rooms/201306877/messages duration=316.433µs
2026/10/10 14:59:34 INFO request method=POST path=/rooms/201306877/messages duration=323.122µs
2026/10/10 14:59:34 INFO request method=POST path=/rooms/201306877/messages duration=321.801µs
2026/10/10 14:59:34 INFO request method=POST path=/rooms/201306877/messages duration=327.236µs
2026/10/10 14:59:34 INFO request method=POST path=/rooms/201306877/messages duration=334.435µs
2026/10/10 14:59:34 INFO request method=POST path=/rooms/201306877/messages duration=369.108µs
2026/10/10 14:59:34 INFO request method=POST path=/rooms/201306877/messages duration=349.43µs
2026/10/10 14:59:34 INFO request method=POST path=/rooms/201306877/messages duration=371.279µs
2026/10/10 14:59:34 INFO request method=POST path=/rooms/201306877/messages duration=342.518µs
2026/10/10 14:59:34 INFO request method=POST path=/rooms/201306877/messages duration=329.901µs
2026/10/10 14:59:34 INFO request method=POST path=/rooms/201306877/messages duration=349.029µs
2026/10/10 14:59:34 INFO request method=POST path=/rooms/201306877/messages duration=355.23µs
2026/10/10 14:59:34 INFO request method=POST path=/rooms/201306877/messages duration=326.21µs
2026/10/10 14:59:34 INFO request method=POST path=/rooms/201306877/messages duration=358.351µs
2026/10/10 14:59:34 INFO request method=POST path=/rooms/201306877/messages duration=385.11µs
2026/10/10 14:59:34 INFO request method=POST path=/rooms/201306877/messages duration=324.724µs
2026/10/10 14:59:34 INFO request method=POST path=/rooms/201306877/messages duration=341.711µs
2026/10/10 14:59:34 INFO request method=POST path=/rooms/201306877/messages duration=335.982µs
2026/10/10 14:59:34 INFO request method=POST path=/rooms/201306877/messages duration=355.966µs
2026/10/10 14:59:34 INFO request method=POST path=/rooms/201306877/messages duration=354.61µs
2026/10/10 14:59:34 INFO request method=POST path=/rooms/201306877/messages duration=344.065µs
2026/10/10 14:59:34 INFO request method=POST path=/rooms/201306877/messages duration=341.601µs
2026/10/10 14:59:34 INFO request method=POST path=/rooms/201306877/messages duration=383.022µs
2026/10/10 14:59:34 INFO request method=POST path=/rooms/201306877/messages duration=329.309µs
2026/10/10 14:59:34 INFO request method=POST path=/rooms/201306877/messages duration=339.651µs
2026/10/10 14:59:34 INFO request method=POST path=/rooms/201306877/messages duration=339.105µs
2026/10/10 14:59:34 INFO request method=POST path=/rooms/201306877/messages duration=380.42µs
2026/10/10 14:59:34 INFO request method=POST path=/rooms/201306877/messages duration=343.607µs
2026/10/10 14:59:34 INFO request method=POST path=/rooms/201306877/messages duration=334.021µs
2026/10/10 14:59:34 INFO request method=POST path=/rooms/201306877/messages duration=341.336µs
2026/10/10 14:59:34 INFO request method=POST path=/rooms/201306877/messages duration=342.397µs
2026/10/10 14:59:34 INFO request method=POST path=/rooms/201306877/messages duration=328.359µs
2026/10/10 14:59:34 INFO request method=POST path=/rooms/201306877/messages duration=347.736µs
2026/10/10 14:59:34 INFO request method=POST path=/rooms/201306877/messages duration=350.031µs
2026/10/10 14:59:34 INFO request method=POST path=/rooms/201306877/messages duration=341.283µs
2026/10/10 14:59:34 INFO request method=POST path=/rooms/201306877/messages duration=349.086µs
2026/10/10 14:59:34 INFO request method=POST path=/rooms/201306877/messages duration=353.941µs
2026/10/10 14:59:34 INFO request method=POST path=/rooms/201306877/messages duration=369.799µs
2026/10/10 14:59:34 INFO request method=POST path=/rooms/201306877/messages duration=328.807µs
2026/10/10 14:59:34 INFO request method=POST path=/rooms/201306877/messages duration=342.987µs
2026/10/10 14:59:34 INFO request method=POST path=/rooms/201306877/messages duration=476.832µs
2026/10/10 14:59:34 INFO request method=POST path=/rooms/201306877/messages duration=461.92µs
gc 9 @3.623s 0%: 0.029+0.81+0.009 ms clock, 0.11+0.066/0.61/0.72+0.038 ms cpu, 21->21->12 MB, 25 MB goal, 0 MB stacks, 0 MB globals, 4 P
2026/10/10 14:59:34 INFO request method=POST path=/rooms/201306877/messages duration=469.638µs
2026/10/10 14:59:34 INFO request method=POST path=/rooms/201306877/messages duration=375.267µs
2026/10/10 14:59:34 INFO request method=POST path=/rooms/201306877/messages duration=337.133µs
2026/10/10 14:59:34 INFO request method=POST path=/rooms/201306877/messages duration=330.453µs
2026/10/10 14:59:34 INFO request method=POST path=/rooms/201306877/messages duration=340.774µs
2026/10/10 14:59:34 INFO request method=POST path=/rooms/201306877/messages duration=304.625µs
2026/10/10 14:59:34 INFO request method=POST path=/rooms/201306877/messages duration=314.77µs
2026/10/10 14:59:34 INFO request method=POST path=/rooms/201306877/messages duration=324.513µs
2026/10/10 14:59:34 INFO request method=POST path=/rooms/201306877/messages duration=331.903µs
2026/10/10 14:59:34 INFO request method=POST path=/rooms/201306877/messages duration=310.917µs
2026/10/10 14:59:34 INFO request method=POST path=/rooms/201306877/messages duration=323.082µs
2026/10/10 14:59:34 INFO request method=POST path=/rooms/201306877/messages duration=316.573µs
2026/10/10 14:59:34 INFO request method=POST path=/rooms/201306877/messages duration=321.562µs
2026/10/10 14:59:34 INFO request method=POST path=/rooms/201306877/messages duration=333.464µs
2026/10/10 14:59:34 INFO request method=POST path=/rooms/201306877/messages duration=382.38µs
2026/10/10 14:59:34 INFO request method=POST path=/rooms/201306877/messages duration=341.034µs
2026/10/10 14:59:34 INFO request method=POST path=/rooms/201306877/messages duration=333.94µs
2026/10/10 14:59:34 INFO request method=POST path=/rooms/201306877/messages duration=343.151µs
2026/10/10 14:59:34 INFO request method=POST path=/rooms/201306877/messages duration=372.184µs
2026/10/10 14:59:34 INFO request method=POST path=/rooms/201306877/messages duration=344.387µs
2026/10/10 14:59:34 INFO request method=POST path=/rooms/201306877/messages duration=345.409µs
2026/10/10 14:59:34 INFO request method=POST path=/rooms/201306877/messages duration=369.716µs
2026/10/10 14:59:34 INFO request method=POST path=/rooms/201306877/messages duration=336.139µs
2026/10/10 14:59:34 INFO request method=POST path=/rooms/201306877/messages duration=357.394µs
2026/10/10 14:59:34 INFO request method=POST path=/rooms/201306877/messages duration=376.029µs
2026/10/10 14:59:34 INFO request method=POST path=/rooms/201306877/messages duration=359.343µs
2026/10/10 14:59:34 INFO request method=POST path=/rooms/201306877/messages duration=360.813µs
2026/10/10 14:59:34 INFO request method=POST path=/rooms/201306877/messages duration=351.196µs
2026/10/10 14:59:34 INFO request method=POST path=/rooms/201306877/messages duration=374.294µs
2026/10/10 14:59:34 INFO request method=POST path=/rooms/201306877/messages duration=440.508µs
2026/10/10 14:59:34 INFO request method=POST path=/rooms/201306877/messages duration=474.635µs
2026/10/10 14:59:34 INFO request method=POST path=/rooms/201306877/messages duration=384.369µs
2026/10/10 14:59:34 INFO request method=POST path=/rooms/201306877/messages duration=379.377µs
2026/10/10 14:59:34 INFO request method=POST path=/rooms/201306877/messages duration=409.136µs
2026/10/10 14:59:34 INFO request method=POST path=/rooms/201306877/messages duration=416.934µs
2026/10/10 14:59:34 INFO request method=POST path=/rooms/201306877/messages duration=427.149µs
2026/10/10 14:59:34 INFO request method=POST path=/rooms/201306877/messages duration=436.658µs
2026/10/10 14:59:34 INFO request method=POST path=/rooms/201306877/messages duration=399.48µs
2026/10/10 14:59:34 INFO request method=POST path=/rooms/201306877/messages duration=449.359µs
2026/10/10 14:59:34 INFO request method=POST path=/rooms/201306877/messages duration=490.264µs
2026/10/10 14:59:34 INFO request method=POST path=/rooms/201306877/messages duration=432.969µs
2026/10/10 14:59:34 INFO request method=POST path=/rooms/201306877/messages duration=428.517µs
2026/10/10 14:59:34 INFO request method=POST path=/rooms/201306877/messages duration=459.698µs
2026/10/10 14:59:34 INFO request method=POST path=/rooms/201306877/messages duration=420.379µs
2026/10/10 14:59:34 INFO request method=POST path=/rooms/201306877/messages duration=556.873µs
2026/10/10 14:59:34 INFO request method=POST path=/rooms/201306877/messages duration=473.97µs
2026/10/10 14:59:34 INFO request method=POST path=/rooms/201306877/messages duration=496.655µs
2026/10/10 14:59:34 INFO request method=POST path=/rooms/201306877/messages duration=490.173µs
2026/10/10 14:59:34 INFO request method=POST path=/rooms/201306877/messages duration=535.159µs
2026/10/10 14:59:34 INFO request method=POST path=/rooms/201306877/messages duration=439.816µs
2026/10/10 14:59:34 INFO request method=POST path=/rooms/201306877/messages duration=479.69µs
2026/10/10 14:59:34 INFO request method=POST path=/rooms/201306877/messages duration=462.219µs
2026/10/10 14:59:34 INFO request method=POST path=/rooms/201306877/messages duration=455.071µs
2026/10/10 14:59:34 INFO request method=POST path=/rooms/201306877/messages duration=484.671µs
2026/10/10 14:59:34 INFO request method=POST path=/rooms/201306877/messages duration=511.97µs
2026/10/10 14:59:34 INFO request method=POST path=/rooms/201306877/messages duration=498.724µs
2026/10/10 14:59:34 INFO request method=POST path=/rooms/201306877/messages duration=491.578µs
2026/10/10 14:59:34 INFO request method=POST path=/rooms/201306877/messages duration=502.224µs
2026/10/10 14:59:34 INFO request method=POST path=/rooms/201306877/messages duration=447.954µs
2026/10/10 14:59:34 INFO request method=POST path=/rooms/201306877/messages duration=481.082µs
2026/10/10 14:59:34 INFO request method=POST path=/rooms/201306877/messages duration=456.809µs
2026/10/10 14:59:34 INFO request method=POST path=/rooms/201306877/messages duration=477.209µs
2026/10/10 14:59:34 INFO request method=POST path=/rooms/201306877/messages duration=478.326µs
2026/10/10 14:59:34 INFO request method=POST path=/rooms/201306877/messages duration=811.237µs
gc 10 @3.645s 0%: 0.059+1.1+0.014 ms clock, 0.23+0.13/1.0/0.78+0.056 ms cpu, 22->22->13 MB, 25 MB goal, 0 MB stacks, 0 MB globals, 4 P
2026/10/10 14:59:34 INFO request method=POST path=/rooms/201306877/messages duration=1.020091ms
2026/10/10 14:59:34 INFO request method=POST path=/rooms/201306877/messages duration=1.519217ms
2026/10/10 14:59:34 INFO request method=POST path=/rooms/201306877/messages duration=759.062µs
2026/10/10 14:59:34 INFO request method=POST path=/rooms/201306877/messages duration=531.315µs
2026/10/10 14:59:34 INFO request method=POST path=/rooms/201306877/messages duration=656.908µs
2026/10/10 14:59:34 INFO request method=POST path=/rooms/201306877/messages duration=571.188µs
2026/10/10 14:59:34 INFO request method=POST path=/rooms/201306877/messages duration=451.296µs
2026/10/10 14:59:34 INFO request method=POST path=/rooms/201306877/messages duration=481.352µs
2026/10/10 14:59:34 INFO request method=POST path=/rooms/201306877/messages duration=407.084µs
2026/10/10 14:59:34 INFO request method=POST path=/rooms/201306877/messages duration=434.964µs
2026/10/10 14:59:34 INFO request method=POST path=/rooms/201306877/messages duration=435.796µs
2026/10/10 14:59:34 INFO request method=POST path=/rooms/201306877/messages duration=426.524µs
2026/10/10 14:59:34 INFO request method=POST path=/rooms/201306877/messages duration=442.279µs
2026/10/10 14:59:34 INFO request method=POST path=/rooms/201306877/messages duration=380.272µs
2026/10/10 14:59:34 INFO request method=POST path=/rooms/201306877/messages duration=482.499µs
2026/10/10 14:59:34 INFO request method=POST path=/rooms/201306877/messages duration=368.593µs
2026/10/10 14:59:34 INFO request method=POST path=/rooms/201306877/messages duration=357.874µs
2026/10/10 14:59:34 INFO request method=POST path=/rooms/201306877/messages duration=384.234µs
2026/10/10 14:59:34 INFO request method=POST path=/rooms/201306877/messages duration=383.22µs
2026/10/10 14:59:34 INFO request method=POST path=/rooms/201306877/messages duration=399.047µs
2026/10/10 14:59:34 INFO request method=POST path=/rooms/201306877/messages duration=463.533µs
2026/10/10 14:59:34 INFO request method=POST path=/rooms/201306877/messages duration=369.71µs
2026/10/10 14:59:34 INFO request method=POST path=/rooms/201306877/messages duration=393.18µs
2026/10/10 14:59:34 INFO request method=POST path=/rooms/201306877/messages duration=372.763µs
2026/10/10 14:59:34 INFO request method=POST path=/rooms/201306877/messages duration=358.921µs
2026/10/10 14:59:34 INFO request method=POST path=/rooms/201306877/messages duration=381.866µs
2026/10/10 14:59:34 INFO request method=POST path=/rooms/201306877/messages duration=351.177µs
2026/10/10 14:59:34 INFO request method=POST path=/rooms/201306877/messages duration=372.999µs
2026/10/10 14:59:34 INFO request method=POST path=/rooms/201306877/messages duration=396.464µs
2026/10/10 14:59:34 INFO request method=POST path=/rooms/201306877/messages duration=484.425µs
2026/10/10 14:59:34 INFO request method=POST path=/rooms/201306877/messages duration=402.558µs
2026/10/10 14:59:34 INFO request method=POST path=/rooms/201306877/messages duration=387.818µs
2026/10/10 14:59:34 INFO request method=POST path=/rooms/201306877/messages duration=392.514µs
2026/10/10 14:59:34 INFO request method=POST path=/rooms/201306877/messages duration=402.94µs
2026/10/10 14:59:34 INFO request method=POST path=/rooms/201306877/messages duration=387.997µs
2026/10/10 14:59:34 INFO request method=POST path=/rooms/201306877/messages duration=423.595µs
2026/10/10 14:59:34 INFO request method=POST path=/rooms/201306877/messages duration=411.675µs
2026/10/10 14:59:34 INFO request method=POST path=/rooms/201306877/messages duration=418.521µs
2026/10/10 14:59:34 INFO request method=POST path=/rooms/201306877/messages duration=412.186µs
2026/10/10 14:59:34 INFO request method=POST path=/rooms/201306877/messages duration=422.098µs
2026/10/10 14:59:34 INFO request method=POST path=/rooms/201306877/messages duration=436.259µs
2026/10/10 14:59:34 INFO request method=POST path=/rooms/201306877/messages duration=434.651µs
2026/10/10 14:59:34 INFO request method=POST path=/rooms/201306877/messages duration=417.158µs
2026/10/10 14:59:34 INFO request method=POST path=/rooms/201306877/messages duration=414.323µs
2026/10/10 14:59:34 INFO request method=POST path=/rooms/201306877/messages duration=515.382µs
2026/10/10 14:59:34 INFO request method=POST path=/rooms/201306877/messages duration=438.496µs
2026/10/10 14:59:34 INFO request method=POST path=/rooms/201306877/messages duration=441.845µs
2026/10/10 14:59:34 INFO request method=POST path=/rooms/201306877/messages duration=441.885µs
2026/10/10 14:59:34 INFO request method=POST path=/rooms/201306877/messages duration=462.924µs
2026/10/10 14:59:34 INFO request method=POST path=/rooms/201306877/messages duration=405.168µs
2026/10/10 14:59:34 INFO request method=POST path=/rooms/201306877/messages duration=442.817µs
2026/10/10 14:59:34 INFO request method=POST path=/rooms/201306877/messages duration=416.77µs
2026/10/10 14:59:34 INFO request method=POST path=/rooms/201306877/messages duration=435.037µs
2026/10/10 14:59:34 INFO request method=POST path=/rooms/201306877/messages duration=423.288µs
2026/10/10 14:59:34 INFO request method=POST path=/rooms/201306877/messages duration=390.047µs
2026/10/10 14:59:34 INFO request method=POST path=/rooms/201306877/messages duration=402.153µs
2026/10/10 14:59:34 INFO request method=POST path=/rooms/201306877/messages duration=409.044µs
2026/10/10 14:59:34 INFO request method=POST path=/rooms/201306877/messages duration=412.338µs
2026/10/10 14:59:34 INFO request method=POST path=/rooms/201306877/messages duration=394.726µs
2026/10/10 14:59:34 INFO request method=POST path=/rooms/201306877/messages duration=434.538µs
2026/10/10 14:59:34 INFO request method=POST path=/rooms/201306877/messages duration=399.862µs
2026/10/10 14:59:34 INFO request method=POST path=/rooms/201306877/messages duration=410.965µs
2026/10/10 14:59:34 INFO request method=POST path=/rooms/201306877/messages duration=398.072µs
2026/10/10 14:59:34 INFO request method=POST path=/rooms/201306877/messages duration=485.441µs
2026/10/10 14:59:34 INFO request method=POST path=/rooms/201306877/messages duration=443.822µs
2026/10/10 14:59:34 INFO request method=POST path=/rooms/201306877/messages duration=403.725µs
2026/10/10 14:59:34 INFO request method=POST path=/rooms/201306877/messages duration=477.618µs
2026/10/10 14:59:34 INFO request method=POST path=/rooms/201306877/messages duration=445.423µs
2026/10/10 14:59:34 INFO request method=POST path=/rooms/201306877/messages duration=432.137µs
2026/10/10 14:59:34 INFO request method=POST path=/rooms/201306877/messages duration=382.2µs
2026/10/10 14:59:34 INFO request method=POST path=/rooms/201306877/messages duration=587.957µs
2026/10/10 14:59:34 INFO request method=POST path=/rooms/201306877/messages duration=561.963µs
2026/10/10 14:59:34 INFO request method=POST path=/rooms/201306877/messages duration=701.377µs
2026/10/10 14:59:34 INFO request method=POST path=/rooms/201306877/messages duration=562.756µs
gc 11 @3.669s 0%: 0.063+1.3+0.068 ms clock, 0.25+0.024/0.67/1.1+0.27 ms cpu, 23->24->14 MB, 27 MB goal, 0 MB stacks, 0 MB globals, 4 P
2026/10/10 14:59:34 INFO request method=POST path=/rooms/201306877/messages duration=593.359µs
2026/10/10 14:59:34 INFO request method=POST path=/rooms/201306877/messages duration=416.448µs
2026/10/10 14:59:34 INFO request method=POST path=/rooms/201306877/messages duration=620.652µs
2026/10/10 14:59:34 INFO request method=POST path=/rooms/201306877/messages duration=565.258µs
2026/10/10 14:59:34 INFO request method=POST path=/rooms/201306877/messages duration=517.716µs
2026/10/10 14:59:34 INFO request method=POST path=/rooms/201306877/messages duration=414.383µs
2026/10/10 14:59:34 INFO request method=POST path=/rooms/201306877/messages duration=411.93µs
2026/10/10 14:59:34 INFO request method=POST path=/rooms/201306877/messages duration=394.353µs
2026/10/10 14:59:34 INFO request method=POST path=/rooms/201306877/messages duration=378.053µs
2026/10/10 14:59:34 INFO request method=POST path=/rooms/201306877/messages duration=360.349µs
2026/10/10 14:59:34 INFO request method=POST path=/rooms/201306877/messages duration=366.662µs
2026/10/10 14:59:34 INFO request method=POST path=/rooms/201306877/messages duration=338.097µs
2026/10/10 14:59:34 INFO request method=POST path=/rooms/201306877/messages duration=346.808µs
2026/10/10 14:59:34 INFO request method=POST path=/rooms/201306877/messages duration=361.487µs
2026/10/10 14:59:34 INFO request method=POST path=/rooms/201306877/messages duration=373.78µs
2026/10/10 14:59:34 INFO request method=POST path=/rooms/201306877/messages duration=353.303µs
2026/10/10 14:59:34 INFO request method=POST path=/rooms/201306877/messages duration=360.02µs
2026/10/10 14:59:34 INFO request method=POST path=/rooms/201306877/messages duration=327.996µs
2026/10/10 14:59:34 INFO request method=POST path=/rooms/201306877/messages duration=372.312µs
2026/10/10 14:59:34 INFO request method=POST path=/rooms/201306877/messages duration=406.981µs
2026/10/10 14:59:34 INFO request method=POST path=/rooms/201306877/messages duration=374.086µs
2026/10/10 14:59:34 INFO request method=POST path=/rooms/201306877/messages duration=329.095µs
2026/10/10 14:59:34 INFO request method=POST path=/rooms/201306877/messages duration=327.812µs
2026/10/10 14:59:34 INFO request method=POST path=/rooms/201306877/messages duration=351.391µs
2026/10/10 14:59:34 INFO request method=POST path=/rooms/201306877/messages duration=374.596µs
2026/10/10 14:59:34 INFO request method=POST path=/rooms/201306877/messages duration=368.617µs
2026/10/10 14:59:34 INFO request method=POST path=/rooms/201306877/messages duration=356.836µs
2026/10/10 14:59:34 INFO request method=POST path=/rooms/201306877/messages duration=366.376µs
2026/10/10 14:59:34 INFO request method=POST path=/rooms/201306877/messages duration=349.109µs
2026/10/10 14:59:34 INFO request method=POST path=/rooms/201306877/messages duration=342.977µs
2026/10/10 14:59:34 INFO request method=POST path=/rooms/201306877/messages duration=356.748µs
2026/10/10 14:59:34 INFO request method=POST path=/rooms/201306877/messages duration=351.67µs
2026/10/10 14:59:34 INFO request method=POST path=/rooms/201306877/messages duration=362.713µs
2026/10/10 14:59:34 INFO request method=POST path=/rooms/201306877/messages duration=370.719µs
2026/10/10 14:59:34 INFO request method=POST path=/rooms/201306877/messages duration=375.007µs
2026/10/10 14:59:34 INFO request method=POST path=/rooms/201306877/messages duration=397.46µs
2026/10/10 14:59:34 INFO request method=POST path=/rooms/201306877/messages duration=348.423µs
2026/10/10 14:59:34 INFO request method=POST path=/rooms/201306877/messages duration=361.797µs
2026/10/10 14:59:34 INFO request method=POST path=/rooms/201306877/messages duration=556.899µs
2026/10/10 14:59:34 INFO request method=POST path=/rooms/201306877/messages duration=408.853µs
2026/10/10 14:59:34 INFO request method=POST path=/rooms/201306877/messages duration=389.017µs
2026/10/10 14:59:34 INFO request method=POST path=/rooms/201306877/messages duration=385.814µs
2026/10/10 14:59:34 INFO request method=POST path=/rooms/201306877/messages duration=393.793µs
2026/10/10 14:59:34 INFO request method=POST path=/rooms/201306877/messages duration=383.082µs
2026/10/10 14:59:34 INFO request method=POST path=/rooms/201306877/messages duration=382.475µs
2026/10/10 14:59:34 INFO request method=POST path=/rooms/201306877/messages duration=376.457µs
2026/10/10 14:59:34 INFO request method=POST path=/rooms/201306877/messages duration=384.083µs
2026/10/10 14:59:34 INFO request method=POST path=/rooms/201306877/messages duration=391.69µs
2026/10/10 14:59:34 INFO request method=POST path=/rooms/201306877/messages duration=433.174µs
2026/10/10 14:59:34 INFO request method=POST path=/rooms/201306877/messages duration=366.812µs
2026/10/10 14:59:34 INFO request method=POST path=/rooms/201306877/messages duration=390.966µs
2026/10/10 14:59:34 INFO request method=POST path=/rooms/201306877/messages duration=387.423µs
2026/10/10 14:59:34 INFO request method=POST path=/rooms/201306877/messages duration=367.277µs
2026/10/10 14:59:34 INFO request method=POST path=/rooms/201306877/messages duration=378.902µs
2026/10/10 14:59:34 INFO request method=POST path=/rooms/201306877/messages duration=404.46µs
2026/10/10 14:59:34 INFO request method=POST path=/rooms/201306877/messages duration=366.846µs
2026/10/10 14:59:34 INFO request method=POST path=/rooms/201306877/messages duration=418.001µs
2026/10/10 14:59:34 INFO request method=POST path=/rooms/201306877/messages duration=409.586µs
2026/10/10 14:59:34 INFO request method=POST path=/rooms/201306877/messages duration=469.558µs
2026/10/10 14:59:34 INFO request method=POST path=/rooms/201306877/messages duration=385.309µs
2026/10/10 14:59:34 INFO request method=POST path=/rooms/201306877/messages duration=411.164µs
2026/10/10 14:59:34 INFO request method=POST path=/rooms/201306877/messages duration=414.336µs
2026/10/10 14:59:34 INFO request method=POST path=/rooms/201306877/messages duration=425.703µs
2026/10/10 14:59:34 INFO request method=POST path=/rooms/201306877/messages duration=430.343µs
2026/10/10 14:59:34 INFO request method=POST path=/rooms/201306877/messages duration=439.94µs
2026/10/10 14:59:34 INFO request method=POST path=/rooms/201306877/messages duration=436.307µs
2026/10/10 14:59:34 INFO request method=POST path=/rooms/201306877/messages duration=428.885µs
2026/10/10 14:59:34 INFO request method=POST path=/rooms/201306877/messages duration=423.188µs
2026/10/10 14:59:34 INFO request method=POST path=/rooms/201306877/messages duration=436.37µs
2026/10/10 14:59:34 INFO request method=POST path=/rooms/201306877/messages duration=461.309µs
2026/10/10 14:59:34 INFO request method=POST path=/rooms/201306877/messages duration=390.838µs
2026/10/10 14:59:34 INFO request method=POST path=/rooms/201306877/messages duration=433.1µs
2026/10/10 14:59:34 INFO request method=POST path=/rooms/201306877/messages duration=572.225µs
2026/10/10 14:59:34 INFO request method=POST path=/rooms/201306877/messages duration=555.14µs
2026/10/10 14:59:34 INFO request method=POST path=/rooms/201306877/messages duration=610.391µs
gc 12 @3.694s 0%: 0.018+1.1+0.014 ms clock, 0.075+0.13/1.0/0.70+0.057 ms cpu, 26->26->14 MB, 28 MB goal, 0 MB stacks, 0 MB globals, 4 P
2026/10/10 14:59:34 INFO request method=POST path=/rooms/201306877/messages duration=583.189µs
2026/10/10 14:59:34 INFO request method=POST path=/rooms/201306877/messages duration=452.911µs
2026/10/10 14:59:34 INFO request method=POST path=/rooms/201306877/messages duration=410.644µs
2026/10/10 14:59:34 INFO request method=POST path=/rooms/201306877/messages duration=400.107µs
2026/10/10 14:59:34 INFO request method=POST path=/rooms/201306877/messages duration=401.398µs
2026/10/10 14:59:34 INFO request method=POST path=/rooms/201306877/messages duration=414.526µs
2026/10/10 14:59:34 INFO request method=POST path=/rooms/201306877/messages duration=417.788µs
2026/10/10 14:59:34 INFO request method=POST path=/rooms/201306877/messages duration=368.839µs
2026/10/10 14:59:34 INFO request method=POST path=/rooms/201306877/messages duration=385.024µs
2026/10/10 14:59:34 INFO request method=POST path=/rooms/201306877/messages duration=421.426µs
2026/10/10 14:59:34 INFO request method=POST path=/rooms/201306877/messages duration=388.558µs
2026/10/10 14:59:34 INFO request method=POST path=/rooms/201306877/messages duration=397.084µs
2026/10/10 14:59:34 INFO request method=POST path=/rooms/201306877/messages duration=401.938µs
2026/10/10 14:59:34 INFO request method=POST path=/rooms/201306877/messages duration=401.081µs
2026/10/10 14:59:34 INFO request method=POST path=/rooms/201306877/messages duration=378.001µs
2026/10/10 14:59:34 INFO request method=POST path=/rooms/201306877/messages duration=370.153µs
2026/10/10 14:59:34 INFO request method=POST path=/rooms/201306877/messages duration=413.814µs
2026/10/10 14:59:34 INFO request method=POST path=/rooms/201306877/messages duration=405.013µs
2026/10/10 14:59:34 INFO request method=POST path=/rooms/201306877/messages duration=432.225µs
2026/10/10 14:59:34 INFO request method=POST path=/rooms/201306877/messages duration=425.116µs
2026/10/10 14:59:34 INFO request method=POST path=/rooms/201306877/messages duration=399.845µs
2026/10/10 14:59:34 INFO request method=POST path=/rooms/201306877/messages duration=423.722µs
2026/10/10 14:59:34 INFO request method=POST path=/rooms/201306877/messages duration=391.444µs
2026/10/10 14:59:34 INFO request method=POST path=/rooms/201306877/messages duration=379.703µs
2026/10/10 14:59:34 INFO request method=POST path=/rooms/201306877/messages duration=448.865µs
2026/10/10 14:59:34 INFO request method=POST path=/rooms/201306877/messages duration=393.676µs
2026/10/10 14:59:34 INFO request method=POST path=/rooms/201306877/messages duration=400.562µs
2026/10/10 14:59:34 INFO request method=POST path=/rooms/201306877/messages duration=425.088µs
2026/10/10 14:59:34 INFO request method=POST path=/rooms/201306877/messages duration=379.931µs
2026/10/10 14:59:34 INFO request method=POST path=/rooms/201306877/messages duration=396.02µs
2026/10/10 14:59:34 INFO request method=POST path=/rooms/201306877/messages duration=374.983µs
2026/10/10 14:59:34 INFO request method=POST path=/rooms/201306877/messages duration=373.247µs
2026/10/10 14:59:34 INFO request method=POST path=/rooms/201306877/messages duration=401.641µs
2026/10/10 14:59:34 INFO request method=POST path=/rooms/201306877/messages duration=366.336µs
2026/10/10 14:59:34 INFO request method=POST path=/rooms/201306877/messages duration=387.312µs
2026/10/10 14:59:34 INFO request method=POST path=/rooms/201306877/messages duration=393.812µs
2026/10/10 14:59:34 INFO request method=POST path=/rooms/201306877/messages duration=407.603µs
2026/10/10 14:59:34 INFO request method=POST path=/rooms/201306877/messages duration=404.7µs
2026/10/10 14:59:34 INFO request method=POST path=/rooms/201306877/messages duration=405.885µs
2026/10/10 14:59:34 INFO request method=POST path=/rooms/201306877/messages duration=395.897µs
2026/10/10 14:59:34 INFO request method=POST path=/rooms/201306877/messages duration=391.709µs
2026/10/10 14:59:34 INFO request method=POST path=/rooms/201306877/messages duration=399.623µs
2026/10/10 14:59:34 INFO request method=POST path=/rooms/201306877/messages duration=447.115µs
2026/10/10 14:59:34 INFO request method=POST path=/rooms/201306877/messages duration=389.858µs
2026/10/10 14:59:34 INFO request method=POST path=/rooms/201306877/messages duration=415.974µs
2026/10/10 14:59:34 INFO request method=POST path=/rooms/201306877/messages duration=505.348µs
2026/10/10 14:59:34 INFO request method=POST path=/rooms/201306877/messages duration=406.709µs
2026/10/10 14:59:34 INFO request method=POST path=/rooms/201306877/messages duration=403.353µs
2026/10/10 14:59:34 INFO request method=POST path=/rooms/201306877/messages duration=403.815µs
2026/10/10 14:59:34 INFO request method=POST path=/rooms/201306877/messages duration=423.907µs
2026/10/10 14:59:34 INFO request method=POST path=/rooms/201306877/messages duration=429.943µs
2026/10/10 14:59:34 INFO request method=POST path=/rooms/201306877/messages duration=445.126µs
2026/10/10 14:59:34 INFO request method=POST path=/rooms/201306877/messages duration=430.678µs
2026/10/10 14:59:34 INFO request method=POST path=/rooms/201306877/messages duration=427.752µs
2026/10/10 14:59:34 INFO request method=POST path=/rooms/201306877/messages duration=471.875µs
2026/10/10 14:59:34 INFO request method=POST path=/rooms/201306877/messages duration=424.035µs
2026/10/10 14:59:34 INFO request method=POST path=/rooms/201306877/messages duration=415.465µs
2026/10/10 14:59:34 INFO request method=POST path=/rooms/201306877/messages duration=523.894µs
2026/10/10 14:59:34 INFO request method=POST path=/rooms/201306877/messages duration=459.242µs
2026/10/10 14:59:34 INFO request method=POST path=/rooms/201306877/messages duration=399.035µs
2026/10/10 14:59:34 INFO request method=POST path=/rooms/201306877/messages duration=457.093µs
2026/10/10 14:59:34 INFO request method=POST path=/rooms/201306877/messages duration=458.07µs
2026/10/10 14:59:34 INFO request method=POST path=/rooms/201306877/messages duration=445.155µs
2026/10/10 14:59:34 INFO request method=POST path=/rooms/201306877/messages duration=452.996µs
2026/10/10 14:59:34 INFO request method=POST path=/rooms/201306877/messages duration=417.327µs
2026/10/10 14:59:34 INFO request method=POST path=/rooms/201306877/messages duration=419.23µs
2026/10/10 14:59:34 INFO request method=POST path=/rooms/201306877/messages duration=443.8µs
2026/10/10 14:59:34 INFO request method=POST path=/rooms/201306877/messages duration=441.117µs
2026/10/10 14:59:34 INFO request method=POST path=/rooms/201306877/messages duration=447.795µs
2026/10/10 14:59:34 INFO request method=POST path=/rooms/201306877/messages duration=439.425µs
2026/10/10 14:59:34 INFO request method=POST path=/rooms/201306877/messages duration=399.183µs
2026/10/10 14:59:34 INFO request method=POST path=/rooms/201306877/messages duration=417.733µs
2026/10/10 14:59:34 INFO request method=POST path=/rooms/201306877/messages duration=477.982µs
2026/10/10 14:59:34 INFO request method=POST path=/rooms/201306877/messages duration=423.96µs
2026/10/10 14:59:34 INFO request method=POST path=/rooms/201306877/messages duration=403.166µs
2026/10/10 14:59:34 INFO request method=POST path=/rooms/201306877/messages duration=408.698µs
2026/10/10 14:59:34 INFO request method=POST path=/rooms/201306877/messages duration=402.04µs
2026/10/10 14:59:34 INFO request method=POST path=/rooms/201306877/messages duration=402.709µs
2026/10/10 14:59:34 INFO request method=POST path=/rooms/201306877/messages duration=391.979µs
2026/10/10 14:59:34 INFO request method=POST path=/rooms/201306877/messages duration=403.395µs
2026/10/10 14:59:34 INFO request method=POST path=/rooms/201306877/messages duration=415.844µs
2026/10/10 14:59:34 INFO request method=POST path=/rooms/201306877/messages duration=400.873µs
2026/10/10 14:59:34 INFO request method=POST path=/rooms/201306877/messages duration=418.361µs
2026/10/10 14:59:34 INFO request method=POST path=/rooms/201306877/messages duration=415.977µs
2026/10/10 14:59:34 INFO request method=POST path=/rooms/201306877/messages duration=398.93µs
2026/10/10 14:59:34 INFO request method=POST path=/rooms/201306877/messages duration=409.104µs
2026/10/10 14:59:34 INFO request method=POST path=/rooms/201306877/messages duration=408.817µs
2026/10/10 14:59:34 INFO request method=POST path=/rooms/201306877/messages duration=497.896µs
2026/10/10 14:59:34 INFO request method=POST path=/rooms/201306877/messages duration=397.329µs
2026/10/10 14:59:34 INFO request method=POST path=/rooms/201306877/messages duration=408.032µs
2026/10/10 14:59:34 INFO request method=POST path=/rooms/201306877/messages duration=440.922µs
2026/10/10 14:59:34 INFO request method=POST path=/rooms/201306877/messages duration=455.176µs
2026/10/10 14:59:34 INFO request method=POST path=/rooms/201306877/messages duration=471.818µs
2026/10/10 14:59:34 INFO request method=POST path=/rooms/201306877/messages duration=422.277µs
2026/10/10 14:59:34 INFO request method=POST path=/rooms/201306877/messages duration=684.893µs
2026/10/10 14:59:34 INFO request method=POST path=/rooms/201306877/messages duration=1.116191ms
2026/10/10 14:59:34 INFO request method=POST path=/rooms/201306877/messages duration=589.985µs
gc 13 @3.727s 0%: 0.020+1.1+0.012 ms clock, 0.083+0.087/0.99/0.72+0.050 ms cpu, 28->29->15 MB, 30 MB goal, 0 MB stacks, 0 MB globals, 4 P
2026/10/10 14:59:34 INFO request method=POST path=/rooms/201306877/messages duration=584.136µs
2026/10/10 14:59:34 INFO request method=POST path=/rooms/201306877/messages duration=516.91µs
2026/10/10 14:59:34 INFO request method=POST path=/rooms/201306877/messages duration=446.351µs
2026/10/10 14:59:34 INFO request method=POST path=/rooms/201306877/messages duration=420.164µs
2026/10/10 14:59:34 INFO request method=POST path=/rooms/201306877/messages duration=410.69µs
2026/10/10 14:59:34 INFO request method=POST path=/rooms/201306877/messages duration=429.658µs
2026/10/10 14:59:34 INFO request method=POST path=/rooms/201306877/messages duration=404.317µs
2026/10/10 14:59:34 INFO request method=POST path=/rooms/201306877/messages duration=408.543µs
2026/10/10 14:59:34 INFO request method=POST path=/rooms/201306877/messages duration=447.682µs
2026/10/10 14:59:34 INFO request method=POST path=/rooms/201306877/messages duration=408.276µs
2026/10/10 14:59:34 INFO request method=POST path=/rooms/201306877/messages duration=363.77µs
2026/10/10 14:59:34 INFO request method=POST path=/rooms/201306877/messages duration=346.121µs
2026/10/10 14:59:34 INFO request method=POST path=/rooms/201306877/messages duration=337.489µs
2026/10/10 14:59:34 INFO request method=POST path=/rooms/201306877/messages duration=372.481µs
2026/10/10 14:59:34 INFO request method=POST path=/rooms/201306877/messages duration=368.705µs
2026/10/10 14:59:34 INFO request method=POST path=/rooms/201306877/messages duration=354.617µs
2026/10/10 14:59:34 INFO request method=POST path=/rooms/201306877/messages duration=366.825µs
2026/10/10 14:59:34 INFO request method=POST path=/rooms/201306877/messages duration=355.491µs
2026/10/10 14:59:34 INFO request method=POST path=/rooms/201306877/messages duration=338.652µs
2026/10/10 14:59:34 INFO request method=POST path=/rooms/201306877/messages duration=377.749µs
2026/10/10 14:59:34 INFO request method=POST path=/rooms/201306877/messages duration=365.069µs
2026/10/10 14:59:34 INFO request method=POST path=/rooms/201306877/messages duration=379.026µs
2026/10/10 14:59:34 INFO request method=POST path=/rooms/201306877/messages duration=389.631µs
2026/10/10 14:59:34 INFO request method=POST path=/rooms/201306877/messages duration=356.005µs
2026/10/10 14:59:34 INFO request method=POST path=/rooms/201306877/messages duration=446.63µs
2026/10/10 14:59:34 INFO request method=POST path=/rooms/201306877/messages duration=357.596µs
2026/10/10 14:59:34 INFO request method=POST path=/rooms/201306877/messages duration=404.569µs
2026/10/10 14:59:34 INFO request method=POST path=/rooms/201306877/messages duration=365.369µs
2026/10/10 14:59:34 INFO request method=POST path=/rooms/201306877/messages duration=353.915µs
2026/10/10 14:59:34 INFO request method=POST path=/rooms/201306877/messages duration=364.826µs
2026/10/10 14:59:34 INFO request method=POST path=/rooms/201306877/messages duration=355.279µs
2026/10/10 14:59:34 INFO request method=POST path=/rooms/201306877/messages duration=365.179µs
2026/10/10 14:59:34 INFO request method=POST path=/rooms/201306877/messages duration=352.702µs
2026/10/10 14:59:34 INFO request method=POST path=/rooms/201306877/messages duration=345.11µs
2026/10/10 14:59:34 INFO request method=POST path=/rooms/201306877/messages duration=398.717µs
2026/10/10 14:59:34 INFO request method=POST path=/rooms/201306877/messages duration=372.309µs
2026/10/10 14:59:34 INFO request method=POST path=/rooms/201306877/messages duration=347.265µs
2026/10/10 14:59:34 INFO request method=POST path=/rooms/201306877/messages duration=357.779µs
2026/10/10 14:59:34 INFO request method=POST path=/rooms/201306877/messages duration=362.099µs
2026/10/10 14:59:34 INFO request method=POST path=/rooms/201306877/messages duration=399.442µs
2026/10/10 14:59:34 INFO request method=POST path=/rooms/201306877/messages duration=351.232µs
2026/10/10 14:59:34 INFO request method=POST path=/rooms/201306877/messages duration=340.258µs
2026/10/10 14:59:34 INFO request method=POST path=/rooms/201306877/messages duration=339.48µs
2026/10/10 14:59:34 INFO request method=POST path=/rooms/201306877/messages duration=341.43µs
2026/10/10 14:59:34 INFO request method=POST path=/rooms/201306877/messages duration=348.83µs
2026/10/10 14:59:34 INFO request method=POST path=/rooms/201306877/messages duration=357.045µs
2026/10/10 14:59:34 INFO request method=POST path=/rooms/201306877/messages duration=350.742µs
2026/10/10 14:59:34 INFO request method=POST path=/rooms/201306877/messages duration=355.926µs
2026/10/10 14:59:34 INFO request method=POST path=/rooms/201306877/messages duration=362.093µs
2026/10/10 14:59:34 INFO request method=POST path=/rooms/201306877/messages duration=361.383µs
2026/10/10 14:59:34 INFO request method=POST path=/rooms/201306877/messages duration=375.672µs
2026/10/10 14:59:34 INFO request method=POST path=/rooms/201306877/messages duration=347.712µs
2026/10/10 14:59:34 INFO request method=POST path=/rooms/201306877/messages duration=394.669µs
2026/10/10 14:59:34 INFO request method=POST path=/rooms/201306877/messages duration=380.348µs
2026/10/10 14:59:34 INFO request method=POST path=/rooms/201306877/messages duration=449.658µs
2026/10/10 14:59:34 INFO request method=POST path=/rooms/201306877/messages duration=386.339µs
2026/10/10 14:59:34 INFO request method=POST path=/rooms/201306877/messages duration=369.232µs
2026/10/10 14:59:34 INFO request method=POST path=/rooms/201306877/messages duration=369.815µs
2026/10/10 14:59:34 INFO request method=POST path=/rooms/201306877/messages duration=457.859µs
2026/10/10 14:59:34 INFO request method=POST path=/rooms/201306877/messages duration=402.224µs
2026/10/10 14:59:34 INFO request method=POST path=/rooms/201306877/messages duration=399.538µs
2026/10/10 14:59:34 INFO request method=POST path=/rooms/201306877/messages duration=397.359µs
2026/10/10 14:59:34 INFO request method=POST path=/rooms/201306877/messages duration=382.836µs
2026/10/10 14:59:34 INFO request method=POST path=/rooms/201306877/messages duration=368.516µs
2026/10/10 14:59:34 INFO request method=POST path=/rooms/201306877/messages duration=427.438µs
2026/10/10 14:59:34 INFO request method=POST path=/rooms/201306877/messages duration=411.156µs
2026/10/10 14:59:34 INFO request method=POST path=/rooms/201306877/messages duration=550.86µs
2026/10/10 14:59:34 INFO request method=POST path=/rooms/201306877/messages duration=388.193µs
2026/10/10 14:59:34 INFO request method=POST path=/rooms/201306877/messages duration=411.742µs
2026/10/10 14:59:34 INFO request method=POST path=/rooms/201306877/messages duration=425.512µs
2026/10/10 14:59:34 INFO request method=POST path=/rooms/201306877/messages duration=422.881µs
2026/10/10 14:59:34 INFO request method=POST path=/rooms/201306877/messages duration=401.842µs
2026/10/10 14:59:34 INFO request method=POST path=/rooms/201306877/messages duration=411.033µs
2026/10/10 14:59:34 INFO request method=POST path=/rooms/201306877/messages duration=517.694µs
2026/10/10 14:59:34 INFO request method=POST path=/rooms/201306877/messages duration=410.862µs
2026/10/10 14:59:34 INFO request method=POST path=/rooms/201306877/messages duration=407.985µs
2026/10/10 14:59:34 INFO request method=POST path=/rooms/201306877/messages duration=431.083µs
2026/10/10 14:59:34 INFO request method=POST path=/rooms/201306877/messages duration=398.403µs
2026/10/10 14:59:34 INFO request method=POST path=/rooms/201306877/messages duration=408.725µs
2026/10/10 14:59:34 INFO request method=POST path=/rooms/201306877/messages duration=412.919µs
2026/10/10 14:59:34 INFO request method=POST path=/rooms/201306877/messages duration=427.61µs
2026/10/10 14:59:34 INFO request method=POST path=/rooms/201306877/messages duration=400.88µs
2026/10/10 14:59:34 INFO request method=POST path=/rooms/201306877/messages duration=415.398µs
2026/10/10 14:59:34 INFO request method=POST path=/rooms/201306877/messages duration=412.5µs
2026/10/10 14:59:34 INFO request method=POST path=/rooms/201306877/messages duration=429.931µs
2026/10/10 14:59:34 INFO request method=POST path=/rooms/201306877/messages duration=412.737µs
2026/10/10 14:59:34 INFO request method=POST path=/rooms/201306877/messages duration=382.294µs
2026/10/10 14:59:34 INFO request method=POST path=/rooms/201306877/messages duration=389.171µs
2026/10/10 14:59:34 INFO request method=POST path=/rooms/201306877/messages duration=519.038µs
2026/10/10 14:59:34 INFO request method=POST path=/rooms/201306877/messages duration=395.01µs
2026/10/10 14:59:34 INFO request method=POST path=/rooms/201306877/messages duration=469.347µs
2026/10/10 14:59:34 INFO request method=POST path=/rooms/201306877/messages duration=494.146µs
2026/10/10 14:59:34 INFO request method=POST path=/rooms/201306877/messages duration=458.836µs
2026/10/10 14:59:34 INFO request method=POST path=/rooms/201306877/messages duration=463.433µs
2026/10/10 14:59:34 INFO request method=POST path=/rooms/201306877/messages duration=660.866µs
2026/10/10 14:59:34 INFO request method=POST path=/rooms/201306877/messages duration=590.253µs
2026/10/10 14:59:34 INFO request method=POST path=/rooms/201306877/messages duration=741.598µs
2026/10/10 14:59:34 INFO request method=POST path=/rooms/201306877/messages duration=634.899µs
gc 14 @3.759s 0%: 0.041+1.5+0.011 ms clock, 0.16+0.15/1.5/0.42+0.044 ms cpu, 30->31->16 MB, 31 MB goal, 0 MB stacks, 0 MB globals, 4 P
2026/10/10 14:59:34 INFO request method=POST path=/rooms/201306877/messages duration=651.393µs
2026/10/10 14:59:34 INFO request method=POST path=/rooms/201306877/messages duration=581.9µs
2026/10/10 14:59:34 INFO request method=POST path=/rooms/201306877/messages duration=450.21µs
2026/10/10 14:59:34 INFO request method=POST path=/rooms/201306877/messages duration=477.181µs
2026/10/10 14:59:34 INFO request method=POST path=/rooms/201306877/messages duration=448.391µs
2026/10/10 14:59:34 INFO request method=POST path=/rooms/201306877/messages duration=569.657µs
2026/10/10 14:59:34 INFO request method=POST path=/rooms/201306877/messages duration=438.141µs
2026/10/10 14:59:34 INFO request method=POST path=/rooms/201306877/messages duration=387.32µs
2026/10/10 14:59:34 INFO request method=POST path=/rooms/201306877/messages duration=398.552µs
2026/10/10 14:59:34 INFO request method=POST path=/rooms/201306877/messages duration=412.406µs
2026/10/10 14:59:34 INFO request method=POST path=/rooms/201306877/messages duration=384.997µs
2026/10/10 14:59:34 INFO request method=POST path=/rooms/201306877/messages duration=418.385µs
2026/10/10 14:59:34 INFO request method=POST path=/rooms/201306877/messages duration=400.567µs
2026/10/10 14:59:34 INFO request method=POST path=/rooms/201306877/messages duration=392.209µs
2026/10/10 14:59:34 INFO request method=POST path=/rooms/201306877/messages duration=408.073µs
2026/10/10 14:59:34 INFO request method=POST path=/rooms/201306877/messages duration=376.002µs
2026/10/10 14:59:34 INFO request method=POST path=/rooms/201306877/messages duration=383.504µs
2026/10/10 14:59:34 INFO request method=POST path=/rooms/201306877/messages duration=372.474µs
2026/10/10 14:59:34 INFO request method=POST path=/rooms/201306877/messages duration=413.641µs
2026/10/10 14:59:34 INFO request method=POST path=/rooms/201306877/messages duration=375.788µs
2026/10/10 14:59:34 INFO request method=POST path=/rooms/201306877/messages duration=421.526µs
2026/10/10 14:59:34 INFO request method=POST path=/rooms/201306877/messages duration=456.227µs
2026/10/10 14:59:34 INFO request method=POST path=/rooms/201306877/messages duration=383.589µs
2026/10/10 14:59:34 INFO request method=POST path=/rooms/201306877/messages duration=458.694µs
2026/10/10 14:59:34 INFO request method=POST path=/rooms/201306877/messages duration=446.262µs
2026/10/10 14:59:34 INFO request method=POST path=/rooms/201306877/messages duration=385.804µs
2026/10/10 14:59:34 INFO request method=POST path=/rooms/201306877/messages duration=541.644µs
2026/10/10 14:59:34 INFO request method=POST path=/rooms/201306877/messages duration=402.204µs
2026/10/10 14:59:34 INFO request method=POST path=/rooms/201306877/messages duration=386.434µs
2026/10/10 14:59:34 INFO request method=POST path=/rooms/201306877/messages duration=384.679µs
2026/10/10 14:59:34 INFO request method=POST path=/rooms/201306877/messages duration=380.106µs
2026/10/10 14:59:34 INFO request method=POST path=/rooms/201306877/messages duration=371.287µs
2026/10/10 14:59:34 INFO request method=POST path=/rooms/201306877/messages duration=387.156µs
2026/10/10 14:59:34 INFO request method=POST path=/rooms/201306877/messages duration=374.777µs
2026/10/10 14:59:34 INFO request method=POST path=/rooms/201306877/messages duration=375.016µs
2026/10/10 14:59:34 INFO request method=POST path=/rooms/201306877/messages duration=375.331µs
2026/10/10 14:59:34 INFO request method=POST path=/rooms/201306877/messages duration=377.721µs
2026/10/10 14:59:34 INFO request method=POST path=/rooms/201306877/messages duration=388.621µs
2026/10/10 14:59:34 INFO request method=POST path=/rooms/201306877/messages duration=385.432µs
2026/10/10 14:59:34 INFO request method=POST path=/rooms/201306877/messages duration=406.148µs
2026/10/10 14:59:34 INFO request method=POST path=/rooms/201306877/messages duration=363.51µs
2026/10/10 14:59:34 INFO request method=POST path=/rooms/201306877/messages duration=397.174µs
2026/10/10 14:59:34 INFO request method=POST path=/rooms/201306877/messages duration=404.923µs
2026/10/10 14:59:34 INFO request method=POST path=/rooms/201306877/messages duration=366.902µs
2026/10/10 14:59:34 INFO request method=POST path=/rooms/201306877/messages duration=396.094µs
2026/10/10 14:59:34 INFO request method=POST path=/rooms/201306877/messages duration=394.491µs
2026/10/10 14:59:34 INFO request method=POST path=/rooms/201306877/messages duration=421.497µs
2026/10/10 14:59:34 INFO request method=POST path=/rooms/201306877/messages duration=405.547µs
2026/10/10 14:59:34 INFO request method=POST path=/rooms/201306877/messages duration=420.142µs
2026/10/10 14:59:34 INFO request method=POST path=/rooms/201306877/messages duration=410.543µs
2026/10/10 14:59:34 INFO request method=POST path=/rooms/201306877/messages duration=406.265µs
2026/10/10 14:59:34 INFO request method=POST path=/rooms/201306877/messages duration=427.211µs
2026/10/10 14:59:34 INFO request method=POST path=/rooms/201306877/messages duration=458.073µs
2026/10/10 14:59:34 INFO request method=POST path=/rooms/201306877/messages duration=419.287µs
2026/10/10 14:59:34 INFO request method=POST path=/rooms/201306877/messages duration=440.978µs
2026/10/10 14:59:34 INFO request method=POST path=/rooms/201306877/messages duration=411.577µs
2026/10/10 14:59:34 INFO request method=POST path=/rooms/201306877/messages duration=415.164µs
2026/10/10 14:59:34 INFO request method=POST path=/rooms/201306877/messages duration=400.856µs
2026/10/10 14:59:34 INFO request method=POST path=/rooms/201306877/messages duration=401.583µs
2026/10/10 14:59:34 INFO request method=POST path=/rooms/201306877/messages duration=417.951µs
2026/10/10 14:59:34 INFO request method=POST path=/rooms/201306877/messages duration=426.331µs
2026/10/10 14:59:34 INFO request method=POST path=/rooms/201306877/messages duration=410.639µs
2026/10/10 14:59:34 INFO request method=POST path=/rooms/201306877/messages duration=428.314µs
2026/10/10 14:59:34 INFO request method=POST path=/rooms/201306877/messages duration=397.581µs
2026/10/10 14:59:34 INFO request method=POST path=/rooms/201306877/messages duration=397.179µs
2026/10/10 14:59:34 INFO request method=POST path=/rooms/201306877/messages duration=412.68µs
2026/10/10 14:59:34 INFO request method=POST path=/rooms/201306877/messages duration=403.326µs
2026/10/10 14:59:34 INFO request method=POST path=/rooms/201306877/messages duration=404.12µs
2026/10/10 14:59:34 INFO request method=POST path=/rooms/201306877/messages duration=437.079µs
2026/10/10 14:59:34 INFO request method=POST path=/rooms/201306877/messages duration=482.196µs
2026/10/10 14:59:34 INFO request method=POST path=/rooms/201306877/messages duration=433.04µs
2026/10/10 14:59:34 INFO request method=POST path=/rooms/201306877/messages duration=428.757µs
2026/10/10 14:59:34 INFO request method=POST path=/rooms/201306877/messages duration=430.708µs
2026/10/10 14:59:34 INFO request method=POST path=/rooms/201306877/messages duration=396.595µs
2026/10/10 14:59:34 INFO request method=POST path=/rooms/201306877/messages duration=392.704µs
2026/10/10 14:59:34 INFO request method=POST path=/rooms/201306877/messages duration=420.621µs
2026/10/10 14:59:34 INFO request method=POST path=/rooms/201306877/messages duration=406.839µs
2026/10/10 14:59:34 INFO request method=POST path=/rooms/201306877/messages duration=398.511µs
2026/10/10 14:59:34 INFO request method=POST path=/rooms/201306877/messages duration=396.138µs
2026/10/10 14:59:34 INFO request method=POST path=/rooms/201306877/messages duration=476.669µs
2026/10/10 14:59:34 INFO request method=POST path=/rooms/201306877/messages duration=383.973µs
2026/10/10 14:59:34 INFO request method=POST path=/rooms/201306877/messages duration=407.882µs
2026/10/10 14:59:34 INFO request method=POST path=/rooms/201306877/messages duration=399.611µs
2026/10/10 14:59:34 INFO request method=POST path=/rooms/201306877/messages duration=404.344µs
2026/10/10 14:59:34 INFO request method=POST path=/rooms/201306877/messages duration=459.144µs
2026/10/10 14:59:34 INFO request method=POST path=/rooms/201306877/messages duration=406.277µs
2026/10/10 14:59:34 INFO request method=POST path=/rooms/201306877/messages duration=439.808µs
2026/10/10 14:59:34 INFO request method=POST path=/rooms/201306877/messages duration=408.133µs
2026/10/10 14:59:34 INFO request method=POST path=/rooms/201306877/messages duration=438.52µs
2026/10/10 14:59:34 INFO request method=POST path=/rooms/201306877/messages duration=424.554µs
2026/10/10 14:59:34 INFO request method=POST path=/rooms/201306877/messages duration=435.751µs
2026/10/10 14:59:34 INFO request method=POST path=/rooms/201306877/messages duration=409.15µs
2026/10/10 14:59:34 INFO request method=POST path=/rooms/201306877/messages duration=406.72µs
2026/10/10 14:59:34 INFO request method=POST path=/rooms/201306877/messages duration=408.095µs
2026/10/10 14:59:34 INFO request method=POST path=/rooms/201306877/messages duration=418.749µs
2026/10/10 14:59:34 INFO request method=POST path=/rooms/201306877/messages duration=398.38µs
2026/10/10 14:59:34 INFO request method=POST path=/rooms/201306877/messages duration=431.07µs
2026/10/10 14:59:34 INFO request method=POST path=/rooms/201306877/messages duration=422.046µs
2026/10/10 14:59:34 INFO request method=POST path=/rooms/201306877/messages duration=465.733µs
2026/10/10 14:59:34 INFO request method=POST path=/rooms/201306877/messages duration=443.878µs
2026/10/10 14:59:34 INFO request method=POST path=/rooms/201306877/messages duration=444.248µs
2026/10/10 14:59:34 INFO request method=POST path=/rooms/201306877/messages duration=429.247µs
2026/10/10 14:59:34 INFO request method=POST path=/rooms/201306877/messages duration=492.206µs
2026/10/10 14:59:34 INFO request method=POST path=/rooms/201306877/messages duration=489.119µs
2026/10/10 14:59:34 INFO request method=POST path=/rooms/201306877/messages duration=462.701µs
2026/10/10 14:59:34 INFO request method=POST path=/rooms/201306877/messages duration=434.675µs
2026/10/10 14:59:34 INFO request method=POST path=/rooms/201306877/messages duration=429.429µs
2026/10/10 14:59:34 INFO request method=POST path=/rooms/201306877/messages duration=431.112µs
2026/10/10 14:59:34 INFO request method=POST path=/rooms/201306877/messages duration=445.566µs
2026/10/10 14:59:34 INFO request method=POST path=/rooms/201306877/messages duration=614.5µs
2026/10/10 14:59:34 INFO request method=POST path=/rooms/201306877/messages duration=546.18µs
2026/10/10 14:59:34 INFO request method=POST path=/rooms/201306877/messages duration=560.96µs
2026/10/10 14:59:34 INFO request method=POST path=/rooms/201306877/messages duration=532.239µs
2026/10/10 14:59:34 INFO request method=POST path=/rooms/201306877/messages duration=527.969µs
2026/10/10 14:59:34 INFO request method=POST path=/rooms/201306877/messages duration=487.565µs
2026/10/10 14:59:34 INFO request method=POST path=/rooms/201306877/messages duration=490.167µs
gc 15 @3.797s 0%: 0.021+2.2+0.055 ms clock, 0.085+0.032/1.6/0.036+0.22 ms cpu, 32->33->18 MB, 34 MB goal, 0 MB stacks, 0 MB globals, 4 P
2026/10/10 14:59:34 INFO request method=POST path=/rooms/201306877/messages duration=572.577µs
2026/10/10 14:59:34 INFO request method=POST path=/rooms/201306877/messages duration=375.159µs
2026/10/10 14:59:34 INFO request method=POST path=/rooms/201306877/messages duration=390.653µs
2026/10/10 14:59:34 INFO request method=POST path=/rooms/201306877/messages duration=382.154µs
2026/10/10 14:59:34 INFO request method=POST path=/rooms/201306877/messages duration=354.678µs
2026/10/10 14:59:34 INFO request method=POST path=/rooms/201306877/messages duration=345.026µs
2026/10/10 14:59:34 INFO request method=POST path=/rooms/201306877/messages duration=316.391µs
2026/10/10 14:59:34 INFO request method=POST path=/rooms/201306877/messages duration=319.69µs
2026/10/10 14:59:34 INFO request method=POST path=/rooms/201306877/messages duration=323.442µs
2026/10/10 14:59:34 INFO request method=POST path=/rooms/201306877/messages duration=338.183µs
2026/10/10 14:59:34 INFO request method=POST path=/rooms/201306877/messages duration=313.753µs
2026/10/10 14:59:34 INFO request method=POST path=/rooms/201306877/messages duration=308.614µs
2026/10/10 14:59:34 INFO request method=POST path=/rooms/201306877/messages duration=309.352µs
2026/10/10 14:59:34 INFO request method=POST path=/rooms/201306877/messages duration=313.617µs
2026/10/10 14:59:34 INFO request method=POST path=/rooms/201306877/messages duration=289.567µs
2026/10/10 14:59:34 INFO request method=POST path=/rooms/201306877/messages duration=314.688µs
2026/10/10 14:59:34 INFO request method=POST path=/rooms/201306877/messages duration=331.072µs
2026/10/10 14:59:34 INFO request method=POST path=/rooms/201306877/messages duration=349.04µs
2026/10/10 14:59:34 INFO request method=POST path=/rooms/201306877/messages duration=335.394µs
2026/10/10 14:59:34 INFO request method=POST path=/rooms/201306877/messages duration=323.815µs
2026/10/10 14:59:34 INFO request method=POST path=/rooms/201306877/messages duration=319.282µs
2026/10/10 14:59:34 INFO request method=POST path=/rooms/201306877/messages duration=319.994µs
2026/10/10 14:59:34 INFO request method=POST path=/rooms/201306877/messages duration=389.19µs
2026/10/10 14:59:34 INFO request method=POST path=/rooms/201306877/messages duration=336.539µs
2026/10/10 14:59:34 INFO request method=POST path=/rooms/201306877/messages duration=329.617µs
2026/10/10 14:59:34 INFO request method=POST path=/rooms/201306877/messages duration=320.937µs
2026/10/10 14:59:34 INFO request method=POST path=/rooms/201306877/messages duration=324.735µs
2026/10/10 14:59:34 INFO request method=POST path=/rooms/201306877/messages duration=295.968µs
2026/10/10 14:59:34 INFO request method=POST path=/rooms/201306877/messages duration=308.471µs
2026/10/10 14:59:34 INFO request method=POST path=/rooms/201306877/messages duration=326.719µs
2026/10/10 14:59:34 INFO request method=POST path=/rooms/201306877/messages duration=329.314µs
2026/10/10 14:59:34 INFO request method=POST path=/rooms/201306877/messages duration=315.598µs
2026/10/10 14:59:34 INFO request method=POST path=/rooms/201306877/messages duration=376.95µs
2026/10/10 14:59:34 INFO request method=POST path=/rooms/201306877/messages duration=306.043µs
2026/10/10 14:59:34 INFO request method=POST path=/rooms/201306877/messages duration=310.26µs
2026/10/10 14:59:34 INFO request method=POST path=/rooms/201306877/messages duration=309.082µs
2026/10/10 14:59:34 INFO request method=POST path=/rooms/201306877/messages duration=340.264µs
2026/10/10 14:59:34 INFO request method=POST path=/rooms/201306877/messages duration=312.702µs
2026/10/10 14:59:34 INFO request method=POST path=/rooms/201306877/messages duration=294.922µs
2026/10/10 14:59:34 INFO request method=POST path=/rooms/201306877/messages duration=308.43µs
2026/10/10 14:59:34 INFO request method=POST path=/rooms/201306877/messages duration=302.601µs
2026/10/10 14:59:34 INFO request method=POST path=/rooms/201306877/messages duration=294.09µs
2026/10/10 14:59:34 INFO request method=POST path=/rooms/201306877/messages duration=309.5µs
2026/10/10 14:59:34 INFO request method=POST path=/rooms/201306877/messages duration=310.531µs
2026/10/10 14:59:34 INFO request method=POST path=/rooms/201306877/messages duration=309.999µs
2026/10/10 14:59:34 INFO request method=POST path=/rooms/201306877/messages duration=317.825µs
2026/10/10 14:59:34 INFO request method=POST path=/rooms/201306877/messages duration=313.091µs
2026/10/10 14:59:34 INFO request method=POST path=/rooms/201306877/messages duration=329.677µs
2026/10/10 14:59:34 INFO request method=POST path=/rooms/201306877/messages duration=313.576µs
2026/10/10 14:59:34 INFO request method=POST path=/rooms/201306877/messages duration=311.661µs
2026/10/10 14:59:34 INFO request method=POST path=/rooms/201306877/messages duration=301.221µs
2026/10/10 14:59:34 INFO request method=POST path=/rooms/201306877/messages duration=364.576µs
2026/10/10 14:59:34 INFO request method=POST path=/rooms/201306877/messages duration=320.665µs
2026/10/10 14:59:34 INFO request method=POST path=/rooms/201306877/messages duration=318.061µs
2026/10/10 14:59:34 INFO request method=POST path=/rooms/201306877/messages duration=315.883µs
2026/10/10 14:59:34 INFO request method=POST path=/rooms/201306877/messages duration=310.496µs
2026/10/10 14:59:34 INFO request method=POST path=/rooms/201306877/messages duration=309.896µs
2026/10/10 14:59:34 INFO request method=POST path=/rooms/201306877/messages duration=304.315µs
2026/10/10 14:59:34 INFO request method=POST path=/rooms/201306877/messages duration=325.208µs
2026/10/10 14:59:34 INFO request method=POST path=/rooms/201306877/messages duration=296.525µs
2026/10/10 14:59:34 INFO request method=POST path=/rooms/201306877/messages duration=319.747µs
2026/10/10 14:59:34 INFO request method=POST path=/rooms/201306877/messages duration=314.657µs
2026/10/10 14:59:34 INFO request method=POST path=/rooms/201306877/messages duration=312.332µs
2026/10/10 14:59:34 INFO request method=POST path=/rooms/201306877/messages duration=305.879µs
2026/10/10 14:59:34 INFO request method=POST path=/rooms/201306877/messages duration=323.695µs
2026/10/10 14:59:34 INFO request method=POST path=/rooms/201306877/messages duration=311.612µs
2026/10/10 14:59:34 INFO request method=POST path=/rooms/201306877/messages duration=376.354µs
2026/10/10 14:59:34 INFO request method=POST path=/rooms/201306877/messages duration=322.399µs
2026/10/10 14:59:34 INFO request method=POST path=/rooms/201306877/messages duration=306.373µs
2026/10/10 14:59:34 INFO request method=POST path=/rooms/201306877/messages duration=294.497µs
2026/10/10 14:59:34 INFO request method=POST path=/rooms/201306877/messages duration=306.803µs
2026/10/10 14:59:34 INFO request method=POST path=/rooms/201306877/messages duration=314.921µs
2026/10/10 14:59:34 INFO request method=POST path=/rooms/201306877/messages duration=298.262µs
2026/10/10 14:59:34 INFO request method=POST path=/rooms/201306877/messages duration=309.24µs
2026/10/10 14:59:34 INFO request method=POST path=/rooms/201306877/messages duration=313.72µs
2026/10/10 14:59:34 INFO request method=POST path=/rooms/201306877/messages duration=375.285µs
2026/10/10 14:59:34 INFO request method=POST path=/rooms/201306877/messages duration=325.782µs
2026/10/10 14:59:34 INFO request method=POST path=/rooms/201306877/messages duration=311.087µs
2026/10/10 14:59:34 INFO request method=POST path=/rooms/201306877/messages duration=306.576µs
2026/10/10 14:59:34 INFO request method=POST path=/rooms/201306877/messages duration=301.365µs
2026/10/10 14:59:34 INFO request method=POST path=/rooms/201306877/messages duration=323.918µs
2026/10/10 14:59:34 INFO request method=POST path=/rooms/201306877/messages duration=363.083µs
2026/10/10 14:59:34 INFO request method=POST path=/rooms/201306877/messages duration=307.664µs
2026/10/10 14:59:34 INFO request method=POST path=/rooms/201306877/messages duration=299.904µs
2026/10/10 14:59:34 INFO request method=POST path=/rooms/201306877/messages duration=306.035µs
2026/10/10 14:59:34 INFO request method=POST path=/rooms/201306877/messages duration=328.037µs
2026/10/10 14:59:34 INFO request method=POST path=/rooms/201306877/messages duration=295.974µs
2026/10/10 14:59:34 INFO request method=POST path=/rooms/201306877/messages duration=323.1µs
2026/10/10 14:59:34 INFO request method=POST path=/rooms/201306877/messages duration=327.332µs
2026/10/10 14:59:34 INFO request method=POST path=/rooms/201306877/messages duration=322.146µs
2026/10/10 14:59:34 INFO request method=POST path=/rooms/201306877/messages duration=296.302µs
2026/10/10 14:59:34 INFO request method=POST path=/rooms/201306877/messages duration=312.64µs
2026/10/10 14:59:34 INFO request method=POST path=/rooms/201306877/messages duration=318.497µs
2026/10/10 14:59:34 INFO request method=POST path=/rooms/201306877/messages duration=323.482µs
2026/10/10 14:59:34 INFO request method=POST path=/rooms/201306877/messages duration=316.683µs
2026/10/10 14:59:34 INFO request method=POST path=/rooms/201306877/messages duration=304.361µs
2026/10/10 14:59:34 INFO request method=POST path=/rooms/201306877/messages duration=379.867µs
2026/10/10 14:59:34 INFO request method=POST path=/rooms/201306877/messages duration=318.143µs
2026/10/10 14:59:34 INFO request method=POST path=/rooms/201306877/messages duration=304.283µs
2026/10/10 14:59:34 INFO request method=POST path=/rooms/201306877/messages duration=306.495µs
2026/10/10 14:59:34 INFO request method=POST path=/rooms/201306877/messages duration=351.266µs
2026/10/10 14:59:34 INFO request method=POST path=/rooms/201306877/messages duration=334.822µs
2026/10/10 14:59:34 INFO request method=POST path=/rooms/201306877/messages duration=310.03µs
2026/10/10 14:59:34 INFO request method=POST path=/rooms/201306877/messages duration=316.044µs
2026/10/10 14:59:34 INFO request method=POST path=/rooms/201306877/messages duration=319.217µs
2026/10/10 14:59:34 INFO request method=POST path=/rooms/201306877/messages duration=321.618µs
2026/10/10 14:59:34 INFO request method=POST path=/rooms/201306877/messages duration=302.968µs
2026/10/10 14:59:34 INFO request method=POST path=/rooms/201306877/messages duration=337.104µs
2026/10/10 14:59:34 INFO request method=POST path=/rooms/201306877/messages duration=334.152µs
2026/10/10 14:59:34 INFO request method=POST path=/rooms/201306877/messages duration=338.971µs
2026/10/10 14:59:34 INFO request method=POST path=/rooms/201306877/messages duration=334.163µs
2026/10/10 14:59:34 INFO request method=POST path=/rooms/201306877/messages duration=329.972µs
2026/10/10 14:59:34 INFO request method=POST path=/rooms/201306877/messages duration=350.034µs
2026/10/10 14:59:34 INFO request method=POST path=/rooms/201306877/messages duration=353.107µs
2026/10/10 14:59:34 INFO request method=POST path=/rooms/201306877/messages duration=353.088µs
2026/10/10 14:59:34 INFO request method=POST path=/rooms/201306877/messages duration=412.526µs
2026/10/10 14:59:34 INFO request method=POST path=/rooms/201306877/messages duration=327.086µs
2026/10/10 14:59:34 INFO request method=POST path=/rooms/201306877/messages duration=335.479µs
2026/10/10 14:59:34 INFO request method=POST path=/rooms/201306877/messages duration=364.775µs
2026/10/10 14:59:34 INFO request method=POST path=/rooms/201306877/messages duration=501.858µs
gc 16 @3.838s 0%: 0.051+0.71+0.057 ms clock, 0.20+0.023/0.46/1.0+0.23 ms cpu, 35->35->18 MB, 36 MB goal, 0 MB stacks, 0 MB globals, 4 P
2026/10/10 14:59:34 INFO request method=POST path=/rooms/201306877/messages duration=683.24µs
2026/10/10 14:59:34 INFO request method=POST path=/rooms/201306877/messages duration=663.143µs
2026/10/10 14:59:34 INFO request method=POST path=/rooms/201306877/messages duration=430.57µs
2026/10/10 14:59:34 INFO request method=POST path=/rooms/201306877/messages duration=337.402µs
2026/10/10 14:59:34 INFO request method=POST path=/rooms/201306877/messages duration=332.703µs
2026/10/10 14:59:34 INFO request method=POST path=/rooms/201306877/messages duration=319.994µs
2026/10/10 14:59:34 INFO request method=POST path=/rooms/201306877/messages duration=325.398µs
2026/10/10 14:59:34 INFO request method=POST path=/rooms/201306877/messages duration=419.456µs
2026/10/10 14:59:34 INFO request method=POST path=/rooms/201306877/messages duration=328.587µs
2026/10/10 14:59:34 INFO request method=POST path=/rooms/201306877/messages duration=324.125µs
2026/10/10 14:59:34 INFO request method=POST path=/rooms/201306877/messages duration=382.29µs
2026/10/10 14:59:34 INFO request method=POST path=/rooms/201306877/messages duration=331.318µs
2026/10/10 14:59:34 INFO request method=POST path=/rooms/201306877/messages duration=343.467µs
2026/10/10 14:59:34 INFO request method=POST path=/rooms/201306877/messages duration=325.831µs
2026/10/10 14:59:34 INFO request method=POST path=/rooms/201306877/messages duration=363.762µs
2026/10/10 14:59:34 INFO request method=POST path=/rooms/201306877/messages duration=318.087µs
2026/10/10 14:59:34 INFO request method=POST path=/rooms/201306877/messages duration=350.956µs
2026/10/10 14:59:34 INFO request method=POST path=/rooms/201306877/messages duration=350.406µs
2026/10/10 14:59:34 INFO request method=POST path=/rooms/201306877/messages duration=369.024µs
2026/10/10 14:59:34 INFO request method=POST path=/rooms/201306877/messages duration=358.216µs
2026/10/10 14:59:34 INFO request method=POST path=/rooms/201306877/messages duration=347.517µs
2026/10/10 14:59:34 INFO request method=POST path=/rooms/201306877/messages duration=432.027µs
2026/10/10 14:59:34 INFO request method=POST path=/rooms/201306877/messages duration=384.914µs
2026/10/10 14:59:34 INFO request method=POST path=/rooms/201306877/messages duration=345.095µs
2026/10/10 14:59:34 INFO request method=POST path=/rooms/201306877/messages duration=348.668µs
2026/10/10 14:59:34 INFO request method=POST path=/rooms/201306877/messages duration=351.377µs
2026/10/10 14:59:34 INFO request method=POST path=/rooms/201306877/messages duration=364.32µs
2026/10/10 14:59:34 INFO request method=POST path=/rooms/201306877/messages duration=330.909µs
2026/10/10 14:59:34 INFO request method=POST path=/rooms/201306877/messages duration=347.451µs
2026/10/10 14:59:34 INFO request method=POST path=/rooms/201306877/messages duration=343.844µs
2026/10/10 14:59:34 INFO request method=POST path=/rooms/201306877/messages duration=360.626µs
2026/10/10 14:59:34 INFO request method=POST path=/rooms/201306877/messages duration=354.18µs
2026/10/10 14:59:34 INFO request method=POST path=/rooms/201306877/messages duration=364.133µs
2026/10/10 14:59:34 INFO request method=POST path=/rooms/201306877/messages duration=365.708µs
2026/10/10 14:59:34 INFO request method=POST path=/rooms/201306877/messages duration=337.952µs
2026/10/10 14:59:34 INFO request method=POST path=/rooms/201306877/messages duration=353.661µs
2026/10/10 14:59:34 INFO request method=POST path=/rooms/201306877/messages duration=340.519µs
2026/10/10 14:59:34 INFO request method=POST path=/rooms/201306877/messages duration=370.889µs
2026/10/10 14:59:34 INFO request method=POST path=/rooms/201306877/messages duration=364.092µs
2026/10/10 14:59:34 INFO request method=POST path=/rooms/201306877/messages duration=393.404µs
2026/10/10 14:59:34 INFO request method=POST path=/rooms/201306877/messages duration=358.483µs
2026/10/10 14:59:34 INFO request method=POST path=/rooms/201306877/messages duration=424.55µs
2026/10/10 14:59:34 INFO request method=POST path=/rooms/201306877/messages duration=362.722µs
2026/10/10 14:59:34 INFO request method=POST path=/rooms/201306877/messages duration=373.413µs
2026/10/10 14:59:34 INFO request method=POST path=/rooms/201306877/messages duration=400.275µs
2026/10/10 14:59:34 INFO request method=POST path=/rooms/201306877/messages duration=351.004µs
2026/10/10 14:59:34 INFO request method=POST path=/rooms/201306877/messages duration=349.629µs
2026/10/10 14:59:34 INFO request method=POST path=/rooms/201306877/messages duration=383.146µs
2026/10/10 14:59:34 INFO request method=POST path=/rooms/201306877/messages duration=413.235µs
2026/10/10 14:59:34 INFO request method=POST path=/rooms/201306877/messages duration=421.106µs
2026/10/10 14:59:34 INFO request method=POST path=/rooms/201306877/messages duration=397.862µs
2026/10/10 14:59:34 INFO request method=POST path=/rooms/201306877/messages duration=415.681µs
2026/10/10 14:59:34 INFO request method=POST path=/rooms/201306877/messages duration=402.799µs
2026/10/10 14:59:34 INFO request method=POST path=/rooms/201306877/messages duration=425.04µs
2026/10/10 14:59:34 INFO request method=POST path=/rooms/201306877/messages duration=406.022µs
2026/10/10 14:59:34 INFO request method=POST path=/rooms/201306877/messages duration=388.929µs
2026/10/10 14:59:34 INFO request method=POST path=/rooms/201306877/messages duration=370.701µs
2026/10/10 14:59:34 INFO request method=POST path=/rooms/201306877/messages duration=397.345µs
2026/10/10 14:59:34 INFO request method=POST path=/rooms/201306877/messages duration=422.243µs
2026/10/10 14:59:34 INFO request method=POST path=/rooms/201306877/messages duration=443.257µs
2026/10/10 14:59:34 INFO request method=POST path=/rooms/201306877/messages duration=453.396µs
2026/10/10 14:59:34 INFO request method=POST path=/rooms/201306877/messages duration=358.575µs
2026/10/10 14:59:34 INFO request method=POST path=/rooms/201306877/messages duration=375.191µs
2026/10/10 14:59:34 INFO request method=POST path=/rooms/201306877/messages duration=361.878µs
2026/10/10 14:59:34 INFO request method=POST path=/rooms/201306877/messages duration=360.58µs
2026/10/10 14:59:34 INFO request method=POST path=/rooms/201306877/messages duration=381.767µs
2026/10/10 14:59:34 INFO request method=POST path=/rooms/201306877/messages duration=364.821µs
2026/10/10 14:59:34 INFO request method=POST path=/rooms/201306877/messages duration=355.57µs
2026/10/10 14:59:34 INFO request method=POST path=/rooms/201306877/messages duration=358.07µs
2026/10/10 14:59:34 INFO request method=POST path=/rooms/201306877/messages duration=362.681µs
2026/10/10 14:59:34 INFO request method=POST path=/rooms/201306877/messages duration=349.869µs
2026/10/10 14:59:34 INFO request method=POST path=/rooms/201306877/messages duration=355.731µs
2026/10/10 14:59:34 INFO request method=POST path=/rooms/201306877/messages duration=346.389µs
2026/10/10 14:59:34 INFO request method=POST path=/rooms/201306877/messages duration=338.412µs
2026/10/10 14:59:34 INFO request method=POST path=/rooms/201306877/messages duration=434.075µs
2026/10/10 14:59:34 INFO request method=POST path=/rooms/201306877/messages duration=377.823µs
2026/10/10 14:59:34 INFO request method=POST path=/rooms/201306877/messages duration=375.527µs
2026/10/10 14:59:34 INFO request method=POST path=/rooms/201306877/messages duration=371.656µs
2026/10/10 14:59:34 INFO request method=POST path=/rooms/201306877/messages duration=375.461µs
2026/10/10 14:59:34 INFO request method=POST path=/rooms/201306877/messages duration=363.323µs
2026/10/10 14:59:34 INFO request method=POST path=/rooms/201306877/messages duration=378.542µs
2026/10/10 14:59:34 INFO request method=POST path=/rooms/201306877/messages duration=373.47µs
2026/10/10 14:59:34 INFO request method=POST path=/rooms/201306877/messages duration=376.535µs
2026/10/10 14:59:34 INFO request method=POST path=/rooms/201306877/messages duration=389.808µs
2026/10/10 14:59:34 INFO request method=POST path=/rooms/201306877/messages duration=374.412µs
2026/10/10 14:59:34 INFO request method=POST path=/rooms/201306877/messages duration=394.727µs
2026/10/10 14:59:34 INFO request method=POST path=/rooms/201306877/messages duration=413.266µs
2026/10/10 14:59:34 INFO request method=POST path=/rooms/201306877/messages duration=426.43µs
2026/10/10 14:59:34 INFO request method=POST path=/rooms/201306877/messages duration=433.453µs
2026/10/10 14:59:34 INFO request method=POST path=/rooms/201306877/messages duration=481.653µs
2026/10/10 14:59:34 INFO request method=POST path=/rooms/201306877/messages duration=447.106µs
2026/10/10 14:59:34 INFO request method=POST path=/rooms/201306877/messages duration=448.82µs
2026/10/10 14:59:34 INFO request method=POST path=/rooms/201306877/messages duration=440.887µs
2026/10/10 14:59:34 INFO request method=POST path=/rooms/201306877/messages duration=433.82µs
2026/10/10 14:59:34 INFO request method=POST path=/rooms/201306877/messages duration=486.426µs
2026/10/10 14:59:34 INFO request method=POST path=/rooms/201306877/messages duration=438.202µs
2026/10/10 14:59:34 INFO request method=POST path=/rooms/201306877/messages duration=446.76µs
2026/10/10 14:59:34 INFO request method=POST path=/rooms/201306877/messages duration=461.611µs
2026/10/10 14:59:34 INFO request method=POST path=/rooms/201306877/messages duration=440.212µs
2026/10/10 14:59:34 INFO request method=POST path=/rooms/201306877/messages duration=416.365µs
2026/10/10 14:59:34 INFO request method=POST path=/rooms/201306877/messages duration=424.022µs
2026/10/10 14:59:34 INFO request method=POST path=/rooms/201306877/messages duration=436.118µs
2026/10/10 14:59:34 INFO request method=POST path=/rooms/201306877/messages duration=418.449µs
2026/10/10 14:59:34 INFO request method=POST path=/rooms/201306877/messages duration=454.57µs
2026/10/10 14:59:34 INFO request method=POST path=/rooms/201306877/messages duration=486.499µs
2026/10/10 14:59:34 INFO request method=POST path=/rooms/201306877/messages duration=437.826µs
2026/10/10 14:59:34 INFO request method=POST path=/rooms/201306877/messages duration=443.169µs
2026/10/10 14:59:34 INFO request method=POST path=/rooms/201306877/messages duration=429.863µs
2026/10/10 14:59:34 INFO request method=POST path=/rooms/201306877/messages duration=507.377µs
2026/10/10 14:59:34 INFO request method=POST path=/rooms/201306877/messages duration=416.221µs
2026/10/10 14:59:34 INFO request method=POST path=/rooms/201306877/messages duration=430.259µs
2026/10/10 14:59:34 INFO request method=POST path=/rooms/201306877/messages duration=516.472µs
2026/10/10 14:59:34 INFO request method=POST path=/rooms/201306877/messages duration=449.452µs
2026/10/10 14:59:34 INFO request method=POST path=/rooms/201306877/messages duration=421.593µs
2026/10/10 14:59:34 INFO request method=POST path=/rooms/201306877/messages duration=426.85µs
2026/10/10 14:59:34 INFO request method=POST path=/rooms/201306877/messages duration=435.849µs
2026/10/10 14:59:34 INFO request method=POST path=/rooms/201306877/messages duration=412.705µs
2026/10/10 14:59:34 INFO request method=POST path=/rooms/201306877/messages duration=421.423µs
2026/10/10 14:59:34 INFO request method=POST path=/rooms/201306877/messages duration=444.073µs
2026/10/10 14:59:34 INFO request method=POST path=/rooms/201306877/messages duration=389.038µs
2026/10/10 14:59:34 INFO request method=POST path=/rooms/201306877/messages duration=413.523µs
2026/10/10 14:59:34 INFO request method=POST path=/rooms/201306877/messages duration=668.58µs
gc 17 @3.879s 0%: 0.073+0.84+0.012 ms clock, 0.29+0.066/0.76/1.1+0.051 ms cpu, 36->36->19 MB, 37 MB goal, 0 MB stacks, 0 MB globals, 4 P
2026/10/10 14:59:34 INFO request method=POST path=/rooms/201306877/messages duration=610.763µs
2026/10/10 14:59:34 INFO request method=POST path=/rooms/201306877/messages duration=799.02µs
2026/10/10 14:59:34 INFO request method=POST path=/rooms/201306877/messages duration=816.574µs
2026/10/10 14:59:34 INFO request method=POST path=/rooms/201306877/messages duration=615.744µs
2026/10/10 14:59:34 INFO request method=POST path=/rooms/201306877/messages duration=425.734µs
2026/10/10 14:59:34 INFO request method=POST path=/rooms/201306877/messages duration=388.258µs
2026/10/10 14:59:34 INFO request method=POST path=/rooms/201306877/messages duration=409.501µs
2026/10/10 14:59:34 INFO request method=POST path=/rooms/201306877/messages duration=387.767µs
2026/10/10 14:59:34 INFO request method=POST path=/rooms/201306877/messages duration=389.826µs
2026/10/10 14:59:34 INFO request method=POST path=/rooms/201306877/messages duration=374.901µs
2026/10/10 14:59:34 INFO request method=POST path=/rooms/201306877/messages duration=385.33µs
2026/10/10 14:59:34 INFO request method=POST path=/rooms/201306877/messages duration=361.745µs
2026/10/10 14:59:34 INFO request method=POST path=/rooms/201306877/messages duration=367.842µs
2026/10/10 14:59:34 INFO request method=POST path=/rooms/201306877/messages duration=327.313µs
2026/10/10 14:59:34 INFO request method=POST path=/rooms/201306877/messages duration=340.92µs
2026/10/10 14:59:34 INFO request method=POST path=/rooms/201306877/messages duration=313.821µs
2026/10/10 14:59:34 INFO request method=POST path=/rooms/201306877/messages duration=416.763µs
2026/10/10 14:59:34 INFO request method=POST path=/rooms/201306877/messages duration=355.504µs
2026/10/10 14:59:34 INFO request method=POST path=/rooms/201306877/messages duration=334.143µs
2026/10/10 14:59:34 INFO request method=POST path=/rooms/201306877/messages duration=335.464µs
2026/10/10 14:59:34 INFO request method=POST path=/rooms/201306877/messages duration=374.278µs
2026/10/10 14:59:34 INFO request method=POST path=/rooms/201306877/messages duration=334.513µs
2026/10/10 14:59:34 INFO request method=POST path=/rooms/201306877/messages duration=322.943µs
2026/10/10 14:59:34 INFO request method=POST path=/rooms/201306877/messages duration=315.293µs
2026/10/10 14:59:34 INFO request method=POST path=/rooms/201306877/messages duration=349.189µs
2026/10/10 14:59:34 INFO request method=POST path=/rooms/201306877/messages duration=363.975µs
2026/10/10 14:59:34 INFO request method=POST path=/rooms/201306877/messages duration=356.631µs
2026/10/10 14:59:34 INFO request method=POST path=/rooms/201306877/messages duration=354.784µs
2026/10/10 14:59:34 INFO request method=POST path=/rooms/201306877/messages duration=369.745µs
2026/10/10 14:59:34 INFO request method=POST path=/rooms/201306877/messages duration=362.213µs
2026/10/10 14:59:34 INFO request method=POST path=/rooms/201306877/messages duration=361.843µs
2026/10/10 14:59:34 INFO request method=POST path=/rooms/201306877/messages duration=424.359µs
2026/10/10 14:59:34 INFO request method=POST path=/rooms/201306877/messages duration=359.796µs
2026/10/10 14:59:34 INFO request method=POST path=/rooms/201306877/messages duration=377.958µs
2026/10/10 14:59:34 INFO request method=POST path=/rooms/201306877/messages duration=391.42µs
2026/10/10 14:59:34 INFO request method=POST path=/rooms/201306877/messages duration=375.638µs
2026/10/10 14:59:34 INFO request method=POST path=/rooms/201306877/messages duration=389.472µs
2026/10/10 14:59:34 INFO request method=POST path=/rooms/201306877/messages duration=382.661µs
2026/10/10 14:59:34 INFO request method=POST path=/rooms/201306877/messages duration=363.653µs
2026/10/10 14:59:34 INFO request method=POST path=/rooms/201306877/messages duration=399.891µs
2026/10/10 14:59:34 INFO request method=POST path=/rooms/201306877/messages duration=413.013µs
2026/10/10 14:59:34 INFO request method=POST path=/rooms/201306877/messages duration=365.281µs
2026/10/10 14:59:34 INFO request method=POST path=/rooms/201306877/messages duration=473.686µs
2026/10/10 14:59:34 INFO request method=POST path=/rooms/201306877/messages duration=399.46µs
2026/10/10 14:59:34 INFO request method=POST path=/rooms/201306877/messages duration=405.946µs
2026/10/10 14:59:34 INFO request method=POST path=/rooms/201306877/messages duration=377.766µs
2026/10/10 14:59:34 INFO request method=POST path=/rooms/201306877/messages duration=443.036µs
2026/10/10 14:59:34 INFO request method=POST path=/rooms/201306877/messages duration=390.215µs
2026/10/10 14:59:34 INFO request method=POST path=/rooms/201306877/messages duration=421.68µs
2026/10/10 14:59:34 INFO request method=POST path=/rooms/201306877/messages duration=437.175µs
2026/10/10 14:59:34 INFO request method=POST path=/rooms/201306877/messages duration=490.903µs
2026/10/10 14:59:34 INFO request method=POST path=/rooms/201306877/messages duration=407.599µs
2026/10/10 14:59:34 INFO request method=POST path=/rooms/201306877/messages duration=393.102µs
2026/10/10 14:59:34 INFO request method=POST path=/rooms/201306877/messages duration=389.784µs
2026/10/10 14:59:34 INFO request method=POST path=/rooms/201306877/messages duration=380.541µs
2026/10/10 14:59:34 INFO request method=POST path=/rooms/201306877/messages duration=386.751µs
2026/10/10 14:59:34 INFO request method=POST path=/rooms/201306877/messages duration=395.735µs
2026/10/10 14:59:34 INFO request method=POST path=/rooms/201306877/messages duration=420.62µs
2026/10/10 14:59:34 INFO request method=POST path=/rooms/201306877/messages duration=412.447µs
2026/10/10 14:59:34 INFO request method=POST path=/rooms/201306877/messages duration=415.777µs
2026/10/10 14:59:34 INFO request method=POST path=/rooms/201306877/messages duration=391.123µs
2026/10/10 14:59:34 INFO request method=POST path=/rooms/201306877/messages duration=383.084µs
2026/10/10 14:59:34 INFO request method=POST path=/rooms/201306877/messages duration=398.263µs
2026/10/10 14:59:34 INFO request method=POST path=/rooms/201306877/messages duration=402.27µs
2026/10/10 14:59:34 INFO request method=POST path=/rooms/201306877/messages duration=412.461µs
2026/10/10 14:59:34 INFO request method=POST path=/rooms/201306877/messages duration=467.454µs
2026/10/10 14:59:34 INFO request method=POST path=/rooms/201306877/messages duration=404.582µs
2026/10/10 14:59:34 INFO request method=POST path=/rooms/201306877/messages duration=390.849µs
2026/10/10 14:59:34 INFO request method=POST path=/rooms/201306877/messages duration=410.891µs
2026/10/10 14:59:34 INFO request method=POST path=/rooms/201306877/messages duration=388.818µs
2026/10/10 14:59:34 INFO request method=POST path=/rooms/201306877/messages duration=424.759µs
2026/10/10 14:59:34 INFO request method=POST path=/rooms/201306877/messages duration=436.472µs
2026/10/10 14:59:34 INFO request method=POST path=/rooms/201306877/messages duration=401.503µs
2026/10/10 14:59:34 INFO request method=POST path=/rooms/201306877/messages duration=414.697µs
2026/10/10 14:59:34 INFO request method=POST path=/rooms/201306877/messages duration=417.411µs
2026/10/10 14:59:34 INFO request method=POST path=/rooms/201306877/messages duration=402.105µs
2026/10/10 14:59:34 INFO request method=POST path=/rooms/201306877/messages duration=406.712µs
2026/10/10 14:59:34 INFO request method=POST path=/rooms/201306877/messages duration=439.063µs
2026/10/10 14:59:34 INFO request method=POST path=/rooms/201306877/messages duration=454.018µs
2026/10/10 14:59:34 INFO request method=POST path=/rooms/201306877/messages duration=412.634µs
2026/10/10 14:59:34 INFO request method=POST path=/rooms/201306877/messages duration=485.916µs
2026/10/10 14:59:34 INFO request method=POST path=/rooms/201306877/messages duration=378.98µs
2026/10/10 14:59:34 INFO request method=POST path=/rooms/201306877/messages duration=393.546µs
2026/10/10 14:59:34 INFO request method=POST path=/rooms/201306877/messages duration=403.781µs
2026/10/10 14:59:34 INFO request method=POST path=/rooms/201306877/messages duration=412.562µs
2026/10/10 14:59:34 INFO request method=POST path=/rooms/201306877/messages duration=396.241µs
2026/10/10 14:59:34 INFO request method=POST path=/rooms/201306877/messages duration=397.361µs
2026/10/10 14:59:34 INFO request method=POST path=/rooms/201306877/messages duration=405.284µs
2026/10/10 14:59:34 INFO request method=POST path=/rooms/201306877/messages duration=416.355µs
2026/10/10 14:59:34 INFO request method=POST path=/rooms/201306877/messages duration=438.576µs
2026/10/10 14:59:34 INFO request method=POST path=/rooms/201306877/messages duration=426.852µs
2026/10/10 14:59:34 INFO request method=POST path=/rooms/201306877/messages duration=398.908µs
2026/10/10 14:59:34 INFO request method=POST path=/rooms/201306877/messages duration=470.304µs
2026/10/10 14:59:34 INFO request method=POST path=/rooms/201306877/messages duration=569.914µs
2026/10/10 14:59:34 INFO request method=POST path=/rooms/201306877/messages duration=473.76µs
2026/10/10 14:59:34 INFO request method=POST path=/rooms/201306877/messages duration=547.125µs
2026/10/10 14:59:34 INFO request method=POST path=/rooms/201306877/messages duration=456.119µs
2026/10/10 14:59:34 INFO request method=POST path=/rooms/201306877/messages duration=428.805µs
2026/10/10 14:59:34 INFO request method=POST path=/rooms/201306877/messages duration=454.81µs
2026/10/10 14:59:34 INFO request method=POST path=/rooms/201306877/messages duration=436.907µs
2026/10/10 14:59:34 INFO request method=POST path=/rooms/201306877/messages duration=441.696µs
2026/10/10 14:59:34 INFO request method=POST path=/rooms/201306877/messages duration=431.084µs
2026/10/10 14:59:34 INFO request method=POST path=/rooms/201306877/messages duration=428.361µs
2026/10/10 14:59:34 INFO request method=POST path=/rooms/201306877/messages duration=426.53µs
2026/10/10 14:59:34 INFO request method=POST path=/rooms/201306877/messages duration=429.907µs
2026/10/10 14:59:34 INFO request method=POST path=/rooms/201306877/messages duration=447.639µs
2026/10/10 14:59:34 INFO request method=POST path=/rooms/201306877/messages duration=444.081µs
2026/10/10 14:59:34 INFO request method=POST path=/rooms/201306877/messages duration=438.125µs
2026/10/10 14:59:34 INFO request method=POST path=/rooms/201306877/messages duration=463.78µs
2026/10/10 14:59:34 INFO request method=POST path=/rooms/201306877/messages duration=466.109µs
2026/10/10 14:59:34 INFO request method=POST path=/rooms/201306877/messages duration=558.108µs
2026/10/10 14:59:34 INFO request method=POST path=/rooms/201306877/messages duration=475.724µs
2026/10/10 14:59:34 INFO request method=POST path=/rooms/201306877/messages duration=473.368µs
2026/10/10 14:59:34 INFO request method=POST path=/rooms/201306877/messages duration=446.82µs
2026/10/10 14:59:34 INFO request method=POST path=/rooms/201306877/messages duration=559.968µs
2026/10/10 14:59:34 INFO request method=POST path=/rooms/201306877/messages duration=473.904µs
2026/10/10 14:59:34 INFO request method=POST path=/rooms/201306877/messages duration=486.859µs
2026/10/10 14:59:34 INFO request method=POST path=/rooms/201306877/messages duration=453.556µs
2026/10/10 14:59:34 INFO request method=POST path=/rooms/201306877/messages duration=441.308µs
2026/10/10 14:59:34 INFO request method=POST path=/rooms/201306877/messages duration=484.432µs
2026/10/10 14:59:34 INFO request method=POST path=/rooms/201306877/messages duration=485.143µs
2026/10/10 14:59:34 INFO request method=POST path=/rooms/201306877/messages duration=469.444µs
2026/10/10 14:59:34 INFO request method=POST path=/rooms/201306877/messages duration=448.925µs
2026/10/10 14:59:34 INFO request method=POST path=/rooms/201306877/messages duration=464.211µs
2026/10/10 14:59:34 INFO request method=POST path=/rooms/201306877/messages duration=460.813µs
2026/10/10 14:59:34 INFO request method=POST path=/rooms/201306877/messages duration=427.251µs
2026/10/10 14:59:34 INFO request method=POST path=/rooms/201306877/messages duration=471.945µs
2026/10/10 14:59:34 INFO request method=POST path=/rooms/201306877/messages duration=493.647µs
2026/10/10 14:59:34 INFO request method=POST path=/rooms/201306877/messages duration=464.539µs
2026/10/10 14:59:34 INFO request method=POST path=/rooms/201306877/messages duration=859.528µs
2026/10/10 14:59:34 INFO request method=POST path=/rooms/201306877/messages duration=832.815µs
2026/10/10 14:59:34 INFO request method=POST path=/rooms/201306877/messages duration=613.354µs
2026/10/10 14:59:34 INFO request method=POST path=/rooms/201306877/messages duration=588.463µs
2026/10/10 14:59:34 INFO request method=POST path=/rooms/201306877/messages duration=595.746µs
gc 18 @3.923s 0%: 0.069+1.5+0.014 ms clock, 0.27+0.17/1.5/0.51+0.058 ms cpu, 38->39->21 MB, 39 MB goal, 0 MB stacks, 0 MB globals, 4 P
2026/10/10 14:59:34 INFO request method=POST path=/rooms/201306877/messages duration=601.986µs
2026/10/10 14:59:34 INFO request method=POST path=/rooms/201306877/messages duration=458.726µs
2026/10/10 14:59:34 INFO request method=POST path=/rooms/201306877/messages duration=453.192µs
2026/10/10 14:59:34 INFO request method=POST path=/rooms/201306877/messages duration=449.618µs
2026/10/10 14:59:34 INFO request method=POST path=/rooms/201306877/messages duration=403.309µs
2026/10/10 14:59:34 INFO request method=POST path=/rooms/201306877/messages duration=413.415µs
2026/10/10 14:59:34 INFO request method=POST path=/rooms/201306877/messages duration=415.176µs
2026/10/10 14:59:34 INFO request method=POST path=/rooms/201306877/messages duration=368.061µs
2026/10/10 14:59:34 INFO request method=POST path=/rooms/201306877/messages duration=370.423µs
2026/10/10 14:59:34 INFO request method=POST path=/rooms/201306877/messages duration=400.536µs
2026/10/10 14:59:34 INFO request method=POST path=/rooms/201306877/messages duration=376.97µs
2026/10/10 14:59:34 INFO request method=POST path=/rooms/201306877/messages duration=533.183µs
2026/10/10 14:59:34 INFO request method=POST path=/rooms/201306877/messages duration=421.248µs
2026/10/10 14:59:34 INFO request method=POST path=/rooms/201306877/messages duration=377.302µs
2026/10/10 14:59:34 INFO request method=POST path=/rooms/201306877/messages duration=390.294µs
2026/10/10 14:59:34 INFO request method=POST path=/rooms/201306877/messages duration=388.975µs
2026/10/10 14:59:34 INFO request method=POST path=/rooms/201306877/messages duration=367.374µs
2026/10/10 14:59:34 INFO request method=POST path=/rooms/201306877/messages duration=373.408µs
2026/10/10 14:59:34 INFO request method=POST path=/rooms/201306877/messages duration=392.494µs
2026/10/10 14:59:34 INFO request method=POST path=/rooms/201306877/messages duration=369.674µs
2026/10/10 14:59:34 INFO request method=POST path=/rooms/201306877/messages duration=367.292µs
2026/10/10 14:59:34 INFO request method=POST path=/rooms/201306877/messages duration=381.54µs
2026/10/10 14:59:34 INFO request method=POST path=/rooms/201306877/messages duration=369.968µs
2026/10/10 14:59:34 INFO request method=POST path=/rooms/201306877/messages duration=345.035µs
2026/10/10 14:59:34 INFO request method=POST path=/rooms/201306877/messages duration=364.062µs
2026/10/10 14:59:34 INFO request method=POST path=/rooms/201306877/messages duration=360.58µs
2026/10/10 14:59:34 INFO request method=POST path=/rooms/201306877/messages duration=414.288µs
2026/10/10 14:59:34 INFO request method=POST path=/rooms/201306877/messages duration=372.506µs
2026/10/10 14:59:34 INFO request method=POST path=/rooms/201306877/messages duration=365.35µs
2026/10/10 14:59:34 INFO request method=POST path=/rooms/201306877/messages duration=380.526µs
2026/10/10 14:59:34 INFO request method=POST path=/rooms/201306877/messages duration=364.542µs
2026/10/10 14:59:34 INFO request method=POST path=/rooms/201306877/messages duration=343.076µs
2026/10/10 14:59:34 INFO request method=POST path=/rooms/201306877/messages duration=346.28µs
2026/10/10 14:59:34 INFO request method=POST path=/rooms/201306877/messages duration=387.471µs
2026/10/10 14:59:34 INFO request method=POST path=/rooms/201306877/messages duration=375.061µs
2026/10/10 14:59:34 INFO request method=POST path=/rooms/201306877/messages duration=397.779µs
2026/10/10 14:59:34 INFO request method=POST path=/rooms/201306877/messages duration=373.686µs
2026/10/10 14:59:34 INFO request method=POST path=/rooms/201306877/messages duration=373.774µs
2026/10/10 14:59:34 INFO request method=POST path=/rooms/201306877/messages duration=404.36µs
2026/10/10 14:59:34 INFO request method=POST path=/rooms/201306877/messages duration=379.263µs
2026/10/10 14:59:34 INFO request method=POST path=/rooms/201306877/messages duration=429.435µs
2026/10/10 14:59:34 INFO request method=POST path=/rooms/201306877/messages duration=452.408µs
2026/10/10 14:59:34 INFO request method=POST path=/rooms/201306877/messages duration=407.83µs
2026/10/10 14:59:34 INFO request method=POST path=/rooms/201306877/messages duration=407.046µs
2026/10/10 14:59:34 INFO request method=POST path=/rooms/201306877/messages duration=642.243µs
2026/10/10 14:59:34 INFO request method=POST path=/rooms/201306877/messages duration=430.436µs
2026/10/10 14:59:34 INFO request method=POST path=/rooms/201306877/messages duration=421.346µs
2026/10/10 14:59:34 INFO request method=POST path=/rooms/201306877/messages duration=414.234µs
2026/10/10 14:59:34 INFO request method=POST path=/rooms/201306877/messages duration=421.366µs
2026/10/10 14:59:34 INFO request method=POST path=/rooms/201306877/messages duration=410.535µs
2026/10/10 14:59:34 INFO request method=POST path=/rooms/201306877/messages duration=413.857µs
2026/10/10 14:59:34 INFO request method=POST path=/rooms/201306877/messages duration=441.637µs
2026/10/10 14:59:34 INFO request method=POST path=/rooms/201306877/messages duration=380.025µs
2026/10/10 14:59:34 INFO request method=POST path=/rooms/201306877/messages duration=390.37µs
2026/10/10 14:59:34 INFO request method=POST path=/rooms/201306877/messages duration=412.047µs
2026/10/10 14:59:34 INFO request method=POST path=/rooms/201306877/messages duration=394.61µs
2026/10/10 14:59:34 INFO request method=POST path=/rooms/201306877/messages duration=388.315µs
2026/10/10 14:59:34 INFO request method=POST path=/rooms/201306877/messages duration=385.72µs
2026/10/10 14:59:34 INFO request method=POST path=/rooms/201306877/messages duration=379.258µs
2026/10/10 14:59:34 INFO request method=POST path=/rooms/201306877/messages duration=413.685µs
2026/10/10 14:59:34 INFO request method=POST path=/rooms/201306877/messages duration=415.049µs
2026/10/10 14:59:34 INFO request method=POST path=/rooms/201306877/messages duration=392.269µs
2026/10/10 14:59:34 INFO request method=POST path=/rooms/201306877/messages duration=400.654µs
2026/10/10 14:59:34 INFO request method=POST path=/rooms/201306877/messages duration=386.701µs
2026/10/10 14:59:34 INFO request method=POST path=/rooms/201306877/messages duration=420.192µs
2026/10/10 14:59:34 INFO request method=POST path=/rooms/201306877/messages duration=500.024µs
2026/10/10 14:59:34 INFO request method=POST path=/rooms/201306877/messages duration=406.182µs
2026/10/10 14:59:34 INFO request method=POST path=/rooms/201306877/messages duration=383.947µs
2026/10/10 14:59:34 INFO request method=POST path=/rooms/201306877/messages duration=404.514µs
2026/10/10 14:59:34 INFO request method=POST path=/rooms/201306877/messages duration=399.827µs
2026/10/10 14:59:34 INFO request method=POST path=/rooms/201306877/messages duration=376.287µs
2026/10/10 14:59:34 INFO request method=POST path=/rooms/201306877/messages duration=400.078µs
2026/10/10 14:59:34 INFO request method=POST path=/rooms/201306877/messages duration=395.102µs
2026/10/10 14:59:34 INFO request method=POST path=/rooms/201306877/messages duration=404.805µs
2026/10/10 14:59:34 INFO request method=POST path=/rooms/201306877/messages duration=401.404µs
2026/10/10 14:59:34 INFO request method=POST path=/rooms/201306877/messages duration=433.665µs
2026/10/10 14:59:34 INFO request method=POST path=/rooms/201306877/messages duration=366.108µs
2026/10/10 14:59:34 INFO request method=POST path=/rooms/201306877/messages duration=379.598µs
2026/10/10 14:59:34 INFO request method=POST path=/rooms/201306877/messages duration=412.704µs
2026/10/10 14:59:34 INFO request method=POST path=/rooms/201306877/messages duration=417.459µs
2026/10/10 14:59:34 INFO request method=POST path=/rooms/201306877/messages duration=416.687µs
2026/10/10 14:59:34 INFO request method=POST path=/rooms/201306877/messages duration=401.077µs
2026/10/10 14:59:34 INFO request method=POST path=/rooms/201306877/messages duration=464.759µs
2026/10/10 14:59:34 INFO request method=POST path=/rooms/201306877/messages duration=449.983µs
2026/10/10 14:59:34 INFO request method=POST path=/rooms/201306877/messages duration=447.289µs
2026/10/10 14:59:34 INFO request method=POST path=/rooms/201306877/messages duration=422.787µs
2026/10/10 14:59:34 INFO request method=POST path=/rooms/201306877/messages duration=427.457µs
2026/10/10 14:59:34 INFO request method=POST path=/rooms/201306877/messages duration=419.87µs
2026/10/10 14:59:34 INFO request method=POST path=/rooms/201306877/messages duration=422.242µs
2026/10/10 14:59:34 INFO request method=POST path=/rooms/201306877/messages duration=432.87µs
2026/10/10 14:59:34 INFO request method=POST path=/rooms/201306877/messages duration=453.211µs
2026/10/10 14:59:34 INFO request method=POST path=/rooms/201306877/messages duration=403.911µs
2026/10/10 14:59:34 INFO request method=POST path=/rooms/201306877/messages duration=399.09µs
2026/10/10 14:59:34 INFO request method=POST path=/rooms/201306877/messages duration=405.903µs
2026/10/10 14:59:34 INFO request method=POST path=/rooms/201306877/messages duration=392.504µs
2026/10/10 14:59:34 INFO request method=POST path=/rooms/201306877/messages duration=414.145µs
2026/10/10 14:59:34 INFO request method=POST path=/rooms/201306877/messages duration=430.317µs
2026/10/10 14:59:34 INFO request method=POST path=/rooms/201306877/messages duration=434.757µs
2026/10/10 14:59:34 INFO request method=POST path=/rooms/201306877/messages duration=419.481µs
2026/10/10 14:59:34 INFO request method=POST path=/rooms/201306877/messages duration=442.047µs
2026/10/10 14:59:34 INFO request method=POST path=/rooms/201306877/messages duration=458.115µs
2026/10/10 14:59:34 INFO request method=POST path=/rooms/201306877/messages duration=455.198µs
2026/10/10 14:59:34 INFO request method=POST path=/rooms/201306877/messages duration=441.264µs
2026/10/10 14:59:34 INFO request method=POST path=/rooms/201306877/messages duration=457.744µs
2026/10/10 14:59:34 INFO request method=POST path=/rooms/201306877/messages duration=425.904µs
2026/10/10 14:59:34 INFO request method=POST path=/rooms/201306877/messages duration=492.008µs
2026/10/10 14:59:34 INFO request method=POST path=/rooms/201306877/messages duration=450.355µs
2026/10/10 14:59:34 INFO request method=POST path=/rooms/201306877/messages duration=446.225µs
2026/10/10 14:59:34 INFO request method=POST path=/rooms/201306877/messages duration=472.563µs
2026/10/10 14:59:34 INFO request method=POST path=/rooms/201306877/messages duration=414.453µs
2026/10/10 14:59:34 INFO request method=POST path=/rooms/201306877/messages duration=437.537µs
2026/10/10 14:59:34 INFO request method=POST path=/rooms/201306877/messages duration=416.321µs
2026/10/10 14:59:34 INFO request method=POST path=/rooms/201306877/messages duration=418.891µs
2026/10/10 14:59:34 INFO request method=POST path=/rooms/201306877/messages duration=451.34µs
2026/10/10 14:59:34 INFO request method=POST path=/rooms/201306877/messages duration=420.474µs
2026/10/10 14:59:34 INFO request method=POST path=/rooms/201306877/messages duration=423.303µs
2026/10/10 14:59:34 INFO request method=POST path=/rooms/201306877/messages duration=424.74µs
2026/10/10 14:59:34 INFO request method=POST path=/rooms/201306877/messages duration=436.513µs
2026/10/10 14:59:34 INFO request method=POST path=/rooms/201306877/messages duration=410.796µs
2026/10/10 14:59:34 INFO request method=POST path=/rooms/201306877/messages duration=447.441µs
2026/10/10 14:59:34 INFO request method=POST path=/rooms/201306877/messages duration=441.809µs
2026/10/10 14:59:34 INFO request method=POST path=/rooms/201306877/messages duration=430.555µs
2026/10/10 14:59:34 INFO request method=POST path=/rooms/201306877/messages duration=405.019µs
2026/10/10 14:59:34 INFO request method=POST path=/rooms/201306877/messages duration=453.152µs
2026/10/10 14:59:34 INFO request method=POST path=/rooms/201306877/messages duration=374.546µs
2026/10/10 14:59:34 INFO request method=POST path=/rooms/201306877/messages duration=401.006µs
2026/10/10 14:59:34 INFO request method=POST path=/rooms/201306877/messages duration=387.449µs
2026/10/10 14:59:34 INFO request method=POST path=/rooms/201306877/messages duration=441.631µs
2026/10/10 14:59:34 INFO request method=POST path=/rooms/201306877/messages duration=383.346µs
2026/10/10 14:59:34 INFO request method=POST path=/rooms/201306877/messages duration=405.801µs
2026/10/10 14:59:34 INFO request method=POST path=/rooms/201306877/messages duration=413.038µs
2026/10/10 14:59:34 INFO request method=POST path=/rooms/201306877/messages duration=384.244µs
2026/10/10 14:59:34 INFO request method=POST path=/rooms/201306877/messages duration=385.434µs
2026/10/10 14:59:34 INFO request method=POST path=/rooms/201306877/messages duration=402.233µs
2026/10/10 14:59:34 INFO request method=POST path=/rooms/201306877/messages duration=402.776µs
2026/10/10 14:59:34 INFO request method=POST path=/rooms/201306877/messages duration=385.47µs
2026/10/10 14:59:34 INFO request method=POST path=/rooms/201306877/messages duration=415.759µs
2026/10/10 14:59:34 INFO request method=POST path=/rooms/201306877/messages duration=406.418µs
2026/10/10 14:59:34 INFO request method=POST path=/rooms/201306877/messages duration=445.881µs
2026/10/10 14:59:34 INFO request method=POST path=/rooms/201306877/messages duration=372.159µs
2026/10/10 14:59:34 INFO request method=POST path=/rooms/201306877/messages duration=412.64µs
2026/10/10 14:59:34 INFO request method=POST path=/rooms/201306877/messages duration=660.454µs
2026/10/10 14:59:34 INFO request method=POST path=/rooms/201306877/messages duration=588.781µs
gc 19 @3.971s 0%: 0.060+1.2+0.002 ms clock, 0.24+0.38/1.0/0.51+0.011 ms cpu, 42->43->23 MB, 43 MB goal, 0 MB stacks, 0 MB globals, 4 P
2026/10/10 14:59:34 INFO request method=POST path=/rooms/201306877/messages duration=840.808µs
2026/10/10 14:59:34 INFO request method=POST path=/rooms/201306877/messages duration=1.215089ms
2026/10/10 14:59:34 INFO request method=POST path=/rooms/201306877/messages duration=667.766µs
2026/10/10 14:59:34 INFO request method=POST path=/rooms/201306877/messages duration=687.316µs
2026/10/10 14:59:34 INFO request method=POST path=/rooms/201306877/messages duration=473.159µs
2026/10/10 14:59:34 INFO request method=POST path=/rooms/201306877/messages duration=405.782µs
2026/10/10 14:59:34 INFO request method=POST path=/rooms/201306877/messages duration=422.952µs
2026/10/10 14:59:34 INFO request method=POST path=/rooms/201306877/messages duration=412.74µs
2026/10/10 14:59:34 INFO request method=POST path=/rooms/201306877/messages duration=364.226µs
2026/10/10 14:59:34 INFO request method=POST path=/rooms/201306877/messages duration=382.298µs
2026/10/10 14:59:34 INFO request method=POST path=/rooms/201306877/messages duration=432.739µs
2026/10/10 14:59:34 INFO request method=POST path=/rooms/201306877/messages duration=342.609µs
2026/10/10 14:59:34 INFO request method=POST path=/rooms/201306877/messages duration=321.371µs
2026/10/10 14:59:34 INFO request method=POST path=/rooms/201306877/messages duration=352.745µs
2026/10/10 14:59:34 INFO request method=POST path=/rooms/201306877/messages duration=350.748µs
2026/10/10 14:59:34 INFO request method=POST path=/rooms/201306877/messages duration=339.336µs
2026/10/10 14:59:34 INFO request method=POST path=/rooms/201306877/messages duration=336.555µs
2026/10/10 14:59:34 INFO request method=POST path=/rooms/201306877/messages duration=338.258µs
2026/10/10 14:59:34 INFO request method=POST path=/rooms/201306877/messages duration=357.033µs
2026/10/10 14:59:34 INFO request method=POST path=/rooms/201306877/messages duration=355.685µs
2026/10/10 14:59:34 INFO request method=POST path=/rooms/201306877/messages duration=373.534µs
2026/10/10 14:59:34 INFO request method=POST path=/rooms/201306877/messages duration=372.685µs
2026/10/10 14:59:34 INFO request method=POST path=/rooms/201306877/messages duration=351.632µs
2026/10/10 14:59:34 INFO request method=POST path=/rooms/201306877/messages duration=356.506µs
2026/10/10 14:59:34 INFO request method=POST path=/rooms/201306877/messages duration=362.855µs
2026/10/10 14:59:34 INFO request method=POST path=/rooms/201306877/messages duration=418.192µs
2026/10/10 14:59:34 INFO request method=POST path=/rooms/201306877/messages duration=377.892µs
2026/10/10 14:59:34 INFO request method=POST path=/rooms/201306877/messages duration=361.35µs
2026/10/10 14:59:34 INFO request method=POST path=/rooms/201306877/messages duration=376.064µs
2026/10/10 14:59:34 INFO request method=POST path=/rooms/201306877/messages duration=407.167µs
2026/10/10 14:59:34 INFO request method=POST path=/rooms/201306877/messages duration=370.402µs
2026/10/10 14:59:34 INFO request method=POST path=/rooms/201306877/messages duration=384.315µs
2026/10/10 14:59:34 INFO request method=POST path=/rooms/201306877/messages duration=376.504µs
2026/10/10 14:59:34 INFO request method=POST path=/rooms/201306877/messages duration=382.856µs
2026/10/10 14:59:34 INFO request method=POST path=/rooms/201306877/messages duration=361.741µs
2026/10/10 14:59:34 INFO request method=POST path=/rooms/201306877/messages duration=378.807µs
2026/10/10 14:59:34 INFO request method=POST path=/rooms/201306877/messages duration=382.054µs
2026/10/10 14:59:34 INFO request method=POST path=/rooms/201306877/messages duration=382.762µs
2026/10/10 14:59:34 INFO request method=POST path=/rooms/201306877/messages duration=405.243µs
2026/10/10 14:59:34 INFO request method=POST path=/rooms/201306877/messages duration=391.056µs
2026/10/10 14:59:34 INFO request method=POST path=/rooms/201306877/messages duration=396.766µs
2026/10/10 14:59:34 INFO request method=POST path=/rooms/201306877/messages duration=369.396µs
2026/10/10 14:59:34 INFO request method=POST path=/rooms/201306877/messages duration=406.069µs
2026/10/10 14:59:34 INFO request method=POST path=/rooms/201306877/messages duration=393.119µs
2026/10/10 14:59:34 INFO request method=POST path=/rooms/201306877/messages duration=472.276µs
2026/10/10 14:59:34 INFO request method=POST path=/rooms/201306877/messages duration=511.09µs
2026/10/10 14:59:34 INFO request method=POST path=/rooms/201306877/messages duration=395.784µs
2026/10/10 14:59:34 INFO request method=POST path=/rooms/201306877/messages duration=383.277µs
2026/10/10 14:59:34 INFO request method=POST path=/rooms/201306877/messages duration=384.734µs
2026/10/10 14:59:34 INFO request method=POST path=/rooms/201306877/messages duration=387.217µs
2026/10/10 14:59:34 INFO request method=POST path=/rooms/201306877/messages duration=386.665µs
2026/10/10 14:59:34 INFO request method=POST path=/rooms/201306877/messages duration=419.116µs
2026/10/10 14:59:34 INFO request method=POST path=/rooms/201306877/messages duration=386.328µs
2026/10/10 14:59:34 INFO request method=POST path=/rooms/201306877/messages duration=380.15µs
2026/10/10 14:59:34 INFO request method=POST path=/rooms/201306877/messages duration=417.177µs
2026/10/10 14:59:34 INFO request method=POST path=/rooms/201306877/messages duration=398.382µs
2026/10/10 14:59:34 INFO request method=POST path=/rooms/201306877/messages duration=403.743µs
2026/10/10 14:59:34 INFO request method=POST path=/rooms/201306877/messages duration=423.278µs
2026/10/10 14:59:34 INFO request method=POST path=/rooms/201306877/messages duration=439.484µs
2026/10/10 14:59:34 INFO request method=POST path=/rooms/201306877/messages duration=500.954µs
2026/10/10 14:59:34 INFO request method=POST path=/rooms/201306877/messages duration=412.353µs
2026/10/10 14:59:34 INFO request method=POST path=/rooms/201306877/messages duration=448.01µs
2026/10/10 14:59:34 INFO request method=POST path=/rooms/201306877/messages duration=402.43µs
2026/10/10 14:59:34 INFO request method=POST path=/rooms/201306877/messages duration=380.414µs
2026/10/10 14:59:34 INFO request method=POST path=/rooms/201306877/messages duration=394.22µs
2026/10/10 14:59:34 INFO request method=POST path=/rooms/201306877/messages duration=391.352µs
2026/10/10 14:59:34 INFO request method=POST path=/rooms/201306877/messages duration=398.731µs
2026/10/10 14:59:34 INFO request method=POST path=/rooms/201306877/messages duration=396.726µs
2026/10/10 14:59:34 INFO request method=POST path=/rooms/201306877/messages duration=382.668µs
2026/10/10 14:59:34 INFO request method=POST path=/rooms/201306877/messages duration=410.518µs
2026/10/10 14:59:34 INFO request method=POST path=/rooms/201306877/messages duration=416.326µs
2026/10/10 14:59:34 INFO request method=POST path=/rooms/201306877/messages duration=395.148µs
2026/10/10 14:59:34 INFO request method=POST path=/rooms/201306877/messages duration=420.361µs
2026/10/10 14:59:34 INFO request method=POST path=/rooms/201306877/messages duration=416.144µs
2026/10/10 14:59:34 INFO request method=POST path=/rooms/201306877/messages duration=497.632µs
2026/10/10 14:59:34 INFO request method=POST path=/rooms/201306877/messages duration=422.731µs
2026/10/10 14:59:34 INFO request method=POST path=/rooms/201306877/messages duration=401.421µs
2026/10/10 14:59:34 INFO request method=POST path=/rooms/201306877/messages duration=405.718µs
2026/10/10 14:59:34 INFO request method=POST path=/rooms/201306877/messages duration=414.401µs
2026/10/10 14:59:34 INFO request method=POST path=/rooms/201306877/messages duration=401.594µs
2026/10/10 14:59:34 INFO request method=POST path=/rooms/201306877/messages duration=380.453µs
2026/10/10 14:59:34 INFO request method=POST path=/rooms/201306877/messages duration=383.72µs
2026/10/10 14:59:34 INFO request method=POST path=/rooms/201306877/messages duration=374.22µs
2026/10/10 14:59:34 INFO request method=POST path=/rooms/201306877/messages duration=374.311µs
2026/10/10 14:59:34 INFO request method=POST path=/rooms/201306877/messages duration=370.909µs
2026/10/10 14:59:34 INFO request method=POST path=/rooms/201306877/messages duration=369.175µs
2026/10/10 14:59:34 INFO request method=POST path=/rooms/201306877/messages duration=391.894µs
2026/10/10 14:59:34 INFO request method=POST path=/rooms/201306877/messages duration=367.67µs
2026/10/10 14:59:34 INFO request method=POST path=/rooms/201306877/messages duration=401.55µs
2026/10/10 14:59:34 INFO request method=POST path=/rooms/201306877/messages duration=451.914µs
2026/10/10 14:59:34 INFO request method=POST path=/rooms/201306877/messages duration=388.852µs
2026/10/10 14:59:34 INFO request method=POST path=/rooms/201306877/messages duration=390.774µs
2026/10/10 14:59:34 INFO request method=POST path=/rooms/201306877/messages duration=383.46µs
2026/10/10 14:59:34 INFO request method=POST path=/rooms/201306877/messages duration=474.972µs
2026/10/10 14:59:34 INFO request method=POST path=/rooms/201306877/messages duration=403.32µs
2026/10/10 14:59:34 INFO request method=POST path=/rooms/201306877/messages duration=406.252µs
2026/10/10 14:59:34 INFO request method=POST path=/rooms/201306877/messages duration=440.099µs
2026/10/10 14:59:34 INFO request method=POST path=/rooms/201306877/messages duration=426.072µs
2026/10/10 14:59:34 INFO request method=POST path=/rooms/201306877/messages duration=412.028µs
2026/10/10 14:59:34 INFO request method=POST path=/rooms/201306877/messages duration=452.124µs
2026/10/10 14:59:34 INFO request method=POST path=/rooms/201306877/messages duration=427.23µs
2026/10/10 14:59:34 INFO request method=POST path=/rooms/201306877/messages duration=398.107µs
2026/10/10 14:59:34 INFO request method=POST path=/rooms/201306877/messages duration=501.553µs
2026/10/10 14:59:34 INFO request method=POST path=/rooms/201306877/messages duration=422.608µs
2026/10/10 14:59:34 INFO request method=POST path=/rooms/201306877/messages duration=396.892µs
2026/10/10 14:59:34 INFO request method=POST path=/rooms/201306877/messages duration=416.693µs
2026/10/10 14:59:34 INFO request method=POST path=/rooms/201306877/messages duration=438.901µs
2026/10/10 14:59:34 INFO request method=POST path=/rooms/201306877/messages duration=384.037µs
2026/10/10 14:59:34 INFO request method=POST path=/rooms/201306877/messages duration=487.974µs
2026/10/10 14:59:34 INFO request method=POST path=/rooms/201306877/messages duration=410.554µs
2026/10/10 14:59:34 INFO request method=POST path=/rooms/201306877/messages duration=409.747µs
2026/10/10 14:59:34 INFO request method=POST path=/rooms/201306877/messages duration=422.46µs
2026/10/10 14:59:34 INFO request method=POST path=/rooms/201306877/messages duration=406.365µs
2026/10/10 14:59:34 INFO request method=POST path=/rooms/201306877/messages duration=404.332µs
2026/10/10 14:59:34 INFO request method=POST path=/rooms/201306877/messages duration=417.715µs
2026/10/10 14:59:34 INFO request method=POST path=/rooms/201306877/messages duration=415.932µs
2026/10/10 14:59:34 INFO request method=POST path=/rooms/201306877/messages duration=409.196µs
2026/10/10 14:59:34 INFO request method=POST path=/rooms/201306877/messages duration=398.671µs
2026/10/10 14:59:34 INFO request method=POST path=/rooms/201306877/messages duration=394.211µs
2026/10/10 14:59:34 INFO request method=POST path=/rooms/201306877/messages duration=374.731µs
2026/10/10 14:59:34 INFO request method=POST path=/rooms/201306877/messages duration=371.696µs
2026/10/10 14:59:34 INFO request method=POST path=/rooms/201306877/messages duration=383.034µs
2026/10/10 14:59:34 INFO request method=POST path=/rooms/201306877/messages duration=355.238µs
2026/10/10 14:59:34 INFO request method=POST path=/rooms/201306877/messages duration=419.955µs
2026/10/10 14:59:34 INFO request method=POST path=/rooms/201306877/messages duration=370.553µs
2026/10/10 14:59:34 INFO request method=POST path=/rooms/201306877/messages duration=375.471µs
2026/10/10 14:59:34 INFO request method=POST path=/rooms/201306877/messages duration=368.31µs
2026/10/10 14:59:34 INFO request method=POST path=/rooms/201306877/messages duration=358.632µs
2026/10/10 14:59:34 INFO request method=POST path=/rooms/201306877/messages duration=339.738µs
2026/10/10 14:59:34 INFO request method=POST path=/rooms/201306877/messages duration=334.386µs
2026/10/10 14:59:34 INFO request method=POST path=/rooms/201306877/messages duration=361.39µs
2026/10/10 14:59:34 INFO request method=POST path=/rooms/201306877/messages duration=362.467µs
2026/10/10 14:59:34 INFO request method=POST path=/rooms/201306877/messages duration=319.424µs
2026/10/10 14:59:34 INFO request method=POST path=/rooms/201306877/messages duration=355.573µs
2026/10/10 14:59:34 INFO request method=POST path=/rooms/201306877/messages duration=334.47µs
2026/10/10 14:59:34 INFO request method=POST path=/rooms/201306877/messages duration=359.837µs
2026/10/10 14:59:34 INFO request method=POST path=/rooms/201306877/messages duration=379.332µs
2026/10/10 14:59:34 INFO request method=POST path=/rooms/201306877/messages duration=537.463µs
2026/10/10 14:59:34 INFO request method=POST path=/rooms/201306877/messages duration=585.076µs
2026/10/10 14:59:34 INFO request method=POST path=/rooms/201306877/messages duration=513.837µs
gc 20 @4.017s 0%: 0.042+1.0+0.014 ms clock, 0.17+0.036/1.0/0.85+0.056 ms cpu, 44->44->23 MB, 46 MB goal, 0 MB stacks, 0 MB globals, 4 P
2026/10/10 14:59:34 INFO request method=POST path=/rooms/201306877/messages duration=551.183µs
2026/10/10 14:59:34 INFO request method=POST path=/rooms/201306877/messages duration=425.915µs
2026/10/10 14:59:34 INFO request method=POST path=/rooms/201306877/messages duration=404.275µs
2026/10/10 14:59:34 INFO request method=POST path=/rooms/201306877/messages duration=395.596µs
2026/10/10 14:59:34 INFO request method=POST path=/rooms/201306877/messages duration=413.587µs
2026/10/10 14:59:34 INFO request method=POST path=/rooms/201306877/messages duration=405.202µs
2026/10/10 14:59:34 INFO request method=POST path=/rooms/201306877/messages duration=406.385µs
2026/10/10 14:59:34 INFO request method=POST path=/rooms/201306877/messages duration=399.185µs
2026/10/10 14:59:34 INFO request method=POST path=/rooms/201306877/messages duration=396.728µs
2026/10/10 14:59:34 INFO request method=POST path=/rooms/201306877/messages duration=415.07µs
2026/10/10 14:59:34 INFO request method=POST path=/rooms/201306877/messages duration=386.089µs
2026/10/10 14:59:34 INFO request method=POST path=/rooms/201306877/messages duration=366.812µs
2026/10/10 14:59:34 INFO request method=POST path=/rooms/201306877/messages duration=367.35µs
2026/10/10 14:59:34 INFO request method=POST path=/rooms/201306877/messages duration=378.297µs
2026/10/10 14:59:34 INFO request method=POST path=/rooms/201306877/messages duration=412.429µs
2026/10/10 14:59:34 INFO request method=POST path=/rooms/201306877/messages duration=359.934µs
2026/10/10 14:59:34 INFO request method=POST path=/rooms/201306877/messages duration=363.783µs
2026/10/10 14:59:34 INFO request method=POST path=/rooms/201306877/messages duration=397.776µs
2026/10/10 14:59:34 INFO request method=POST path=/rooms/201306877/messages duration=368.363µs
2026/10/10 14:59:34 INFO request method=POST path=/rooms/201306877/messages duration=360.903µs
2026/10/10 14:59:34 INFO request method=POST path=/rooms/201306877/messages duration=361.089µs
2026/10/10 14:59:34 INFO request method=POST path=/rooms/201306877/messages duration=434.123µs
2026/10/10 14:59:34 INFO request method=POST path=/rooms/201306877/messages duration=371.186µs
2026/10/10 14:59:34 INFO request method=POST path=/rooms/201306877/messages duration=358.407µs
2026/10/10 14:59:34 INFO request method=POST path=/rooms/201306877/messages duration=350.802µs
2026/10/10 14:59:34 INFO request method=POST path=/rooms/201306877/messages duration=380.686µs
2026/10/10 14:59:34 INFO request method=POST path=/rooms/201306877/messages duration=373.5µs
2026/10/10 14:59:34 INFO request method=POST path=/rooms/201306877/messages duration=379.211µs
2026/10/10 14:59:34 INFO request method=POST path=/rooms/201306877/messages duration=380.804µs
2026/10/10 14:59:34 INFO request method=POST path=/rooms/201306877/messages duration=375.938µs
2026/10/10 14:59:34 INFO request method=POST path=/rooms/201306877/messages duration=381.715µs
2026/10/10 14:59:34 INFO request method=POST path=/rooms/201306877/messages duration=362.163µs
2026/10/10 14:59:34 INFO request method=POST path=/rooms/201306877/messages duration=406.303µs
2026/10/10 14:59:34 INFO request method=POST path=/rooms/201306877/messages duration=352.626µs
2026/10/10 14:59:34 INFO request method=POST path=/rooms/201306877/messages duration=380.744µs
2026/10/10 14:59:34 INFO request method=POST path=/rooms/201306877/messages duration=369.831µs
2026/10/10 14:59:34 INFO request method=POST path=/rooms/201306877/messages duration=394.398µs
2026/10/10 14:59:34 INFO request method=POST path=/rooms/201306877/messages duration=376.699µs
2026/10/10 14:59:34 INFO request method=POST path=/rooms/201306877/messages duration=398.388µs
2026/10/10 14:59:34 INFO request method=POST path=/rooms/201306877/messages duration=407.576µs
2026/10/10 14:59:34 INFO request method=POST path=/rooms/201306877/messages duration=421.818µs
2026/10/10 14:59:34 INFO request method=POST path=/rooms/201306877/messages duration=408.346µs
2026/10/10 14:59:34 INFO request method=POST path=/rooms/201306877/messages duration=427.869µs
2026/10/10 14:59:34 INFO request method=POST path=/rooms/201306877/messages duration=422.757µs
2026/10/10 14:59:34 INFO request method=POST path=/rooms/201306877/messages duration=408.426µs
2026/10/10 14:59:34 INFO request method=POST path=/rooms/201306877/messages duration=416.586µs
2026/10/10 14:59:34 INFO request method=POST path=/rooms/201306877/messages duration=390.804µs
2026/10/10 14:59:34 INFO request method=POST path=/rooms/201306877/messages duration=444.801µs
2026/10/10 14:59:34 INFO request method=POST path=/rooms/201306877/messages duration=391.372µs
2026/10/10 14:59:34 INFO request method=POST path=/rooms/201306877/messages duration=388.618µs
2026/10/10 14:59:34 INFO request method=POST path=/rooms/201306877/messages duration=378.991µs
2026/10/10 14:59:34 INFO request method=POST path=/rooms/201306877/messages duration=393.076µs
2026/10/10 14:59:34 INFO request method=POST path=/rooms/201306877/messages duration=404.191µs
2026/10/10 14:59:34 INFO request method=POST path=/rooms/201306877/messages duration=394.736µs
2026/10/10 14:59:34 INFO request method=POST path=/rooms/201306877/messages duration=380.787µs
2026/10/10 14:59:34 INFO request method=POST path=/rooms/201306877/messages duration=425.664µs
2026/10/10 14:59:34 INFO request method=POST path=/rooms/201306877/messages duration=407.296µs
2026/10/10 14:59:34 INFO request method=POST path=/rooms/201306877/messages duration=400.022µs
2026/10/10 14:59:34 INFO request method=POST path=/rooms/201306877/messages duration=416.085µs
2026/10/10 14:59:34 INFO request method=POST path=/rooms/201306877/messages duration=413.938µs
2026/10/10 14:59:34 INFO request method=POST path=/rooms/201306877/messages duration=417.113µs
2026/10/10 14:59:34 INFO request method=POST path=/rooms/201306877/messages duration=391.46µs
2026/10/10 14:59:34 INFO request method=POST path=/rooms/201306877/messages duration=469.275µs
2026/10/10 14:59:34 INFO request method=POST path=/rooms/201306877/messages duration=406.689µs
2026/10/10 14:59:34 INFO request method=POST path=/rooms/201306877/messages duration=401.446µs
2026/10/10 14:59:34 INFO request method=POST path=/rooms/201306877/messages duration=433.853µs
2026/10/10 14:59:34 INFO request method=POST path=/rooms/201306877/messages duration=444.629µs
2026/10/10 14:59:34 INFO request method=POST path=/rooms/201306877/messages duration=458.593µs
2026/10/10 14:59:34 INFO request method=POST path=/rooms/201306877/messages duration=428.492µs
2026/10/10 14:59:34 INFO request method=POST path=/rooms/201306877/messages duration=440.085µs
2026/10/10 14:59:34 INFO request method=POST path=/rooms/201306877/messages duration=446.04µs
2026/10/10 14:59:34 INFO request method=POST path=/rooms/201306877/messages duration=456.385µs
2026/10/10 14:59:34 INFO request method=POST path=/rooms/201306877/messages duration=439.312µs
2026/10/10 14:59:34 INFO request method=POST path=/rooms/201306877/messages duration=430.43µs
2026/10/10 14:59:34 INFO request method=POST path=/rooms/201306877/messages duration=428.809µs
2026/10/10 14:59:34 INFO request method=POST path=/rooms/201306877/messages duration=550.483µs
2026/10/10 14:59:34 INFO request method=POST path=/rooms/201306877/messages duration=459.858µs
2026/10/10 14:59:34 INFO request method=POST path=/rooms/201306877/messages duration=499.668µs
2026/10/10 14:59:34 INFO request method=POST path=/rooms/201306877/messages duration=426.098µs
2026/10/10 14:59:34 INFO request method=POST path=/rooms/201306877/messages duration=401.322µs
2026/10/10 14:59:34 INFO request method=POST path=/rooms/201306877/messages duration=399.079µs
2026/10/10 14:59:34 INFO request method=POST path=/rooms/201306877/messages duration=421.976µs
2026/10/10 14:59:34 INFO request method=POST path=/rooms/201306877/messages duration=395.619µs
2026/10/10 14:59:34 INFO request method=POST path=/rooms/201306877/messages duration=412.061µs
2026/10/10 14:59:34 INFO request method=POST path=/rooms/201306877/messages duration=367.679µs
2026/10/10 14:59:34 INFO request method=POST path=/rooms/201306877/messages duration=369.283µs
2026/10/10 14:59:34 INFO request method=POST path=/rooms/201306877/messages duration=373.893µs
2026/10/10 14:59:34 INFO request method=POST path=/rooms/201306877/messages duration=408.919µs
2026/10/10 14:59:34 INFO request method=POST path=/rooms/201306877/messages duration=402.311µs
2026/10/10 14:59:34 INFO request method=POST path=/rooms/201306877/messages duration=374.77µs
2026/10/10 14:59:34 INFO request method=POST path=/rooms/201306877/messages duration=357.972µs
2026/10/10 14:59:34 INFO request method=POST path=/rooms/201306877/messages duration=359.977µs
2026/10/10 14:59:34 INFO request method=POST path=/rooms/201306877/messages duration=377.244µs
2026/10/10 14:59:34 INFO request method=POST path=/rooms/201306877/messages duration=354.075µs
2026/10/10 14:59:34 INFO request method=POST path=/rooms/201306877/messages duration=376.335µs
2026/10/10 14:59:34 INFO request method=POST path=/rooms/201306877/messages duration=379.772µs
2026/10/10 14:59:34 INFO request method=POST path=/rooms/201306877/messages duration=417.843µs
2026/10/10 14:59:34 INFO request method=POST path=/rooms/201306877/messages duration=378.232µs
2026/10/10 14:59:34 INFO request method=POST path=/rooms/201306877/messages duration=397.654µs
2026/10/10 14:59:34 INFO request method=POST path=/rooms/201306877/messages duration=412.022µs
2026/10/10 14:59:34 INFO request method=POST path=/rooms/201306877/messages duration=405.432µs
2026/10/10 14:59:34 INFO request method=POST path=/rooms/201306877/messages duration=406.9µs
2026/10/10 14:59:34 INFO request method=POST path=/rooms/201306877/messages duration=402.081µs
2026/10/10 14:59:34 INFO request method=POST path=/rooms/201306877/messages duration=406.318µs
2026/10/10 14:59:34 INFO request method=POST path=/rooms/201306877/messages duration=385.746µs
2026/10/10 14:59:34 INFO request method=POST path=/rooms/201306877/messages duration=388.771µs
2026/10/10 14:59:34 INFO request method=POST path=/rooms/201306877/messages duration=394.092µs
2026/10/10 14:59:34 INFO request method=POST path=/rooms/201306877/messages duration=421.098µs
2026/10/10 14:59:34 INFO request method=POST path=/rooms/201306877/messages duration=442.661µs
2026/10/10 14:59:34 INFO request method=POST path=/rooms/201306877/messages duration=445.035µs
2026/10/10 14:59:34 INFO request method=POST path=/rooms/201306877/messages duration=412.762µs
2026/10/10 14:59:34 INFO request method=POST path=/rooms/201306877/messages duration=452.731µs
2026/10/10 14:59:34 INFO request method=POST path=/rooms/201306877/messages duration=425.501µs
2026/10/10 14:59:34 INFO request method=POST path=/rooms/201306877/messages duration=414.868µs
2026/10/10 14:59:34 INFO request method=POST path=/rooms/201306877/messages duration=420.232µs
2026/10/10 14:59:34 INFO request method=POST path=/rooms/201306877/messages duration=417.879µs
2026/10/10 14:59:34 INFO request method=POST path=/rooms/201306877/messages duration=436.872µs
2026/10/10 14:59:34 INFO request method=POST path=/rooms/201306877/messages duration=443.711µs
2026/10/10 14:59:34 INFO request method=POST path=/rooms/201306877/messages duration=388.785µs
2026/10/10 14:59:34 INFO request method=POST path=/rooms/201306877/messages duration=431.938µs
2026/10/10 14:59:34 INFO request method=POST path=/rooms/201306877/messages duration=403.99µs
2026/10/10 14:59:34 INFO request method=POST path=/rooms/201306877/messages duration=399.555µs
2026/10/10 14:59:34 INFO request method=POST path=/rooms/201306877/messages duration=457.413µs
2026/10/10 14:59:34 INFO request method=POST path=/rooms/201306877/messages duration=396.25µs
2026/10/10 14:59:34 INFO request method=POST path=/rooms/201306877/messages duration=418.118µs
2026/10/10 14:59:34 INFO request method=POST path=/rooms/201306877/messages duration=437.813µs
2026/10/10 14:59:34 INFO request method=POST path=/rooms/201306877/messages duration=472.233µs
2026/10/10 14:59:34 INFO request method=POST path=/rooms/201306877/messages duration=422.519µs
2026/10/10 14:59:34 INFO request method=POST path=/rooms/201306877/messages duration=412.078µs
2026/10/10 14:59:34 INFO request method=POST path=/rooms/201306877/messages duration=379.649µs
2026/10/10 14:59:34 INFO request method=POST path=/rooms/201306877/messages duration=427.134µs
2026/10/10 14:59:34 INFO request method=POST path=/rooms/201306877/messages duration=478.934µs
2026/10/10 14:59:34 INFO request method=POST path=/rooms/201306877/messages duration=394.348µs
2026/10/10 14:59:34 INFO request method=POST path=/rooms/201306877/messages duration=407.536µs
2026/10/10 14:59:34 INFO request method=POST path=/rooms/201306877/messages duration=393.409µs
2026/10/10 14:59:34 INFO request method=POST path=/rooms/201306877/messages duration=393.155µs
2026/10/10 14:59:34 INFO request method=POST path=/rooms/201306877/messages duration=419.595µs
2026/10/10 14:59:34 INFO request method=POST path=/rooms/201306877/messages duration=403.686µs
2026/10/10 14:59:34 INFO request method=POST path=/rooms/201306877/messages duration=403.917µs
2026/10/10 14:59:34 INFO request method=POST path=/rooms/201306877/messages duration=411.55µs
2026/10/10 14:59:34 INFO request method=POST path=/rooms/201306877/messages duration=413.429µs
2026/10/10 14:59:34 INFO request method=POST path=/rooms/201306877/messages duration=489.112µs
2026/10/10 14:59:34 INFO request method=POST path=/rooms/201306877/messages duration=400.884µs
2026/10/10 14:59:34 INFO request method=POST path=/rooms/201306877/messages duration=386.603µs
2026/10/10 14:59:34 INFO request method=POST path=/rooms/201306877/messages duration=407.115µs
2026/10/10 14:59:34 INFO request method=POST path=/rooms/201306877/messages duration=433.387µs
2026/10/10 14:59:34 INFO request method=POST path=/rooms/201306877/messages duration=373.668µs
2026/10/10 14:59:34 INFO request method=POST path=/rooms/201306877/messages duration=402.071µs
2026/10/10 14:59:34 INFO request method=POST path=/rooms/201306877/messages duration=537.532µs
gc 21 @4.068s 0%: 0.027+0.69+0.008 ms clock, 0.11+0.093/0.66/1.1+0.035 ms cpu, 45->45->24 MB, 47 MB goal, 0 MB stacks, 0 MB globals, 4 P
2026/10/10 14:59:34 INFO request method=POST path=/rooms/201306877/messages duration=546.586µs
2026/10/10 14:59:34 INFO request method=POST path=/rooms/201306877/messages duration=686.237µs
2026/10/10 14:59:34 INFO request method=POST path=/rooms/201306877/messages duration=573.606µs
2026/10/10 14:59:34 INFO request method=POST path=/rooms/201306877/messages duration=342.521µs
2026/10/10 14:59:34 INFO request method=POST path=/rooms/201306877/messages duration=350.695µs
2026/10/10 14:59:34 INFO request method=POST path=/rooms/201306877/messages duration=302.725µs
2026/10/10 14:59:34 INFO request method=POST path=/rooms/201306877/messages duration=363.62µs
2026/10/10 14:59:34 INFO request method=POST path=/rooms/201306877/messages duration=305.508µs
2026/10/10 14:59:34 INFO request method=POST path=/rooms/201306877/messages duration=323.081µs
2026/10/10 14:59:34 INFO request method=POST path=/rooms/201306877/messages duration=358.287µs
2026/10/10 14:59:34 INFO request method=POST path=/rooms/201306877/messages duration=322.374µs
2026/10/10 14:59:34 INFO request method=POST path=/rooms/201306877/messages duration=380.538µs
2026/10/10 14:59:34 INFO request method=POST path=/rooms/201306877/messages duration=318.577µs
2026/10/10 14:59:34 INFO request method=POST path=/rooms/201306877/messages duration=296.247µs
2026/10/10 14:59:34 INFO request method=POST path=/rooms/201306877/messages duration=308.391µs
2026/10/10 14:59:34 INFO request method=POST path=/rooms/201306877/messages duration=326.58µs
2026/10/10 14:59:34 INFO request method=POST path=/rooms/201306877/messages duration=319.027µs
2026/10/10 14:59:34 INFO request method=POST path=/rooms/201306877/messages duration=296.648µs
2026/10/10 14:59:34 INFO request method=POST path=/rooms/201306877/messages duration=321.238µs
2026/10/10 14:59:34 INFO request method=POST path=/rooms/201306877/messages duration=336.194µs
2026/10/10 14:59:34 INFO request method=POST path=/rooms/201306877/messages duration=321.724µs
2026/10/10 14:59:34 INFO request method=POST path=/rooms/201306877/messages duration=307.938µs
2026/10/10 14:59:34 INFO request method=POST path=/rooms/201306877/messages duration=329.277µs
2026/10/10 14:59:34 INFO request method=POST path=/rooms/201306877/messages duration=320.219µs
2026/10/10 14:59:34 INFO request method=POST path=/rooms/201306877/messages duration=299.86µs
2026/10/10 14:59:34 INFO request method=POST path=/rooms/201306877/messages duration=313.834µs
2026/10/10 14:59:34 INFO request method=POST path=/rooms/201306877/messages duration=375.566µs
2026/10/10 14:59:34 INFO request method=POST path=/rooms/201306877/messages duration=305.227µs
2026/10/10 14:59:34 INFO request method=POST path=/rooms/201306877/messages duration=299.024µs
2026/10/10 14:59:34 INFO request method=POST path=/rooms/201306877/messages duration=295.693µs
2026/10/10 14:59:34 INFO request method=POST path=/rooms/201306877/messages duration=319.298µs
2026/10/10 14:59:34 INFO request method=POST path=/rooms/201306877/messages duration=298.935µs
2026/10/10 14:59:34 INFO request method=POST path=/rooms/201306877/messages duration=310.523µs
2026/10/10 14:59:34 INFO request method=POST path=/rooms/201306877/messages duration=296.387µs
2026/10/10 14:59:34 INFO request method=POST path=/rooms/201306877/messages duration=310.111µs
2026/10/10 14:59:34 INFO request method=POST path=/rooms/201306877/messages duration=303.851µs
2026/10/10 14:59:34 INFO request method=POST path=/rooms/201306877/messages duration=399.992µs
2026/10/10 14:59:34 INFO request method=POST path=/rooms/201306877/messages duration=300.932µs
2026/10/10 14:59:34 INFO request method=POST path=/rooms/201306877/messages duration=305.489µs
2026/10/10 14:59:34 INFO request method=POST path=/rooms/201306877/messages duration=322.988µs
2026/10/10 14:59:34 INFO request method=POST path=/rooms/201306877/messages duration=293.95µs
2026/10/10 14:59:34 INFO request method=POST path=/rooms/201306877/messages duration=359.101µs
2026/10/10 14:59:34 INFO request method=POST path=/rooms/201306877/messages duration=313.383µs
2026/10/10 14:59:34 INFO request method=POST path=/rooms/201306877/messages duration=301.327µs
2026/10/10 14:59:34 INFO request method=POST path=/rooms/201306877/messages duration=299.238µs
2026/10/10 14:59:34 INFO request method=POST path=/rooms/201306877/messages duration=327.471µs
2026/10/10 14:59:34 INFO request method=POST path=/rooms/201306877/messages duration=298.73µs
2026/10/10 14:59:34 INFO request method=POST path=/rooms/201306877/messages duration=318.678µs
2026/10/10 14:59:34 INFO request method=POST path=/rooms/201306877/messages duration=320.884µs
2026/10/10 14:59:34 INFO request method=POST path=/rooms/201306877/messages duration=323.024µs
2026/10/10 14:59:34 INFO request method=POST path=/rooms/201306877/messages duration=302.202µs
2026/10/10 14:59:34 INFO request method=POST path=/rooms/201306877/messages duration=304.717µs
2026/10/10 14:59:34 INFO request method=POST path=/rooms/201306877/messages duration=318.882µs
2026/10/10 14:59:34 INFO request method=POST path=/rooms/201306877/messages duration=316.998µs
2026/10/10 14:59:34 INFO request method=POST path=/rooms/201306877/messages duration=318.181µs
2026/10/10 14:59:34 INFO request method=POST path=/rooms/201306877/messages duration=307.043µs
2026/10/10 14:59:34 INFO request method=POST path=/rooms/201306877/messages duration=368.503µs
2026/10/10 14:59:34 INFO request method=POST path=/rooms/201306877/messages duration=308.842µs
2026/10/10 14:59:34 INFO request method=POST path=/rooms/201306877/messages duration=301.742µs
2026/10/10 14:59:34 INFO request method=POST path=/rooms/201306877/messages duration=303.111µs
2026/10/10 14:59:34 INFO request method=POST path=/rooms/201306877/messages duration=363.546µs
2026/10/10 14:59:34 INFO request method=POST path=/rooms/201306877/messages duration=328.423µs
2026/10/10 14:59:34 INFO request method=POST path=/rooms/201306877/messages duration=314.097µs
2026/10/10 14:59:34 INFO request method=POST path=/rooms/201306877/messages duration=322.486µs
2026/10/10 14:59:34 INFO request method=POST path=/rooms/201306877/messages duration=323.912µs
2026/10/10 14:59:34 INFO request method=POST path=/rooms/201306877/messages duration=301.011µs
2026/10/10 14:59:34 INFO request method=POST path=/rooms/201306877/messages duration=312.12µs
2026/10/10 14:59:34 INFO request method=POST path=/rooms/201306877/messages duration=300.849µs
2026/10/10 14:59:34 INFO request method=POST path=/rooms/201306877/messages duration=328.126µs
2026/10/10 14:59:34 INFO request method=POST path=/rooms/201306877/messages duration=311.535µs
2026/10/10 14:59:34 INFO request method=POST path=/rooms/201306877/messages duration=306.265µs
2026/10/10 14:59:34 INFO request method=POST path=/rooms/201306877/messages duration=306.043µs
2026/10/10 14:59:34 INFO request method=POST path=/rooms/201306877/messages duration=302.568µs
2026/10/10 14:59:34 INFO request method=POST path=/rooms/201306877/messages duration=330.022µs
2026/10/10 14:59:34 INFO request method=POST path=/rooms/201306877/messages duration=355.552µs
2026/10/10 14:59:34 INFO request method=POST path=/rooms/201306877/messages duration=367.861µs
2026/10/10 14:59:34 INFO request method=POST path=/rooms/201306877/messages duration=311.732µs
2026/10/10 14:59:34 INFO request method=POST path=/rooms/201306877/messages duration=295.924µs
2026/10/10 14:59:34 INFO request method=POST path=/rooms/201306877/messages duration=317.269µs
2026/10/10 14:59:34 INFO request method=POST path=/rooms/201306877/messages duration=317.436µs
2026/10/10 14:59:34 INFO request method=POST path=/rooms/201306877/messages duration=320.588µs
2026/10/10 14:59:34 INFO request method=POST path=/rooms/201306877/messages duration=319.097µs
2026/10/10 14:59:34 INFO request method=POST path=/rooms/201306877/messages duration=324.32µs
2026/10/10 14:59:34 INFO request method=POST path=/rooms/201306877/messages duration=295.031µs
2026/10/10 14:59:34 INFO request method=POST path=/rooms/201306877/messages duration=314.45µs
2026/10/10 14:59:34 INFO request method=POST path=/rooms/201306877/messages duration=315.425µs
2026/10/10 14:59:34 INFO request method=POST path=/rooms/201306877/messages duration=307.085µs
2026/10/10 14:59:34 INFO request method=POST path=/rooms/201306877/messages duration=399.513µs
2026/10/10 14:59:34 INFO request method=POST path=/rooms/201306877/messages duration=315.464µs
2026/10/10 14:59:34 INFO request method=POST path=/rooms/201306877/messages duration=319.61µs
2026/10/10 14:59:34 INFO request method=POST path=/rooms/201306877/messages duration=391.948µs
2026/10/10 14:59:34 INFO request method=POST path=/rooms/201306877/messages duration=319.088µs
2026/10/10 14:59:34 INFO request method=POST path=/rooms/201306877/messages duration=306.271µs
2026/10/10 14:59:34 INFO request method=POST path=/rooms/201306877/messages duration=317.972µs
2026/10/10 14:59:34 INFO request method=POST path=/rooms/201306877/messages duration=294.513µs
2026/10/10 14:59:34 INFO request method=POST path=/rooms/201306877/messages duration=300.311µs
2026/10/10 14:59:34 INFO request method=POST path=/rooms/201306877/messages duration=312.646µs
2026/10/10 14:59:34 INFO request method=POST path=/rooms/201306877/messages duration=315.14µs
2026/10/10 14:59:34 INFO request method=POST path=/rooms/201306877/messages duration=312.923µs
2026/10/10 14:59:34 INFO request method=POST path=/rooms/201306877/messages duration=309.339µs
2026/10/10 14:59:34 INFO request method=POST path=/rooms/201306877/messages duration=296.396µs
2026/10/10 14:59:34 INFO request method=POST path=/rooms/201306877/messages duration=329.289µs
2026/10/10 14:59:34 INFO request method=POST path=/rooms/201306877/messages duration=315.731µs
2026/10/10 14:59:34 INFO request method=POST path=/rooms/201306877/messages duration=318.989µs
2026/10/10 14:59:34 INFO request method=POST path=/rooms/201306877/messages duration=318.436µs
2026/10/10 14:59:34 INFO request method=POST path=/rooms/201306877/messages duration=315.892µs
2026/10/10 14:59:34 INFO request method=POST path=/rooms/201306877/messages duration=336.835µs
2026/10/10 14:59:34 INFO request method=POST path=/rooms/201306877/messages duration=324.498µs
2026/10/10 14:59:34 INFO request method=POST path=/rooms/201306877/messages duration=313.045µs
2026/10/10 14:59:34 INFO request method=POST path=/rooms/201306877/messages duration=313.773µs
2026/10/10 14:59:34 INFO request method=POST path=/rooms/201306877/messages duration=320.901µs
2026/10/10 14:59:34 INFO request method=POST path=/rooms/201306877/messages duration=315.205µs
2026/10/10 14:59:34 INFO request method=POST path=/rooms/201306877/messages duration=326.654µs
2026/10/10 14:59:34 INFO request method=POST path=/rooms/201306877/messages duration=310.811µs
2026/10/10 14:59:34 INFO request method=POST path=/rooms/201306877/messages duration=329.51µs
2026/10/10 14:59:34 INFO request method=POST path=/rooms/201306877/messages duration=321.238µs
2026/10/10 14:59:34 INFO request method=POST path=/rooms/201306877/messages duration=317.965µs
2026/10/10 14:59:34 INFO request method=POST path=/rooms/201306877/messages duration=309.55µs
2026/10/10 14:59:34 INFO request method=POST path=/rooms/201306877/messages duration=314.43µs
2026/10/10 14:59:34 INFO request method=POST path=/rooms/201306877/messages duration=323.523µs
2026/10/10 14:59:34 INFO request method=POST path=/rooms/201306877/messages duration=314.555µs
2026/10/10 14:59:34 INFO request method=POST path=/rooms/201306877/messages duration=353.621µs
2026/10/10 14:59:34 INFO request method=POST path=/rooms/201306877/messages duration=326.286µs
2026/10/10 14:59:34 INFO request method=POST path=/rooms/201306877/messages duration=339.078µs
2026/10/10 14:59:34 INFO request method=POST path=/rooms/201306877/messages duration=338.486µs
2026/10/10 14:59:34 INFO request method=POST path=/rooms/201306877/messages duration=317.989µs
2026/10/10 14:59:34 INFO request method=POST path=/rooms/201306877/messages duration=316.198µs
2026/10/10 14:59:34 INFO request method=POST path=/rooms/201306877/messages duration=318.229µs
2026/10/10 14:59:34 INFO request method=POST path=/rooms/201306877/messages duration=316.356µs
2026/10/10 14:59:34 INFO request method=POST path=/rooms/201306877/messages duration=322.961µs
2026/10/10 14:59:34 INFO request method=POST path=/rooms/201306877/messages duration=340.665µs
2026/10/10 14:59:34 INFO request method=POST path=/rooms/201306877/messages duration=308.972µs
2026/10/10 14:59:34 INFO request method=POST path=/rooms/201306877/messages duration=329.57µs
2026/10/10 14:59:34 INFO request method=POST path=/rooms/201306877/messages duration=356.101µs
2026/10/10 14:59:34 INFO request method=POST path=/rooms/201306877/messages duration=363.348µs
2026/10/10 14:59:34 INFO request method=POST path=/rooms/201306877/messages duration=504.007µs
2026/10/10 14:59:34 INFO request method=POST path=/rooms/201306877/messages duration=739.79µs
2026/10/10 14:59:34 INFO request method=POST path=/rooms/201306877/messages duration=698.48µs
2026/10/10 14:59:34 INFO request method=POST path=/rooms/201306877/messages duration=528.639µs
gc 22 @4.113s 0%: 0.068+1.3+0.002 ms clock, 0.27+0.070/0.78/0.88+0.011 ms cpu, 47->49->27 MB, 50 MB goal, 0 MB stacks, 0 MB globals, 4 P
2026/10/10 14:59:34 INFO request method=POST path=/rooms/201306877/messages duration=427.586µs
2026/10/10 14:59:34 INFO request method=POST path=/rooms/201306877/messages duration=439.289µs
2026/10/10 14:59:34 INFO request method=POST path=/rooms/201306877/messages duration=359.084µs
2026/10/10 14:59:34 INFO request method=POST path=/rooms/201306877/messages duration=335.346µs
2026/10/10 14:59:34 INFO request method=POST path=/rooms/201306877/messages duration=357.492µs
2026/10/10 14:59:34 INFO request method=POST path=/rooms/201306877/messages duration=349.323µs
2026/10/10 14:59:34 INFO request method=POST path=/rooms/201306877/messages duration=336.738µs
2026/10/10 14:59:34 INFO request method=POST path=/rooms/201306877/messages duration=355.239µs
2026/10/10 14:59:34 INFO request method=POST path=/rooms/201306877/messages duration=330.41µs
2026/10/10 14:59:34 INFO request method=POST path=/rooms/201306877/messages duration=334.408µs
2026/10/10 14:59:34 INFO request method=POST path=/rooms/201306877/messages duration=437.04µs
2026/10/10 14:59:34 INFO request method=POST path=/rooms/201306877/messages duration=361.666µs
2026/10/10 14:59:34 INFO request method=POST path=/rooms/201306877/messages duration=368.499µs
2026/10/10 14:59:34 INFO request method=POST path=/rooms/201306877/messages duration=353.314µs
2026/10/10 14:59:34 INFO request method=POST path=/rooms/201306877/messages duration=370.889µs
2026/10/10 14:59:34 INFO request method=POST path=/rooms/201306877/messages duration=392.659µs
2026/10/10 14:59:34 INFO request method=POST path=/rooms/201306877/messages duration=359.327µs
2026/10/10 14:59:34 INFO request method=POST path=/rooms/201306877/messages duration=357.623µs
2026/10/10 14:59:34 INFO request method=POST path=/rooms/201306877/messages duration=349.961µs
2026/10/10 14:59:34 INFO request method=POST path=/rooms/201306877/messages duration=353.509µs
2026/10/10 14:59:34 INFO request method=POST path=/rooms/201306877/messages duration=361.982µs
2026/10/10 14:59:34 INFO request method=POST path=/rooms/201306877/messages duration=342.093µs
2026/10/10 14:59:34 INFO request method=POST path=/rooms/201306877/messages duration=346.913µs
2026/10/10 14:59:34 INFO request method=POST path=/rooms/201306877/messages duration=385.194µs
2026/10/10 14:59:34 INFO request method=POST path=/rooms/201306877/messages duration=348.044µs
2026/10/10 14:59:34 INFO request method=POST path=/rooms/201306877/messages duration=381.113µs
2026/10/10 14:59:34 INFO request method=POST path=/rooms/201306877/messages duration=384.769µs
2026/10/10 14:59:34 INFO request method=POST path=/rooms/201306877/messages duration=355.017µs
2026/10/10 14:59:34 INFO request method=POST path=/rooms/201306877/messages duration=372.01µs
2026/10/10 14:59:34 INFO request method=POST path=/rooms/201306877/messages duration=379.928µs
2026/10/10 14:59:34 INFO request method=POST path=/rooms/201306877/messages duration=426.258µs
2026/10/10 14:59:34 INFO request method=POST path=/rooms/201306877/messages duration=389.775µs
2026/10/10 14:59:34 INFO request method=POST path=/rooms/201306877/messages duration=375.239µs
2026/10/10 14:59:34 INFO request method=POST path=/rooms/201306877/messages duration=370.191µs
2026/10/10 14:59:34 INFO request method=POST path=/rooms/201306877/messages duration=387.148µs
2026/10/10 14:59:34 INFO request method=POST path=/rooms/201306877/messages duration=417.725µs
2026/10/10 14:59:34 INFO request method=POST path=/rooms/201306877/messages duration=405.574µs
2026/10/10 14:59:34 INFO request method=POST path=/rooms/201306877/messages duration=407.847µs
2026/10/10 14:59:34 INFO request method=POST path=/rooms/201306877/messages duration=404.345µs
2026/10/10 14:59:34 INFO request method=POST path=/rooms/201306877/messages duration=410.591µs
2026/10/10 14:59:34 INFO request method=POST path=/rooms/201306877/messages duration=411.277µs
2026/10/10 14:59:34 INFO request method=POST path=/rooms/201306877/messages duration=394.661µs
2026/10/10 14:59:34 INFO request method=POST path=/rooms/201306877/messages duration=412.572µs
2026/10/10 14:59:34 INFO request method=POST path=/rooms/201306877/messages duration=431.5µs
2026/10/10 14:59:34 INFO request method=POST path=/rooms/201306877/messages duration=448.656µs
2026/10/10 14:59:34 INFO request method=POST path=/rooms/201306877/messages duration=517.715µs
2026/10/10 14:59:34 INFO request method=POST path=/rooms/201306877/messages duration=424.879µs
2026/10/10 14:59:34 INFO request method=POST path=/rooms/201306877/messages duration=402.846µs
2026/10/10 14:59:34 INFO request method=POST path=/rooms/201306877/messages duration=437.712µs
2026/10/10 14:59:34 INFO request method=POST path=/rooms/201306877/messages duration=474.429µs
2026/10/10 14:59:34 INFO request method=POST path=/rooms/201306877/messages duration=398.563µs
2026/10/10 14:59:34 INFO request method=POST path=/rooms/201306877/messages duration=394.874µs
2026/10/10 14:59:34 INFO request method=POST path=/rooms/201306877/messages duration=375.704µs
2026/10/10 14:59:34 INFO request method=POST path=/rooms/201306877/messages duration=467.104µs
2026/10/10 14:59:34 INFO request method=POST path=/rooms/201306877/messages duration=406.027µs
2026/10/10 14:59:34 INFO request method=POST path=/rooms/201306877/messages duration=411.789µs
2026/10/10 14:59:34 INFO request method=POST path=/rooms/201306877/messages duration=376.063µs
2026/10/10 14:59:34 INFO request method=POST path=/rooms/201306877/messages duration=376.335µs
2026/10/10 14:59:34 INFO request method=POST path=/rooms/201306877/messages duration=406.887µs
2026/10/10 14:59:34 INFO request method=POST path=/rooms/201306877/messages duration=454.579µs
2026/10/10 14:59:34 INFO request method=POST path=/rooms/201306877/messages duration=432.86µs
2026/10/10 14:59:34 INFO request method=POST path=/rooms/201306877/messages duration=441.373µs
2026/10/10 14:59:34 INFO request method=POST path=/rooms/201306877/messages duration=421.054µs
2026/10/10 14:59:34 INFO request method=POST path=/rooms/201306877/messages duration=414.279µs
2026/10/10 14:59:34 INFO request method=POST path=/rooms/201306877/messages duration=476.446µs
2026/10/10 14:59:34 INFO request method=POST path=/rooms/201306877/messages duration=423.697µs
2026/10/10 14:59:34 INFO request method=POST path=/rooms/201306877/messages duration=412.921µs
2026/10/10 14:59:34 INFO request method=POST path=/rooms/201306877/messages duration=432.815µs
2026/10/10 14:59:34 INFO request method=POST path=/rooms/201306877/messages duration=437.517µs
2026/10/10 14:59:34 INFO request method=POST path=/rooms/201306877/messages duration=429.078µs
2026/10/10 14:59:34 INFO request method=POST path=/rooms/201306877/messages duration=419.101µs
2026/10/10 14:59:34 INFO request method=POST path=/rooms/201306877/messages duration=444.67µs
2026/10/10 14:59:34 INFO request method=POST path=/rooms/201306877/messages duration=423.172µs
2026/10/10 14:59:34 INFO request method=POST path=/rooms/201306877/messages duration=429.462µs
2026/10/10 14:59:34 INFO request method=POST path=/rooms/201306877/messages duration=388.341µs
2026/10/10 14:59:34 INFO request method=POST path=/rooms/201306877/messages duration=451.461µs
2026/10/10 14:59:34 INFO request method=POST path=/rooms/201306877/messages duration=409.958µs
2026/10/10 14:59:34 INFO request method=POST path=/rooms/201306877/messages duration=399.96µs
2026/10/10 14:59:34 INFO request method=POST path=/rooms/201306877/messages duration=385.116µs
2026/10/10 14:59:34 INFO request method=POST path=/rooms/201306877/messages duration=444.86µs
2026/10/10 14:59:34 INFO request method=POST path=/rooms/201306877/messages duration=387.227µs
2026/10/10 14:59:34 INFO request method=POST path=/rooms/201306877/messages duration=362.778µs
2026/10/10 14:59:34 INFO request method=POST path=/rooms/201306877/messages duration=380.691µs
2026/10/10 14:59:34 INFO request method=POST path=/rooms/201306877/messages duration=395.713µs
2026/10/10 14:59:34 INFO request method=POST path=/rooms/201306877/messages duration=396.133µs
2026/10/10 14:59:34 INFO request method=POST path=/rooms/201306877/messages duration=388.36µs
2026/10/10 14:59:34 INFO request method=POST path=/rooms/201306877/messages duration=373.405µs
2026/10/10 14:59:34 INFO request method=POST path=/rooms/201306877/messages duration=379.53µs
2026/10/10 14:59:34 INFO request method=POST path=/rooms/201306877/messages duration=369.897µs
2026/10/10 14:59:34 INFO request method=POST path=/rooms/201306877/messages duration=371.059µs
2026/10/10 14:59:34 INFO request method=POST path=/rooms/201306877/messages duration=377.437µs
2026/10/10 14:59:34 INFO request method=POST path=/rooms/201306877/messages duration=364.181µs
2026/10/10 14:59:34 INFO request method=POST path=/rooms/201306877/messages duration=366.886µs
2026/10/10 14:59:34 INFO request method=POST path=/rooms/201306877/messages duration=363.043µs
2026/10/10 14:59:34 INFO request method=POST path=/rooms/201306877/messages duration=432.707µs
2026/10/10 14:59:34 INFO request method=POST path=/rooms/201306877/messages duration=364.792µs
2026/10/10 14:59:34 INFO request method=POST path=/rooms/201306877/messages duration=393.116µs
2026/10/10 14:59:34 INFO request method=POST path=/rooms/201306877/messages duration=409.515µs
2026/10/10 14:59:34 INFO request method=POST path=/rooms/201306877/messages duration=366.817µs
2026/10/10 14:59:34 INFO request method=POST path=/rooms/201306877/messages duration=383.497µs
2026/10/10 14:59:34 INFO request method=POST path=/rooms/201306877/messages duration=402.18µs
2026/10/10 14:59:34 INFO request method=POST path=/rooms/201306877/messages duration=380.527µs
2026/10/10 14:59:34 INFO request method=POST path=/rooms/201306877/messages duration=371.427µs
2026/10/10 14:59:34 INFO request method=POST path=/rooms/201306877/messages duration=381.951µs
2026/10/10 14:59:34 INFO request method=POST path=/rooms/201306877/messages duration=390.32µs
2026/10/10 14:59:34 INFO request method=POST path=/rooms/201306877/messages duration=480.973µs
2026/10/10 14:59:34 INFO request method=POST path=/rooms/201306877/messages duration=398.677µs
2026/10/10 14:59:34 INFO request method=POST path=/rooms/201306877/messages duration=395.87µs
2026/10/10 14:59:34 INFO request method=POST path=/rooms/201306877/messages duration=397.302µs
2026/10/10 14:59:34 INFO request method=POST path=/rooms/201306877/messages duration=476.335µs
2026/10/10 14:59:34 INFO request method=POST path=/rooms/201306877/messages duration=416.137µs
2026/10/10 14:59:34 INFO request method=POST path=/rooms/201306877/messages duration=392.862µs
2026/10/10 14:59:34 INFO request method=POST path=/rooms/201306877/messages duration=395.734µs
2026/10/10 14:59:34 INFO request method=POST path=/rooms/201306877/messages duration=452.391µs
2026/10/10 14:59:34 INFO request method=POST path=/rooms/201306877/messages duration=395.773µs
2026/10/10 14:59:34 INFO request method=POST path=/rooms/201306877/messages duration=402.781µs
2026/10/10 14:59:34 INFO request method=POST path=/rooms/201306877/messages duration=383.174µs
2026/10/10 14:59:34 INFO request method=POST path=/rooms/201306877/messages duration=427.885µs
2026/10/10 14:59:34 INFO request method=POST path=/rooms/201306877/messages duration=416.474µs
2026/10/10 14:59:34 INFO request method=POST path=/rooms/201306877/messages duration=419.697µs
2026/10/10 14:59:34 INFO request method=POST path=/rooms/201306877/messages duration=432.543µs
2026/10/10 14:59:34 INFO request method=POST path=/rooms/201306877/messages duration=431.818µs
2026/10/10 14:59:34 INFO request method=POST path=/rooms/201306877/messages duration=441.163µs
2026/10/10 14:59:34 INFO request method=POST path=/rooms/201306877/messages duration=445.527µs
2026/10/10 14:59:34 INFO request method=POST path=/rooms/201306877/messages duration=462.412µs
2026/10/10 14:59:34 INFO request method=POST path=/rooms/201306877/messages duration=462.303µs
2026/10/10 14:59:34 INFO request method=POST path=/rooms/201306877/messages duration=460.898µs
2026/10/10 14:59:34 INFO request method=POST path=/rooms/201306877/messages duration=456.119µs
2026/10/10 14:59:34 INFO request method=POST path=/rooms/201306877/messages duration=510.003µs
2026/10/10 14:59:34 INFO request method=POST path=/rooms/201306877/messages duration=407.585µs
2026/10/10 14:59:34 INFO request method=POST path=/rooms/201306877/messages duration=444.476µs
2026/10/10 14:59:34 INFO request method=POST path=/rooms/201306877/messages duration=422.013µs
2026/10/10 14:59:34 INFO request method=POST path=/rooms/201306877/messages duration=412.519µs
2026/10/10 14:59:34 INFO request method=POST path=/rooms/201306877/messages duration=433.798µs
2026/10/10 14:59:34 INFO request method=POST path=/rooms/201306877/messages duration=417.418µs
2026/10/10 14:59:34 INFO request method=POST path=/rooms/201306877/messages duration=450.847µs
2026/10/10 14:59:34 INFO request method=POST path=/rooms/201306877/messages duration=418.286µs
2026/10/10 14:59:34 INFO request method=POST path=/rooms/201306877/messages duration=426.74µs
2026/10/10 14:59:34 INFO request method=POST path=/rooms/201306877/messages duration=468.627µs
2026/10/10 14:59:34 INFO request method=POST path=/rooms/201306877/messages duration=499.51µs
2026/10/10 14:59:34 INFO request method=POST path=/rooms/201306877/messages duration=458.816µs
2026/10/10 14:59:34 INFO request method=POST path=/rooms/201306877/messages duration=506.885µs
2026/10/10 14:59:34 INFO request method=POST path=/rooms/201306877/messages duration=472.409µs
2026/10/10 14:59:34 INFO request method=POST path=/rooms/201306877/messages duration=587.499µs
2026/10/10 14:59:34 INFO request method=POST path=/rooms/201306877/messages duration=498.398µs
2026/10/10 14:59:34 INFO request method=POST path=/rooms/201306877/messages duration=479.263µs
2026/10/10 14:59:34 INFO request method=POST path=/rooms/201306877/messages duration=483.471µs
2026/10/10 14:59:34 INFO request method=POST path=/rooms/201306877/messages duration=504.387µs
2026/10/10 14:59:34 INFO request method=POST path=/rooms/201306877/messages duration=499.024µs
2026/10/10 14:59:34 INFO request method=POST path=/rooms/201306877/messages duration=485.494µs
2026/10/10 14:59:34 INFO request method=POST path=/rooms/201306877/messages duration=462.176µs
2026/10/10 14:59:34 INFO request method=POST path=/rooms/201306877/messages duration=441.996µs
2026/10/10 14:59:34 INFO request method=POST path=/rooms/201306877/messages duration=500.257µs
2026/10/10 14:59:34 INFO request method=POST path=/rooms/201306877/messages duration=479.26µs
2026/10/10 14:59:34 INFO request method=POST path=/rooms/201306877/messages duration=476.841µs
2026/10/10 14:59:34 INFO request method=POST path=/rooms/201306877/messages duration=454.336µs
2026/10/10 14:59:34 INFO request method=POST path=/rooms/201306877/messages duration=548.443µs
2026/10/10 14:59:34 INFO request method=POST path=/rooms/201306877/messages duration=479.888µs
2026/10/10 14:59:34 INFO request method=POST path=/rooms/201306877/messages duration=519.857µs
2026/10/10 14:59:34 INFO request method=POST path=/rooms/201306877/messages duration=421.561µs
2026/10/10 14:59:34 INFO request method=POST path=/rooms/201306877/messages duration=418.947µs
2026/10/10 14:59:34 INFO request method=POST path=/rooms/201306877/messages duration=423.787µs
2026/10/10 14:59:34 INFO request method=POST path=/rooms/201306877/messages duration=408.617µs
2026/10/10 14:59:34 INFO request method=POST path=/rooms/201306877/messages duration=408.089µs
2026/10/10 14:59:34 INFO request method=POST path=/rooms/201306877/messages duration=414.609µs
2026/10/10 14:59:34 INFO request method=POST path=/rooms/201306877/messages duration=599.688µs
2026/10/10 14:59:34 INFO request method=POST path=/rooms/201306877/messages duration=852.444µs
gc 23 @4.170s 0%: 0.071+1.0+0.012 ms clock, 0.28+0.11/0.75/1.1+0.051 ms cpu, 52->53->27 MB, 55 MB goal, 0 MB stacks, 0 MB globals, 4 P
2026/10/10 14:59:34 INFO request method=POST path=/rooms/201306877/messages duration=893.873µs
2026/10/10 14:59:34 INFO request method=POST path=/rooms/201306877/messages duration=682.206µs
2026/10/10 14:59:34 INFO request method=POST path=/rooms/201306877/messages duration=387.515µs
2026/10/10 14:59:34 INFO request method=POST path=/rooms/201306877/messages duration=388.313µs
2026/10/10 14:59:34 INFO request method=POST path=/rooms/201306877/messages duration=384.849µs
2026/10/10 14:59:34 INFO request method=POST path=/rooms/201306877/messages duration=415.519µs
2026/10/10 14:59:34 INFO request method=POST path=/rooms/201306877/messages duration=465.404µs
2026/10/10 14:59:34 INFO request method=POST path=/rooms/201306877/messages duration=374.281µs
2026/10/10 14:59:34 INFO request method=POST path=/rooms/201306877/messages duration=367.784µs
2026/10/10 14:59:34 INFO request method=POST path=/rooms/201306877/messages duration=369.903µs
2026/10/10 14:59:34 INFO request method=POST path=/rooms/201306877/messages duration=442.933µs
2026/10/10 14:59:34 INFO request method=POST path=/rooms/201306877/messages duration=377.81µs
2026/10/10 14:59:34 INFO request method=POST path=/rooms/201306877/messages duration=403.977µs
2026/10/10 14:59:34 INFO request method=POST path=/rooms/201306877/messages duration=393.055µs
2026/10/10 14:59:34 INFO request method=POST path=/rooms/201306877/messages duration=389.258µs
2026/10/10 14:59:34 INFO request method=POST path=/rooms/201306877/messages duration=412.566µs
2026/10/10 14:59:34 INFO request method=POST path=/rooms/201306877/messages duration=401.566µs
2026/10/10 14:59:34 INFO request method=POST path=/rooms/201306877/messages duration=396.649µs
2026/10/10 14:59:34 INFO request method=POST path=/rooms/201306877/messages duration=382.065µs
2026/10/10 14:59:34 INFO request method=POST path=/rooms/201306877/messages duration=379.729µs
2026/10/10 14:59:34 INFO request method=POST path=/rooms/201306877/messages duration=388.834µs
2026/10/10 14:59:34 INFO request method=POST path=/rooms/201306877/messages duration=377.138µs
2026/10/10 14:59:34 INFO request method=POST path=/rooms/201306877/messages duration=373.192µs
2026/10/10 14:59:34 INFO request method=POST path=/rooms/201306877/messages duration=359.78µs
2026/10/10 14:59:34 INFO request method=POST path=/rooms/201306877/messages duration=365.747µs
2026/10/10 14:59:34 INFO request method=POST path=/rooms/201306877/messages duration=447.304µs
2026/10/10 14:59:34 INFO request method=POST path=/rooms/201306877/messages duration=339.203µs
2026/10/10 14:59:34 INFO request method=POST path=/rooms/201306877/messages duration=392.033µs
2026/10/10 14:59:34 INFO request method=POST path=/rooms/201306877/messages duration=367.485µs
2026/10/10 14:59:34 INFO request method=POST path=/rooms/201306877/messages duration=374.31µs
2026/10/10 14:59:34 INFO request method=POST path=/rooms/201306877/messages duration=394.232µs
2026/10/10 14:59:34 INFO request method=POST path=/rooms/201306877/messages duration=379.425µs
2026/10/10 14:59:34 INFO request method=POST path=/rooms/201306877/messages duration=394.746µs
2026/10/10 14:59:34 INFO request method=POST path=/rooms/201306877/messages duration=380.151µs
2026/10/10 14:59:34 INFO request method=POST path=/rooms/201306877/messages duration=402.651µs
2026/10/10 14:59:34 INFO request method=POST path=/rooms/201306877/messages duration=421.044µs
2026/10/10 14:59:34 INFO request method=POST path=/rooms/201306877/messages duration=432.621µs
2026/10/10 14:59:34 INFO request method=POST path=/rooms/201306877/messages duration=388.558µs
2026/10/10 14:59:34 INFO request method=POST path=/rooms/201306877/messages duration=419.93µs
2026/10/10 14:59:34 INFO request method=POST path=/rooms/201306877/messages duration=411.358µs
2026/10/10 14:59:34 INFO request method=POST path=/rooms/201306877/messages duration=503.966µs
2026/10/10 14:59:34 INFO request method=POST path=/rooms/201306877/messages duration=449.101µs
2026/10/10 14:59:34 INFO request method=POST path=/rooms/201306877/messages duration=429.639µs
2026/10/10 14:59:34 INFO request method=POST path=/rooms/201306877/messages duration=411.394µs
2026/10/10 14:59:34 INFO request method=POST path=/rooms/201306877/messages duration=400.255µs
2026/10/10 14:59:34 INFO request method=POST path=/rooms/201306877/messages duration=420.911µs
2026/10/10 14:59:34 INFO request method=POST path=/rooms/201306877/messages duration=398.738µs
2026/10/10 14:59:34 INFO request method=POST path=/rooms/201306877/messages duration=411.835µs
2026/10/10 14:59:34 INFO request method=POST path=/rooms/201306877/messages duration=444.441µs
2026/10/10 14:59:34 INFO request method=POST path=/rooms/201306877/messages duration=416.927µs
2026/10/10 14:59:34 INFO request method=POST path=/rooms/201306877/messages duration=424.847µs
2026/10/10 14:59:34 INFO request method=POST path=/rooms/201306877/messages duration=411.8µs
2026/10/10 14:59:34 INFO request method=POST path=/rooms/201306877/messages duration=403.851µs
2026/10/10 14:59:34 INFO request method=POST path=/rooms/201306877/messages duration=407.348µs
2026/10/10 14:59:34 INFO request method=POST path=/rooms/201306877/messages duration=389.937µs
2026/10/10 14:59:34 INFO request method=POST path=/rooms/201306877/messages duration=398.812µs
2026/10/10 14:59:34 INFO request method=POST path=/rooms/201306877/messages duration=471.918µs
2026/10/10 14:59:34 INFO request method=POST path=/rooms/201306877/messages duration=415.719µs
2026/10/10 14:59:34 INFO request method=POST path=/rooms/201306877/messages duration=383.719µs
2026/10/10 14:59:34 INFO request method=POST path=/rooms/201306877/messages duration=388.135µs
2026/10/10 14:59:34 INFO request method=POST path=/rooms/201306877/messages duration=408.804µs
2026/10/10 14:59:34 INFO request method=POST path=/rooms/201306877/messages duration=403.522µs
2026/10/10 14:59:34 INFO request method=POST path=/rooms/201306877/messages duration=421.202µs
2026/10/10 14:59:34 INFO request method=POST path=/rooms/201306877/messages duration=419.75µs
2026/10/10 14:59:34 INFO request method=POST path=/rooms/201306877/messages duration=382.404µs
2026/10/10 14:59:34 INFO request method=POST path=/rooms/201306877/messages duration=404.698µs
2026/10/10 14:59:34 INFO request method=POST path=/rooms/201306877/messages duration=403.793µs
2026/10/10 14:59:34 INFO request method=POST path=/rooms/201306877/messages duration=393.434µs
2026/10/10 14:59:34 INFO request method=POST path=/rooms/201306877/messages duration=412.632µs
2026/10/10 14:59:34 INFO request method=POST path=/rooms/201306877/messages duration=429.522µs
2026/10/10 14:59:34 INFO request method=POST path=/rooms/201306877/messages duration=434.039µs
2026/10/10 14:59:34 INFO request method=POST path=/rooms/201306877/messages duration=491.459µs
2026/10/10 14:59:34 INFO request method=POST path=/rooms/201306877/messages duration=422.869µs
2026/10/10 14:59:34 INFO request method=POST path=/rooms/201306877/messages duration=443.606µs
2026/10/10 14:59:34 INFO request method=POST path=/rooms/201306877/messages duration=622.718µs
2026/10/10 14:59:34 INFO request method=POST path=/rooms/201306877/messages duration=410.428µs
2026/10/10 14:59:34 INFO request method=POST path=/rooms/201306877/messages duration=419.444µs
2026/10/10 14:59:34 INFO request method=POST path=/rooms/201306877/messages duration=447.58µs
2026/10/10 14:59:34 INFO request method=POST path=/rooms/201306877/messages duration=410.782µs
2026/10/10 14:59:34 INFO request method=POST path=/rooms/201306877/messages duration=402.164µs
2026/10/10 14:59:34 INFO request method=POST path=/rooms/201306877/messages duration=403.223µs
2026/10/10 14:59:34 INFO request method=POST path=/rooms/201306877/messages duration=398.602µs
2026/10/10 14:59:34 INFO request method=POST path=/rooms/201306877/messages duration=415.716µs
2026/10/10 14:59:34 INFO request method=POST path=/rooms/201306877/messages duration=387.02µs
2026/10/10 14:59:34 INFO request method=POST path=/rooms/201306877/messages duration=391.47µs
2026/10/10 14:59:34 INFO request method=POST path=/rooms/201306877/messages duration=381.311µs
2026/10/10 14:59:34 INFO request method=POST path=/rooms/201306877/messages duration=375.419µs
2026/10/10 14:59:34 INFO request method=POST path=/rooms/201306877/messages duration=389.64µs
2026/10/10 14:59:34 INFO request method=POST path=/rooms/201306877/messages duration=399.201µs
2026/10/10 14:59:34 INFO request method=POST path=/rooms/201306877/messages duration=403.331µs
2026/10/10 14:59:34 INFO request method=POST path=/rooms/201306877/messages duration=423.33µs
2026/10/10 14:59:34 INFO request method=POST path=/rooms/201306877/messages duration=384.221µs
2026/10/10 14:59:34 INFO request method=POST path=/rooms/201306877/messages duration=361.107µs
2026/10/10 14:59:34 INFO request method=POST path=/rooms/201306877/messages duration=402.811µs
2026/10/10 14:59:34 INFO request method=POST path=/rooms/201306877/messages duration=478.357µs
2026/10/10 14:59:34 INFO request method=POST path=/rooms/201306877/messages duration=385.668µs
2026/10/10 14:59:34 INFO request method=POST path=/rooms/201306877/messages duration=385.337µs
2026/10/10 14:59:34 INFO request method=POST path=/rooms/201306877/messages duration=370.93µs
2026/10/10 14:59:34 INFO request method=POST path=/rooms/201306877/messages duration=373.963µs
2026/10/10 14:59:34 INFO request method=POST path=/rooms/201306877/messages duration=365.032µs
2026/10/10 14:59:34 INFO request method=POST path=/rooms/201306877/messages duration=367.537µs
2026/10/10 14:59:34 INFO request method=POST path=/rooms/201306877/messages duration=434.927µs
2026/10/10 14:59:34 INFO request method=POST path=/rooms/201306877/messages duration=399.028µs
2026/10/10 14:59:34 INFO request method=POST path=/rooms/201306877/messages duration=408.888µs
2026/10/10 14:59:34 INFO request method=POST path=/rooms/201306877/messages duration=413.322µs
2026/10/10 14:59:34 INFO request method=POST path=/rooms/201306877/messages duration=468.152µs
2026/10/10 14:59:34 INFO request method=POST path=/rooms/201306877/messages duration=384.657µs
2026/10/10 14:59:34 INFO request method=POST path=/rooms/201306877/messages duration=391.906µs
2026/10/10 14:59:34 INFO request method=POST path=/rooms/201306877/messages duration=381.526µs
2026/10/10 14:59:34 INFO request method=POST path=/rooms/201306877/messages duration=374.85µs
2026/10/10 14:59:34 INFO request method=POST path=/rooms/201306877/messages duration=363.176µs
2026/10/10 14:59:34 INFO request method=POST path=/rooms/201306877/messages duration=402.083µs
2026/10/10 14:59:34 INFO request method=POST path=/rooms/201306877/messages duration=401.57µs
2026/10/10 14:59:34 INFO request method=POST path=/rooms/201306877/messages duration=399.078µs
2026/10/10 14:59:34 INFO request method=POST path=/rooms/201306877/messages duration=396.119µs
2026/10/10 14:59:34 INFO request method=POST path=/rooms/201306877/messages duration=407.483µs
2026/10/10 14:59:34 INFO request method=POST path=/rooms/201306877/messages duration=405.006µs
2026/10/10 14:59:34 INFO request method=POST path=/rooms/201306877/messages duration=422.291µs
2026/10/10 14:59:34 INFO request method=POST path=/rooms/201306877/messages duration=428.418µs
2026/10/10 14:59:34 INFO request method=POST path=/rooms/201306877/messages duration=438.236µs
2026/10/10 14:59:34 INFO request method=POST path=/rooms/201306877/messages duration=475.482µs
2026/10/10 14:59:34 INFO request method=POST path=/rooms/201306877/messages duration=427.675µs
2026/10/10 14:59:34 INFO request method=POST path=/rooms/201306877/messages duration=401.392µs
2026/10/10 14:59:34 INFO request method=POST path=/rooms/201306877/messages duration=422.669µs
2026/10/10 14:59:34 INFO request method=POST path=/rooms/201306877/messages duration=399.657µs
2026/10/10 14:59:34 INFO request method=POST path=/rooms/201306877/messages duration=436.033µs
2026/10/10 14:59:34 INFO request method=POST path=/rooms/201306877/messages duration=421.773µs
2026/10/10 14:59:34 INFO request method=POST path=/rooms/201306877/messages duration=434.407µs
2026/10/10 14:59:34 INFO request method=POST path=/rooms/201306877/messages duration=456.43µs
2026/10/10 14:59:34 INFO request method=POST path=/rooms/201306877/messages duration=436.177µs
2026/10/10 14:59:34 INFO request method=POST path=/rooms/201306877/messages duration=406.95µs
2026/10/10 14:59:34 INFO request method=POST path=/rooms/201306877/messages duration=408.321µs
2026/10/10 14:59:34 INFO request method=POST path=/rooms/201306877/messages duration=417.452µs
2026/10/10 14:59:34 INFO request method=POST path=/rooms/201306877/messages duration=411.352µs
2026/10/10 14:59:34 INFO request method=POST path=/rooms/201306877/messages duration=438.038µs
2026/10/10 14:59:34 INFO request method=POST path=/rooms/201306877/messages duration=522.046µs
2026/10/10 14:59:34 INFO request method=POST path=/rooms/201306877/messages duration=462.626µs
2026/10/10 14:59:34 INFO request method=POST path=/rooms/201306877/messages duration=486.869µs
2026/10/10 14:59:34 INFO request method=POST path=/rooms/201306877/messages duration=477.59µs
2026/10/10 14:59:34 INFO request method=POST path=/rooms/201306877/messages duration=447.497µs
2026/10/10 14:59:34 INFO request method=POST path=/rooms/201306877/messages duration=472.146µs
2026/10/10 14:59:34 INFO request method=POST path=/rooms/201306877/messages duration=479.405µs
2026/10/10 14:59:34 INFO request method=POST path=/rooms/201306877/messages duration=448.379µs
2026/10/10 14:59:34 INFO request method=POST path=/rooms/201306877/messages duration=479.118µs
2026/10/10 14:59:34 INFO request method=POST path=/rooms/201306877/messages duration=451.266µs
2026/10/10 14:59:34 INFO request method=POST path=/rooms/201306877/messages duration=431.309µs
2026/10/10 14:59:34 INFO request method=POST path=/rooms/201306877/messages duration=459.616µs
2026/10/10 14:59:34 INFO request method=POST path=/rooms/201306877/messages duration=438.114µs
2026/10/10 14:59:34 INFO request method=POST path=/rooms/201306877/messages duration=467.69µs
2026/10/10 14:59:34 INFO request method=POST path=/rooms/201306877/messages duration=470.248µs
2026/10/10 14:59:34 INFO request method=POST path=/rooms/201306877/messages duration=459.216µs
2026/10/10 14:59:34 INFO request method=POST path=/rooms/201306877/messages duration=432.453µs
2026/10/10 14:59:34 INFO request method=POST path=/rooms/201306877/messages duration=472.267µs
2026/10/10 14:59:34 INFO request method=POST path=/rooms/201306877/messages duration=490.022µs
2026/10/10 14:59:34 INFO request method=POST path=/rooms/201306877/messages duration=411.371µs
2026/10/10 14:59:34 INFO request method=POST path=/rooms/201306877/messages duration=456.725µs
2026/10/10 14:59:34 INFO request method=POST path=/rooms/201306877/messages duration=418.429µs
2026/10/10 14:59:34 INFO request method=POST path=/rooms/201306877/messages duration=535.357µs
2026/10/10 14:59:34 INFO request method=POST path=/rooms/201306877/messages duration=446.98µs
2026/10/10 14:59:34 INFO request method=POST path=/rooms/201306877/messages duration=451.988µs
2026/10/10 14:59:34 INFO request method=POST path=/rooms/201306877/messages duration=431.91µs
2026/10/10 14:59:34 INFO request method=POST path=/rooms/201306877/messages duration=446.211µs
2026/10/10 14:59:34 INFO request method=POST path=/rooms/201306877/messages duration=452.292µs
2026/10/10 14:59:34 INFO request method=POST path=/rooms/201306877/messages duration=433.166µs
2026/10/10 14:59:34 INFO request method=POST path=/rooms/201306877/messages duration=455.478µs
2026/10/10 14:59:34 INFO request method=POST path=/rooms/201306877/messages duration=462.754µs
2026/10/10 14:59:34 INFO request method=POST path=/rooms/201306877/messages duration=487.835µs
2026/10/10 14:59:34 INFO request method=POST path=/rooms/201306877/messages duration=441.681µs
2026/10/10 14:59:34 INFO request method=POST path=/rooms/201306877/messages duration=496.96µs
2026/10/10 14:59:34 INFO request method=POST path=/rooms/201306877/messages duration=434.824µs
2026/10/10 14:59:34 INFO request method=POST path=/rooms/201306877/messages duration=444.803µs
2026/10/10 14:59:34 INFO request method=POST path=/rooms/201306877/messages duration=451.689µs
2026/10/10 14:59:34 INFO request method=POST path=/rooms/201306877/messages duration=455.338µs
2026/10/10 14:59:34 INFO request method=POST path=/rooms/201306877/messages duration=448.973µs
2026/10/10 14:59:34 INFO request method=POST path=/rooms/201306877/messages duration=413.627µs
2026/10/10 14:59:34 INFO request method=POST path=/rooms/201306877/messages duration=437.517µs
2026/10/10 14:59:34 INFO request method=POST path=/rooms/201306877/messages duration=688.646µs
2026/10/10 14:59:34 INFO request method=POST path=/rooms/201306877/messages duration=600.312µs
2026/10/10 14:59:34 INFO request method=POST path=/rooms/201306877/messages duration=552.448µs
2026/10/10 14:59:34 INFO request method=POST path=/rooms/201306877/messages duration=564.34µs
2026/10/10 14:59:34 INFO request method=POST path=/rooms/201306877/messages duration=549.848µs
gc 24 @4.229s 0%: 0.057+1.7+0.058 ms clock, 0.23+0.16/1.6/0.44+0.23 ms cpu, 53->54->30 MB, 56 MB goal, 0 MB stacks, 0 MB globals, 4 P
2026/10/10 14:59:34 INFO request method=POST path=/rooms/201306877/messages duration=644.075µs
2026/10/10 14:59:34 INFO request method=POST path=/rooms/201306877/messages duration=594.635µs
2026/10/10 14:59:34 INFO request method=POST path=/rooms/201306877/messages duration=480.48µs
2026/10/10 14:59:34 INFO request method=POST path=/rooms/201306877/messages duration=397.312µs
2026/10/10 14:59:34 INFO request method=POST path=/rooms/201306877/messages duration=443.862µs
2026/10/10 14:59:34 INFO request method=POST path=/rooms/201306877/messages duration=413.101µs
2026/10/10 14:59:34 INFO request method=POST path=/rooms/201306877/messages duration=405.606µs
2026/10/10 14:59:34 INFO request method=POST path=/rooms/201306877/messages duration=433.161µs
2026/10/10 14:59:34 INFO request method=POST path=/rooms/201306877/messages duration=374.193µs
2026/10/10 14:59:34 INFO request method=POST path=/rooms/201306877/messages duration=402.656µs
2026/10/10 14:59:34 INFO request method=POST path=/rooms/201306877/messages duration=373.211µs
2026/10/10 14:59:34 INFO request method=POST path=/rooms/201306877/messages duration=406.429µs
2026/10/10 14:59:34 INFO request method=POST path=/rooms/201306877/messages duration=370.592µs
2026/10/10 14:59:34 INFO request method=POST path=/rooms/201306877/messages duration=374.528µs
2026/10/10 14:59:34 INFO request method=POST path=/rooms/201306877/messages duration=374.665µs
2026/10/10 14:59:34 INFO request method=POST path=/rooms/201306877/messages duration=370.904µs
2026/10/10 14:59:34 INFO request method=POST path=/rooms/201306877/messages duration=408.26µs
2026/10/10 14:59:34 INFO request method=POST path=/rooms/201306877/messages duration=413.518µs
2026/10/10 14:59:34 INFO request method=POST path=/rooms/201306877/messages duration=368.462µs
2026/10/10 14:59:34 INFO request method=POST path=/rooms/201306877/messages duration=353.865µs
2026/10/10 14:59:34 INFO request method=POST path=/rooms/201306877/messages duration=377.424µs
2026/10/10 14:59:34 INFO request method=POST path=/rooms/201306877/messages duration=406.971µs
2026/10/10 14:59:34 INFO request method=POST path=/rooms/201306877/messages duration=376.647µs
2026/10/10 14:59:34 INFO request method=POST path=/rooms/201306877/messages duration=404.18µs
2026/10/10 14:59:34 INFO request method=POST path=/rooms/201306877/messages duration=382.408µs
2026/10/10 14:59:34 INFO request method=POST path=/rooms/201306877/messages duration=354.141µs
2026/10/10 14:59:34 INFO request method=POST path=/rooms/201306877/messages duration=362.741µs
2026/10/10 14:59:34 INFO request method=POST path=/rooms/201306877/messages duration=350.467µs
2026/10/10 14:59:34 INFO request method=POST path=/rooms/201306877/messages duration=355.745µs
2026/10/10 14:59:34 INFO request method=POST path=/rooms/201306877/messages duration=352.17µs
2026/10/10 14:59:34 INFO request method=POST path=/rooms/201306877/messages duration=393.841µs
2026/10/10 14:59:34 INFO request method=POST path=/rooms/201306877/messages duration=360.125µs
2026/10/10 14:59:34 INFO request method=POST path=/rooms/201306877/messages duration=367.024µs
2026/10/10 14:59:34 INFO request method=POST path=/rooms/201306877/messages duration=364.869µs
2026/10/10 14:59:34 INFO request method=POST path=/rooms/201306877/messages duration=382.621µs
2026/10/10 14:59:34 INFO request method=POST path=/rooms/201306877/messages duration=414.974µs
2026/10/10 14:59:34 INFO request method=POST path=/rooms/201306877/messages duration=514.385µs
2026/10/10 14:59:34 INFO request method=POST path=/rooms/201306877/messages duration=425.588µs
2026/10/10 14:59:34 INFO request method=POST path=/rooms/201306877/messages duration=368.94µs
2026/10/10 14:59:34 INFO request method=POST path=/rooms/201306877/messages duration=379.234µs
2026/10/10 14:59:34 INFO request method=POST path=/rooms/201306877/messages duration=423.903µs
2026/10/10 14:59:34 INFO request method=POST path=/rooms/201306877/messages duration=411.39µs
2026/10/10 14:59:34 INFO request method=POST path=/rooms/201306877/messages duration=391.359µs
2026/10/10 14:59:34 INFO request method=POST path=/rooms/201306877/messages duration=409.157µs
2026/10/10 14:59:34 INFO request method=POST path=/rooms/201306877/messages duration=410.369µs
2026/10/10 14:59:34 INFO request method=POST path=/rooms/201306877/messages duration=393.879µs
2026/10/10 14:59:34 INFO request method=POST path=/rooms/201306877/messages duration=428.474µs
2026/10/10 14:59:34 INFO request method=POST path=/rooms/201306877/messages duration=439.353µs
2026/10/10 14:59:34 INFO request method=POST path=/rooms/201306877/messages duration=407.208µs
2026/10/10 14:59:34 INFO request method=POST path=/rooms/201306877/messages duration=416.348µs
2026/10/10 14:59:34 INFO request method=POST path=/rooms/201306877/messages duration=450.351µs
2026/10/10 14:59:34 INFO request method=POST path=/rooms/201306877/messages duration=479.806µs
2026/10/10 14:59:34 INFO request method=POST path=/rooms/201306877/messages duration=420.231µs
2026/10/10 14:59:34 INFO request method=POST path=/rooms/201306877/messages duration=421.595µs
2026/10/10 14:59:34 INFO request method=POST path=/rooms/201306877/messages duration=385.239µs
2026/10/10 14:59:34 INFO request method=POST path=/rooms/201306877/messages duration=400.683µs
2026/10/10 14:59:34 INFO request method=POST path=/rooms/201306877/messages duration=412.768µs
2026/10/10 14:59:34 INFO request method=POST path=/rooms/201306877/messages duration=374.733µs
2026/10/10 14:59:34 INFO request method=POST path=/rooms/201306877/messages duration=398.06µs
2026/10/10 14:59:34 INFO request method=POST path=/rooms/201306877/messages duration=428.439µs
2026/10/10 14:59:34 INFO request method=POST path=/rooms/201306877/messages duration=417.123µs
2026/10/10 14:59:34 INFO request method=POST path=/rooms/201306877/messages duration=427.087µs
2026/10/10 14:59:34 INFO request method=POST path=/rooms/201306877/messages duration=422.353µs
2026/10/10 14:59:34 INFO request method=POST path=/rooms/201306877/messages duration=383.21µs
2026/10/10 14:59:34 INFO request method=POST path=/rooms/201306877/messages duration=390.397µs
2026/10/10 14:59:34 INFO request method=POST path=/rooms/201306877/messages duration=390.188µs
2026/10/10 14:59:34 INFO request method=POST path=/rooms/201306877/messages duration=501.396µs
2026/10/10 14:59:34 INFO request method=POST path=/rooms/201306877/messages duration=442.612µs
2026/10/10 14:59:34 INFO request method=POST path=/rooms/201306877/messages duration=444.625µs
2026/10/10 14:59:34 INFO request method=POST path=/rooms/201306877/messages duration=406.836µs
2026/10/10 14:59:34 INFO request method=POST path=/rooms/201306877/messages duration=407.301µs
2026/10/10 14:59:34 INFO request method=POST path=/rooms/201306877/messages duration=437.276µs
2026/10/10 14:59:34 INFO request method=POST path=/rooms/201306877/messages duration=401.026µs
2026/10/10 14:59:34 INFO request method=POST path=/rooms/201306877/messages duration=430.963µs
2026/10/10 14:59:34 INFO request method=POST path=/rooms/201306877/messages duration=429.564µs
2026/10/10 14:59:34 INFO request method=POST path=/rooms/201306877/messages duration=406.529µs
2026/10/10 14:59:34 INFO request method=POST path=/rooms/201306877/messages duration=412.946µs
2026/10/10 14:59:34 INFO request method=POST path=/rooms/201306877/messages duration=411.965µs
2026/10/10 14:59:34 INFO request method=POST path=/rooms/201306877/messages duration=427.505µs
2026/10/10 14:59:34 INFO request method=POST path=/rooms/201306877/messages duration=414.102µs
2026/10/10 14:59:34 INFO request method=POST path=/rooms/201306877/messages duration=453.434µs
2026/10/10 14:59:34 INFO request method=POST path=/rooms/201306877/messages duration=554.639µs
2026/10/10 14:59:34 INFO request method=POST path=/rooms/201306877/messages duration=427.46µs
2026/10/10 14:59:34 INFO request method=POST path=/rooms/201306877/messages duration=410.869µs
2026/10/10 14:59:34 INFO request method=POST path=/rooms/201306877/messages duration=387.086µs
2026/10/10 14:59:34 INFO request method=POST path=/rooms/201306877/messages duration=456.338µs
2026/10/10 14:59:34 INFO request method=POST path=/rooms/201306877/messages duration=377.682µs
2026/10/10 14:59:34 INFO request method=POST path=/rooms/201306877/messages duration=400.23µs
2026/10/10 14:59:34 INFO request method=POST path=/rooms/201306877/messages duration=384.857µs
2026/10/10 14:59:34 INFO request method=POST path=/rooms/201306877/messages duration=417.172µs
2026/10/10 14:59:34 INFO request method=POST path=/rooms/201306877/messages duration=415.099µs
2026/10/10 14:59:34 INFO request method=POST path=/rooms/201306877/messages duration=458.239µs
2026/10/10 14:59:34 INFO request method=POST path=/rooms/201306877/messages duration=428.444µs
2026/10/10 14:59:34 INFO request method=POST path=/rooms/201306877/messages duration=526.745µs
2026/10/10 14:59:34 INFO request method=POST path=/rooms/201306877/messages duration=406.398µs
2026/10/10 14:59:34 INFO request method=POST path=/rooms/201306877/messages duration=442.88µs
2026/10/10 14:59:34 INFO request method=POST path=/rooms/201306877/messages duration=396.407µs
2026/10/10 14:59:34 INFO request method=POST path=/rooms/201306877/messages duration=437.184µs
2026/10/10 14:59:34 INFO request method=POST path=/rooms/201306877/messages duration=418.249µs
2026/10/10 14:59:34 INFO request method=POST path=/rooms/201306877/messages duration=431.851µs
2026/10/10 14:59:34 INFO request method=POST path=/rooms/201306877/messages duration=513.32µs
2026/10/10 14:59:34 INFO request method=POST path=/rooms/201306877/messages duration=429.614µs
2026/10/10 14:59:34 INFO request method=POST path=/rooms/201306877/messages duration=401.227µs
2026/10/10 14:59:34 INFO request method=POST path=/rooms/201306877/messages duration=445.497µs
2026/10/10 14:59:34 INFO request method=POST path=/rooms/201306877/messages duration=427.201µs
2026/10/10 14:59:34 INFO request method=POST path=/rooms/201306877/messages duration=425.207µs
2026/10/10 14:59:34 INFO request method=POST path=/rooms/201306877/messages duration=406.656µs
2026/10/10 14:59:34 INFO request method=POST path=/rooms/201306877/messages duration=394.945µs
2026/10/10 14:59:34 INFO request method=POST path=/rooms/201306877/messages duration=406.034µs
2026/10/10 14:59:34 INFO request method=POST path=/rooms/201306877/messages duration=429.246µs
2026/10/10 14:59:34 INFO request method=POST path=/rooms/201306877/messages duration=439.989µs
2026/10/10 14:59:34 INFO request method=POST path=/rooms/201306877/messages duration=432.959µs
2026/10/10 14:59:34 INFO request method=POST path=/rooms/201306877/messages duration=424.235µs
2026/10/10 14:59:34 INFO request method=POST path=/rooms/201306877/messages duration=417.868µs
2026/10/10 14:59:34 INFO request method=POST path=/rooms/201306877/messages duration=438.496µs
2026/10/10 14:59:34 INFO request method=POST path=/rooms/201306877/messages duration=573.48µs
2026/10/10 14:59:34 INFO request method=POST path=/rooms/201306877/messages duration=475.503µs
2026/10/10 14:59:34 INFO request method=POST path=/rooms/201306877/messages duration=465.316µs
2026/10/10 14:59:34 INFO request method=POST path=/rooms/201306877/messages duration=448.432µs
2026/10/10 14:59:34 INFO request method=POST path=/rooms/201306877/messages duration=460.027µs
2026/10/10 14:59:34 INFO request method=POST path=/rooms/201306877/messages duration=470.574µs
2026/10/10 14:59:34 INFO request method=POST path=/rooms/201306877/messages duration=448.294µs
2026/10/10 14:59:34 INFO request method=POST path=/rooms/201306877/messages duration=458.24µs
2026/10/10 14:59:34 INFO request method=POST path=/rooms/201306877/messages duration=467.799µs
2026/10/10 14:59:34 INFO request method=POST path=/rooms/201306877/messages duration=465.184µs
2026/10/10 14:59:34 INFO request method=POST path=/rooms/201306877/messages duration=476.186µs
2026/10/10 14:59:34 INFO request method=POST path=/rooms/201306877/messages duration=456.868µs
2026/10/10 14:59:34 INFO request method=POST path=/rooms/201306877/messages duration=446.898µs
2026/10/10 14:59:34 INFO request method=POST path=/rooms/201306877/messages duration=434.323µs
2026/10/10 14:59:34 INFO request method=POST path=/rooms/201306877/messages duration=434.645µs
2026/10/10 14:59:34 INFO request method=POST path=/rooms/201306877/messages duration=544.951µs
2026/10/10 14:59:34 INFO request method=POST path=/rooms/201306877/messages duration=451.246µs
2026/10/10 14:59:34 INFO request method=POST path=/rooms/201306877/messages duration=429.034µs
2026/10/10 14:59:34 INFO request method=POST path=/rooms/201306877/messages duration=423.372µs
2026/10/10 14:59:34 INFO request method=POST path=/rooms/201306877/messages duration=424.538µs
2026/10/10 14:59:34 INFO request method=POST path=/rooms/201306877/messages duration=435.538µs
2026/10/10 14:59:34 INFO request method=POST path=/rooms/201306877/messages duration=452.641µs
2026/10/10 14:59:34 INFO request method=POST path=/rooms/201306877/messages duration=431.299µs
2026/10/10 14:59:34 INFO request method=POST path=/rooms/201306877/messages duration=431.599µs
2026/10/10 14:59:34 INFO request method=POST path=/rooms/201306877/messages duration=412.827µs
2026/10/10 14:59:34 INFO request method=POST path=/rooms/201306877/messages duration=371.421µs
2026/10/10 14:59:34 INFO request method=POST path=/rooms/201306877/messages duration=354.469µs
2026/10/10 14:59:34 INFO request method=POST path=/rooms/201306877/messages duration=372.012µs
2026/10/10 14:59:34 INFO request method=POST path=/rooms/201306877/messages duration=387.101µs
2026/10/10 14:59:34 INFO request method=POST path=/rooms/201306877/messages duration=381.647µs
2026/10/10 14:59:34 INFO request method=POST path=/rooms/201306877/messages duration=371.097µs
2026/10/10 14:59:34 INFO request method=POST path=/rooms/201306877/messages duration=417.275µs
2026/10/10 14:59:34 INFO request method=POST path=/rooms/201306877/messages duration=387.257µs
2026/10/10 14:59:34 INFO request method=POST path=/rooms/201306877/messages duration=402.651µs
2026/10/10 14:59:34 INFO request method=POST path=/rooms/201306877/messages duration=407.298µs
2026/10/10 14:59:34 INFO request method=POST path=/rooms/201306877/messages duration=383.109µs
2026/10/10 14:59:34 INFO request method=POST path=/rooms/201306877/messages duration=488.62µs
2026/10/10 14:59:34 INFO request method=POST path=/rooms/201306877/messages duration=387.628µs
2026/10/10 14:59:34 INFO request method=POST path=/rooms/201306877/messages duration=398.083µs
2026/10/10 14:59:34 INFO request method=POST path=/rooms/201306877/messages duration=407.848µs
2026/10/10 14:59:34 INFO request method=POST path=/rooms/201306877/messages duration=399.401µs
2026/10/10 14:59:34 INFO request method=POST path=/rooms/201306877/messages duration=395.301µs
2026/10/10 14:59:34 INFO request method=POST path=/rooms/201306877/messages duration=406.302µs
2026/10/10 14:59:34 INFO request method=POST path=/rooms/201306877/messages duration=377.702µs
2026/10/10 14:59:34 INFO request method=POST path=/rooms/201306877/messages duration=403.777µs
2026/10/10 14:59:34 INFO request method=POST path=/rooms/201306877/messages duration=447.391µs
2026/10/10 14:59:34 INFO request method=POST path=/rooms/201306877/messages duration=424.531µs
2026/10/10 14:59:34 INFO request method=POST path=/rooms/201306877/messages duration=468.317µs
2026/10/10 14:59:34 INFO request method=POST path=/rooms/201306877/messages duration=448.477µs
2026/10/10 14:59:34 INFO request method=POST path=/rooms/201306877/messages duration=485.708µs
2026/10/10 14:59:34 INFO request method=POST path=/rooms/201306877/messages duration=460.183µs
2026/10/10 14:59:34 INFO request method=POST path=/rooms/201306877/messages duration=463.569µs
2026/10/10 14:59:34 INFO request method=POST path=/rooms/201306877/messages duration=433.706µs
2026/10/10 14:59:34 INFO request method=POST path=/rooms/201306877/messages duration=460.913µs
2026/10/10 14:59:34 INFO request method=POST path=/rooms/201306877/messages duration=444.508µs
2026/10/10 14:59:34 INFO request method=POST path=/rooms/201306877/messages duration=458.679µs
2026/10/10 14:59:34 INFO request method=POST path=/rooms/201306877/messages duration=467.515µs
2026/10/10 14:59:34 INFO request method=POST path=/rooms/201306877/messages duration=483.878µs
2026/10/10 14:59:34 INFO request method=POST path=/rooms/201306877/messages duration=446.376µs
2026/10/10 14:59:34 INFO request method=POST path=/rooms/201306877/messages duration=478.234µs
2026/10/10 14:59:34 INFO request method=POST path=/rooms/201306877/messages duration=467.653µs
2026/10/10 14:59:34 INFO request method=POST path=/rooms/201306877/messages duration=485.188µs
2026/10/10 14:59:34 INFO request method=POST path=/rooms/201306877/messages duration=508.209µs
2026/10/10 14:59:34 INFO request method=POST path=/rooms/201306877/messages duration=464.794µs
2026/10/10 14:59:34 INFO request method=POST path=/rooms/201306877/messages duration=496.397µs
2026/10/10 14:59:34 INFO request method=POST path=/rooms/201306877/messages duration=466.242µs
2026/10/10 14:59:34 INFO request method=POST path=/rooms/201306877/messages duration=442.089µs
2026/10/10 14:59:34 INFO request method=POST path=/rooms/201306877/messages duration=464.103µs
2026/10/10 14:59:34 INFO request method=POST path=/rooms/201306877/messages duration=453.345µs
2026/10/10 14:59:34 INFO request method=POST path=/rooms/201306877/messages duration=453.189µs
2026/10/10 14:59:34 INFO request method=POST path=/rooms/201306877/messages duration=430.028µs
2026/10/10 14:59:34 INFO request method=POST path=/rooms/201306877/messages duration=443.26µs
2026/10/10 14:59:34 INFO request method=POST path=/rooms/201306877/messages duration=456.838µs
2026/10/10 14:59:34 INFO request method=POST path=/rooms/201306877/messages duration=445.24µs
2026/10/10 14:59:34 INFO request method=POST path=/rooms/201306877/messages duration=436.086µs
2026/10/10 14:59:34 INFO request method=POST path=/rooms/201306877/messages duration=684.133µs
2026/10/10 14:59:34 INFO request method=POST path=/rooms/201306877/messages duration=642.357µs
2026/10/10 14:59:34 INFO request method=POST path=/rooms/201306877/messages duration=512.563µs
2026/10/10 14:59:34 INFO request method=POST path=/rooms/201306877/messages duration=536.416µs
gc 25 @4.294s 0%: 0.050+1.5+0.010 ms clock, 0.20+0.068/1.4/0.63+0.041 ms cpu, 57->58->31 MB, 60 MB goal, 0 MB stacks, 0 MB globals, 4 P
2026/10/10 14:59:34 INFO request method=POST path=/rooms/201306877/messages duration=619.57µs
2026/10/10 14:59:34 INFO request method=POST path=/rooms/201306877/messages duration=507.943µs
2026/10/10 14:59:34 INFO request method=POST path=/rooms/201306877/messages duration=451.937µs
2026/10/10 14:59:34 INFO request method=POST path=/rooms/201306877/messages duration=463.709µs
2026/10/10 14:59:34 INFO request method=POST path=/rooms/201306877/messages duration=446.572µs
2026/10/10 14:59:34 INFO request method=POST path=/rooms/201306877/messages duration=403.631µs
2026/10/10 14:59:34 INFO request method=POST path=/rooms/201306877/messages duration=388.089µs
2026/10/10 14:59:34 INFO request method=POST path=/rooms/201306877/messages duration=385.189µs
2026/10/10 14:59:34 INFO request method=POST path=/rooms/201306877/messages duration=392.878µs
2026/10/10 14:59:34 INFO request method=POST path=/rooms/201306877/messages duration=390.991µs
2026/10/10 14:59:34 INFO request method=POST path=/rooms/201306877/messages duration=383.235µs
2026/10/10 14:59:34 INFO request method=POST path=/rooms/201306877/messages duration=445.175µs
2026/10/10 14:59:34 INFO request method=POST path=/rooms/201306877/messages duration=335.523µs
2026/10/10 14:59:34 INFO request method=POST path=/rooms/201306877/messages duration=343.395µs
2026/10/10 14:59:34 INFO request method=POST path=/rooms/201306877/messages duration=327.774µs
2026/10/10 14:59:34 INFO request method=POST path=/rooms/201306877/messages duration=365.473µs
2026/10/10 14:59:34 INFO request method=POST path=/rooms/201306877/messages duration=331.455µs
2026/10/10 14:59:34 INFO request method=POST path=/rooms/201306877/messages duration=343.509µs
2026/10/10 14:59:34 INFO request method=POST path=/rooms/201306877/messages duration=346.899µs
2026/10/10 14:59:34 INFO request method=POST path=/rooms/201306877/messages duration=367.075µs
2026/10/10 14:59:34 INFO request method=POST path=/rooms/201306877/messages duration=339.533µs
2026/10/10 14:59:34 INFO request method=POST path=/rooms/201306877/messages duration=336.699µs
2026/10/10 14:59:34 INFO request method=POST path=/rooms/201306877/messages duration=332.843µs
2026/10/10 14:59:34 INFO request method=POST path=/rooms/201306877/messages duration=329.287µs
2026/10/10 14:59:34 INFO request method=POST path=/rooms/201306877/messages duration=335.09µs
2026/10/10 14:59:34 INFO request method=POST path=/rooms/201306877/messages duration=339.162µs
2026/10/10 14:59:34 INFO request method=POST path=/rooms/201306877/messages duration=335.672µs
2026/10/10 14:59:34 INFO request method=POST path=/rooms/201306877/messages duration=379.184µs
2026/10/10 14:59:34 INFO request method=POST path=/rooms/201306877/messages duration=372.407µs
2026/10/10 14:59:34 INFO request method=POST path=/rooms/201306877/messages duration=346.481µs
2026/10/10 14:59:34 INFO request method=POST path=/rooms/201306877/messages duration=372.516µs
2026/10/10 14:59:34 INFO request method=POST path=/rooms/201306877/messages duration=360.421µs
2026/10/10 14:59:34 INFO request method=POST path=/rooms/201306877/messages duration=368.416µs
2026/10/10 14:59:34 INFO request method=POST path=/rooms/201306877/messages duration=395.339µs
2026/10/10 14:59:34 INFO request method=POST path=/rooms/201306877/messages duration=437.692µs
2026/10/10 14:59:34 INFO request method=POST path=/rooms/201306877/messages duration=389.221µs
2026/10/10 14:59:34 INFO request method=POST path=/rooms/201306877/messages duration=383.085µs
2026/10/10 14:59:34 INFO request method=POST path=/rooms/201306877/messages duration=389.337µs
2026/10/10 14:59:34 INFO request method=POST path=/rooms/201306877/messages duration=399.682µs
2026/10/10 14:59:34 INFO request method=POST path=/rooms/201306877/messages duration=401.906µs
2026/10/10 14:59:34 INFO request method=POST path=/rooms/201306877/messages duration=402.689µs
2026/10/10 14:59:34 INFO request method=POST path=/rooms/201306877/messages duration=389.793µs
2026/10/10 14:59:34 INFO request method=POST path=/rooms/201306877/messages duration=416.714µs
2026/10/10 14:59:34 INFO request method=POST path=/rooms/201306877/messages duration=403.153µs
2026/10/10 14:59:34 INFO request method=POST path=/rooms/201306877/messages duration=405.313µs
2026/10/10 14:59:34 INFO request method=POST path=/rooms/201306877/messages duration=388.108µs
2026/10/10 14:59:34 INFO request method=POST path=/rooms/201306877/messages duration=376.273µs
2026/10/10 14:59:34 INFO request method=POST path=/rooms/201306877/messages duration=392.707µs
2026/10/10 14:59:34 INFO request method=POST path=/rooms/201306877/messages duration=397.573µs
2026/10/10 14:59:34 INFO request method=POST path=/rooms/201306877/messages duration=421.158µs
2026/10/10 14:59:34 INFO request method=POST path=/rooms/201306877/messages duration=395.917µs
2026/10/10 14:59:34 INFO request method=POST path=/rooms/201306877/messages duration=402.864µs
2026/10/10 14:59:34 INFO request method=POST path=/rooms/201306877/messages duration=381.134µs
2026/10/10 14:59:34 INFO request method=POST path=/rooms/201306877/messages duration=379.602µs
2026/10/10 14:59:34 INFO request method=POST path=/rooms/201306877/messages duration=387.424µs
2026/10/10 14:59:34 INFO request method=POST path=/rooms/201306877/messages duration=387.815µs
2026/10/10 14:59:34 INFO request method=POST path=/rooms/201306877/messages duration=388.293µs
2026/10/10 14:59:34 INFO request method=POST path=/rooms/201306877/messages duration=388.912µs
2026/10/10 14:59:34 INFO request method=POST path=/rooms/201306877/messages duration=400.194µs
2026/10/10 14:59:34 INFO request method=POST path=/rooms/201306877/messages duration=404.252µs
2026/10/10 14:59:34 INFO request method=POST path=/rooms/201306877/messages duration=381.878µs
2026/10/10 14:59:34 INFO request method=POST path=/rooms/201306877/messages duration=374.967µs
2026/10/10 14:59:34 INFO request method=POST path=/rooms/201306877/messages duration=401.947µs
2026/10/10 14:59:34 INFO request method=POST path=/rooms/201306877/messages duration=419.946µs
2026/10/10 14:59:34 INFO request method=POST path=/rooms/201306877/messages duration=442.687µs
2026/10/10 14:59:34 INFO request method=POST path=/rooms/201306877/messages duration=418.845µs
2026/10/10 14:59:34 INFO request method=POST path=/rooms/201306877/messages duration=477.353µs
2026/10/10 14:59:34 INFO request method=POST path=/rooms/201306877/messages duration=393.363µs
2026/10/10 14:59:34 INFO request method=POST path=/rooms/201306877/messages duration=376.815µs
2026/10/10 14:59:34 INFO request method=POST path=/rooms/201306877/messages duration=377.443µs
2026/10/10 14:59:34 INFO request method=POST path=/rooms/201306877/messages duration=381.732µs
2026/10/10 14:59:34 INFO request method=POST path=/rooms/201306877/messages duration=396.517µs
2026/10/10 14:59:34 INFO request method=POST path=/rooms/201306877/messages duration=398.341µs
2026/10/10 14:59:34 INFO request method=POST path=/rooms/201306877/messages duration=383.768µs
2026/10/10 14:59:34 INFO request method=POST path=/rooms/201306877/messages duration=389.306µs
2026/10/10 14:59:34 INFO request method=POST path=/rooms/201306877/messages duration=395.949µs
2026/10/10 14:59:34 INFO request method=POST path=/rooms/201306877/messages duration=412.038µs
2026/10/10 14:59:34 INFO request method=POST path=/rooms/201306877/messages duration=401.7µs
2026/10/10 14:59:34 INFO request method=POST path=/rooms/201306877/messages duration=425.824µs
2026/10/10 14:59:34 INFO request method=POST path=/rooms/201306877/messages duration=504.188µs
2026/10/10 14:59:34 INFO request method=POST path=/rooms/201306877/messages duration=406.562µs
2026/10/10 14:59:34 INFO request method=POST path=/rooms/201306877/messages duration=391.634µs
2026/10/10 14:59:34 INFO request method=POST path=/rooms/201306877/messages duration=397.25µs
2026/10/10 14:59:34 INFO request method=POST path=/rooms/201306877/messages duration=465.85µs
2026/10/10 14:59:34 INFO request method=POST path=/rooms/201306877/messages duration=391.089µs
2026/10/10 14:59:34 INFO request method=POST path=/rooms/201306877/messages duration=422.489µs
2026/10/10 14:59:34 INFO request method=POST path=/rooms/201306877/messages duration=383.043µs
2026/10/10 14:59:34 INFO request method=POST path=/rooms/201306877/messages duration=429.034µs
2026/10/10 14:59:34 INFO request method=POST path=/rooms/201306877/messages duration=401.212µs
2026/10/10 14:59:34 INFO request method=POST path=/rooms/201306877/messages duration=411.281µs
2026/10/10 14:59:34 INFO request method=POST path=/rooms/201306877/messages duration=375.709µs
2026/10/10 14:59:34 INFO request method=POST path=/rooms/201306877/messages duration=392.39µs
2026/10/10 14:59:34 INFO request method=POST path=/rooms/201306877/messages duration=394.187µs
2026/10/10 14:59:34 INFO request method=POST path=/rooms/201306877/messages duration=405.995µs
2026/10/10 14:59:34 INFO request method=POST path=/rooms/201306877/messages duration=390.239µs
2026/10/10 14:59:34 INFO request method=POST path=/rooms/201306877/messages duration=409.638µs
2026/10/10 14:59:34 INFO request method=POST path=/rooms/201306877/messages duration=373.171µs
2026/10/10 14:59:34 INFO request method=POST path=/rooms/201306877/messages duration=403.904µs
2026/10/10 14:59:34 INFO request method=POST path=/rooms/201306877/messages duration=476.372µs
2026/10/10 14:59:34 INFO request method=POST path=/rooms/201306877/messages duration=431.139µs
2026/10/10 14:59:34 INFO request method=POST path=/rooms/201306877/messages duration=406.735µs
2026/10/10 14:59:34 INFO request method=POST path=/rooms/201306877/messages duration=401.981µs
2026/10/10 14:59:34 INFO request method=POST path=/rooms/201306877/messages duration=388.077µs
2026/10/10 14:59:34 INFO request method=POST path=/rooms/201306877/messages duration=422.508µs
2026/10/10 14:59:34 INFO request method=POST path=/rooms/201306877/messages duration=415.751µs
2026/10/10 14:59:34 INFO request method=POST path=/rooms/201306877/messages duration=419.651µs
2026/10/10 14:59:34 INFO request method=POST path=/rooms/201306877/messages duration=424.978µs
2026/10/10 14:59:34 INFO request method=POST path=/rooms/201306877/messages duration=423.29µs
2026/10/10 14:59:34 INFO request method=POST path=/rooms/201306877/messages duration=437.922µs
2026/10/10 14:59:34 INFO request method=POST path=/rooms/201306877/messages duration=409.209µs
2026/10/10 14:59:34 INFO request method=POST path=/rooms/201306877/messages duration=474.092µs
2026/10/10 14:59:34 INFO request method=POST path=/rooms/201306877/messages duration=440.892µs
2026/10/10 14:59:34 INFO request method=POST path=/rooms/201306877/messages duration=436.866µs
2026/10/10 14:59:34 INFO request method=POST path=/rooms/201306877/messages duration=489.147µs
2026/10/10 14:59:34 INFO request method=POST path=/rooms/201306877/messages duration=405.784µs
2026/10/10 14:59:34 INFO request method=POST path=/rooms/201306877/messages duration=380.34µs
2026/10/10 14:59:34 INFO request method=POST path=/rooms/201306877/messages duration=425.304µs
2026/10/10 14:59:34 INFO request method=POST path=/rooms/201306877/messages duration=408.905µs
2026/10/10 14:59:34 INFO request method=POST path=/rooms/201306877/messages duration=369.744µs
2026/10/10 14:59:34 INFO request method=POST path=/rooms/201306877/messages duration=395.399µs
2026/10/10 14:59:34 INFO request method=POST path=/rooms/201306877/messages duration=478.139µs
2026/10/10 14:59:34 INFO request method=POST path=/rooms/201306877/messages duration=382.413µs
2026/10/10 14:59:34 INFO request method=POST path=/rooms/201306877/messages duration=371.64µs
2026/10/10 14:59:34 INFO request method=POST path=/rooms/201306877/messages duration=363.131µs
2026/10/10 14:59:34 INFO request method=POST path=/rooms/201306877/messages duration=375.728µs
2026/10/10 14:59:34 INFO request method=POST path=/rooms/201306877/messages duration=363.359µs
2026/10/10 14:59:34 INFO request method=POST path=/rooms/201306877/messages duration=347.601µs
2026/10/10 14:59:34 INFO request method=POST path=/rooms/201306877/messages duration=362.156µs
2026/10/10 14:59:34 INFO request method=POST path=/rooms/201306877/messages duration=448.331µs
2026/10/10 14:59:34 INFO request method=POST path=/rooms/201306877/messages duration=388.962µs
2026/10/10 14:59:34 INFO request method=POST path=/rooms/201306877/messages duration=367.029µs
2026/10/10 14:59:34 INFO request method=POST path=/rooms/201306877/messages duration=376.28µs
2026/10/10 14:59:34 INFO request method=POST path=/rooms/201306877/messages duration=370.927µs
2026/10/10 14:59:34 INFO request method=POST path=/rooms/201306877/messages duration=364.207µs
2026/10/10 14:59:34 INFO request method=POST path=/rooms/201306877/messages duration=385.688µs
2026/10/10 14:59:34 INFO request method=POST path=/rooms/201306877/messages duration=362.118µs
2026/10/10 14:59:44 INFO request method=POST path=/rooms/201306877/messages duration=381.724µs
2026/10/10 14:59:44 INFO request method=POST path=/rooms/201306877/messages duration=385.681µs
2026/10/10 14:59:44 INFO request method=POST path=/rooms/201306877/messages duration=395.688µs
2026/10/10 14:59:44 INFO request method=POST path=/rooms/201306877/messages duration=444.347µs
2026/10/10 14:59:44 INFO request method=POST path=/rooms/201306877/messages duration=515.579µs
2026/10/10 14:59:44 INFO request method=POST path=/rooms/201306877/messages duration=463.181µs
2026/10/10 14:59:44 INFO request method=POST path=/rooms/201306877/messages duration=443.631µs
2026/10/10 14:59:44 INFO request method=POST path=/rooms/201306877/messages duration=443.271µs
2026/10/10 14:59:44 INFO request method=POST path=/rooms/201306877/messages duration=473.789µs
2026/10/10 14:59:44 INFO request method=POST path=/rooms/201306877/messages duration=448.046µs
2026/10/10 14:59:44 INFO request method=POST path=/rooms/201306877/messages duration=443.086µs
2026/10/10 14:59:44 INFO request method=POST path=/rooms/201306877/messages duration=425.18µs
2026/10/10 14:59:44 INFO request method=POST path=/rooms/201306877/messages duration=441.255µs
2026/10/10 14:59:44 INFO request method=POST path=/rooms/201306877/messages duration=412.734µs
2026/10/10 14:59:44 INFO request method=POST path=/rooms/201306877/messages duration=451.21µs
2026/10/10 14:59:44 INFO request method=POST path=/rooms/201306877/messages duration=418.936µs
2026/10/10 14:59:44 INFO request method=POST path=/rooms/201306877/messages duration=421.643µs
2026/10/10 14:59:44 INFO request method=POST path=/rooms/201306877/messages duration=432.12µs
2026/10/10 14:59:44 INFO request method=POST path=/rooms/201306877/messages duration=446.379µs
2026/10/10 14:59:44 INFO request method=POST path=/rooms/201306877/messages duration=488.146µs
2026/10/10 14:59:44 INFO request method=POST path=/rooms/201306877/messages duration=477.406µs
2026/10/10 14:59:44 INFO request method=POST path=/rooms/201306877/messages duration=469.935µs
2026/10/10 14:59:44 INFO request method=POST path=/rooms/201306877/messages duration=471.225µs
2026/10/10 14:59:44 INFO request method=POST path=/rooms/201306877/messages duration=500.646µs
2026/10/10 14:59:44 INFO request method=POST path=/rooms/201306877/messages duration=427.448µs
2026/10/10 14:59:44 INFO request method=POST path=/rooms/201306877/messages duration=435.414µs
2026/10/10 14:59:44 INFO request method=POST path=/rooms/201306877/messages duration=431.32µs
2026/10/10 14:59:44 INFO request method=POST path=/rooms/201306877/messages duration=450.085µs
2026/10/10 14:59:44 INFO request method=POST path=/rooms/201306877/messages duration=447.532µs
2026/10/10 14:59:44 INFO request method=POST path=/rooms/201306877/messages duration=445.431µs
2026/10/10 14:59:44 INFO request method=POST path=/rooms/201306877/messages duration=423.488µs
2026/10/10 14:59:44 INFO request method=POST path=/rooms/201306877/messages duration=529.506µs
2026/10/10 14:59:44 INFO request method=POST path=/rooms/201306877/messages duration=393.894µs
2026/10/10 14:59:44 INFO request method=POST path=/rooms/201306877/messages duration=411.856µs
2026/10/10 14:59:44 INFO request method=POST path=/rooms/201306877/messages duration=419.532µs
2026/10/10 14:59:44 INFO request method=POST path=/rooms/201306877/messages duration=404.926µs
2026/10/10 14:59:44 INFO request method=POST path=/rooms/201306877/messages duration=390.178µs
2026/10/10 14:59:44 INFO request method=POST path=/rooms/201306877/messages duration=411.845µs
2026/10/10 14:59:44 INFO request method=POST path=/rooms/201306877/messages duration=491.968µs
2026/10/10 14:59:44 INFO request method=POST path=/rooms/201306877/messages duration=426.59µs
2026/10/10 14:59:44 INFO request method=POST path=/rooms/201306877/messages duration=435.312µs
2026/10/10 14:59:44 INFO request method=POST path=/rooms/201306877/messages duration=422.657µs
2026/10/10 14:59:44 INFO request method=POST path=/rooms/201306877/messages duration=393.871µs
2026/10/10 14:59:44 INFO request method=POST path=/rooms/201306877/messages duration=397.669µs
2026/10/10 14:59:44 INFO request method=POST path=/rooms/201306877/messages duration=410.571µs
2026/10/10 14:59:44 INFO request method=POST path=/rooms/201306877/messages duration=397.852µs
2026/10/10 14:59:44 INFO request method=POST path=/rooms/201306877/messages duration=413.971µs
2026/10/10 14:59:44 INFO request method=POST path=/rooms/201306877/messages duration=370.886µs
2026/10/10 14:59:44 INFO request method=POST path=/rooms/201306877/messages duration=392.033µs
2026/10/10 14:59:44 INFO request method=POST path=/rooms/201306877/messages duration=383.527µs
2026/10/10 14:59:44 INFO request method=POST path=/rooms/201306877/messages duration=372.731µs
2026/10/10 14:59:44 INFO request method=POST path=/rooms/201306877/messages duration=396.881µs
2026/10/10 14:59:44 INFO request method=POST path=/rooms/201306877/messages duration=400.23µs
2026/10/10 14:59:44 INFO request method=POST path=/rooms/201306877/messages duration=457.636µs
2026/10/10 14:59:44 INFO request method=POST path=/rooms/201306877/messages duration=393.384µs
2026/10/10 14:59:44 INFO request method=POST path=/rooms/201306877/messages duration=408.095µs
2026/10/10 14:59:44 INFO request method=POST path=/rooms/201306877/messages duration=402.833µs
2026/10/10 14:59:44 INFO request method=POST path=/rooms/201306877/messages duration=421.829µs
2026/10/10 14:59:44 INFO request method=POST path=/rooms/201306877/messages duration=502.094µs
2026/10/10 14:59:44 INFO request method=POST path=/rooms/201306877/messages duration=431.403µs
2026/10/10 14:59:44 INFO request method=POST path=/rooms/201306877/messages duration=440.041µs
2026/10/10 14:59:44 INFO request method=POST path=/rooms/201306877/messages duration=420.102µs
2026/10/10 14:59:44 INFO request method=POST path=/rooms/201306877/messages duration=443.573µs
2026/10/10 14:59:44 INFO request method=POST path=/rooms/201306877/messages duration=445.933µs
2026/10/10 14:59:44 INFO request method=POST path=/rooms/201306877/messages duration=444.828µs
2026/10/10 14:59:44 INFO request method=POST path=/rooms/201306877/messages duration=457.41µs
2026/10/10 14:59:44 INFO request method=POST path=/rooms/201306877/messages duration=469.165µs
2026/10/10 14:59:44 INFO request method=POST path=/rooms/201306877/messages duration=451.324µs
2026/10/10 14:59:44 INFO request method=POST path=/rooms/201306877/messages duration=569.71µs
2026/10/10 14:59:44 INFO request method=POST path=/rooms/201306877/messages duration=481.208µs
2026/10/10 14:59:44 INFO request method=POST path=/rooms/201306877/messages duration=475.193µs
2026/10/10 14:59:44 INFO request method=POST path=/rooms/201306877/messages duration=431.682µs
2026/10/10 14:59:44 INFO request method=POST path=/rooms/201306877/messages duration=488.244µs
2026/10/10 14:59:44 INFO request method=POST path=/rooms/201306877/messages duration=445.331µs
2026/10/10 14:59:44 INFO request method=POST path=/rooms/201306877/messages duration=425.184µs
2026/10/10 14:59:44 INFO request method=POST path=/rooms/201306877/messages duration=438.261µs
2026/10/10 14:59:44 INFO request method=POST path=/rooms/201306877/messages duration=457.588µs
2026/10/10 14:59:44 INFO request method=POST path=/rooms/201306877/messages duration=429.023µs
2026/10/10 14:59:44 INFO request method=POST path=/rooms/201306877/messages duration=421.774µs
2026/10/10 14:59:44 INFO request method=POST path=/rooms/201306877/messages duration=459.308µs
2026/10/10 14:59:44 INFO request method=POST path=/rooms/201306877/messages duration=416.696µs
2026/10/10 14:59:44 INFO request method=POST path=/rooms/201306877/messages duration=407.91µs
2026/10/10 14:59:44 INFO request method=POST path=/rooms/201306877/messages duration=401.823µs
2026/10/10 14:59:44 INFO request method=POST path=/rooms/201306877/messages duration=375.543µs
2026/10/10 14:59:44 INFO request method=POST path=/rooms/201306877/messages duration=404.018µs
2026/10/10 14:59:44 INFO request method=POST path=/rooms/201306877/messages duration=378.465µs
2026/10/10 14:59:44 INFO request method=POST path=/rooms/201306877/messages duration=373.202µs
2026/10/10 14:59:44 INFO request method=POST path=/rooms/201306877/messages duration=440.299µs
2026/10/10 14:59:44 INFO request method=POST path=/rooms/201306877/messages duration=472.64µs
2026/10/10 14:59:44 INFO request method=POST path=/rooms/201306877/messages duration=369.748µs
2026/10/10 14:59:44 INFO request method=POST path=/rooms/201306877/messages duration=371.867µs
2026/10/10 14:59:44 INFO request method=POST path=/rooms/201306877/messages duration=363.107µs
2026/10/10 14:59:44 INFO request method=POST path=/rooms/201306877/messages duration=386.894µs
2026/10/10 14:59:44 INFO request method=POST path=/rooms/201306877/messages duration=355.147µs
2026/10/10 14:59:44 INFO request method=POST path=/rooms/201306877/messages duration=378.795µs
2026/10/10 14:59:44 INFO request method=POST path=/rooms/201306877/messages duration=391.621µs
2026/10/10 14:59:44 INFO request method=POST path=/rooms/201306877/messages duration=371.738µs
2026/10/10 14:59:44 INFO request method=POST path=/rooms/201306877/messages duration=403.03µs
2026/10/10 14:59:44 INFO request method=POST path=/rooms/201306877/messages duration=396.881µs
2026/10/10 14:59:44 INFO request method=POST path=/rooms/201306877/messages duration=401.392µs
2026/10/10 14:59:44 INFO request method=POST path=/rooms/201306877/messages duration=399.002µs
2026/10/10 14:59:44 INFO request method=POST path=/rooms/201306877/messages duration=395.971µs
2026/10/10 14:59:44 INFO request method=POST path=/rooms/201306877/messages duration=520.791µs
2026/10/10 14:59:44 INFO request method=POST path=/rooms/201306877/messages duration=411.785µs
2026/10/10 14:59:44 INFO request method=POST path=/rooms/201306877/messages duration=413.823µs
2026/10/10 14:59:44 INFO request method=POST path=/rooms/201306877/messages duration=432.576µs
2026/10/10 14:59:44 INFO request method=POST path=/rooms/201306877/messages duration=425.843µs
2026/10/10 14:59:44 INFO request method=POST path=/rooms/201306877/messages duration=424.324µs
2026/10/10 14:59:44 INFO request method=POST path=/rooms/201306877/messages duration=416.909µs
2026/10/10 14:59:44 INFO request method=POST path=/rooms/201306877/messages duration=411.423µs
2026/10/10 14:59:44 INFO request method=POST path=/rooms/201306877/messages duration=421.028µs
2026/10/10 14:59:44 INFO request method=POST path=/rooms/201306877/messages duration=407.604µs
2026/10/10 14:59:44 INFO request method=POST path=/rooms/201306877/messages duration=421.089µs
2026/10/10 14:59:44 INFO request method=POST path=/rooms/201306877/messages duration=447.89µs
2026/10/10 14:59:44 INFO request method=POST path=/rooms/201306877/messages duration=441.445µs
2026/10/10 14:59:44 INFO request method=POST path=/rooms/201306877/messages duration=432.477µs
2026/10/10 14:59:44 INFO request method=POST path=/rooms/201306877/messages duration=426.583µs
2026/10/10 14:59:44 INFO request method=POST path=/rooms/201306877/messages duration=533.557µs
2026/10/10 14:59:44 INFO request method=POST path=/rooms/201306877/messages duration=431.666µs
2026/10/10 14:59:44 INFO request method=POST path=/rooms/201306877/messages duration=422.128µs
2026/10/10 14:59:44 INFO request method=POST path=/rooms/201306877/messages duration=457.932µs
2026/10/10 14:59:44 INFO request method=POST path=/rooms/201306877/messages duration=481.913µs
2026/10/10 14:59:44 INFO request method=POST path=/rooms/201306877/messages duration=446.885µs
2026/10/10 14:59:44 INFO request method=POST path=/rooms/201306877/messages duration=428.253µs
2026/10/10 14:59:44 INFO request method=POST path=/rooms/201306877/messages duration=464.755µs
2026/10/10 14:59:44 INFO request method=POST path=/rooms/201306877/messages duration=447.239µs
2026/10/10 14:59:44 INFO request method=POST path=/rooms/201306877/messages duration=446.419µs
2026/10/10 14:59:44 INFO request method=POST path=/rooms/201306877/messages duration=442.194µs
2026/10/10 14:59:44 INFO request method=POST path=/rooms/201306877/messages duration=449.154µs
2026/10/10 14:59:44 INFO request method=POST path=/rooms/201306877/messages duration=475.022µs
2026/10/10 14:59:44 INFO request method=POST path=/rooms/201306877/messages duration=448.791µs
2026/10/10 14:59:44 INFO request method=POST path=/rooms/201306877/messages duration=471.006µs
2026/10/10 14:59:44 INFO request method=POST path=/rooms/201306877/messages duration=446.751µs
2026/10/10 14:59:44 INFO request method=POST path=/rooms/201306877/messages duration=528.054µs
2026/10/10 14:59:44 INFO request method=POST path=/rooms/201306877/messages duration=447.938µs
2026/10/10 14:59:44 INFO request method=POST path=/rooms/201306877/messages duration=421.124µs
2026/10/10 14:59:44 INFO request method=POST path=/rooms/201306877/messages duration=493.85µs
2026/10/10 14:59:44 INFO request method=POST path=/rooms/201306877/messages duration=446.848µs
2026/10/10 14:59:44 INFO request method=POST path=/rooms/201306877/messages duration=434.791µs
2026/10/10 14:59:44 INFO request method=POST path=/rooms/201306877/messages duration=470.351µs
2026/10/10 14:59:44 INFO request method=POST path=/rooms/201306877/messages duration=451.654µs
2026/10/10 14:59:44 INFO request method=POST path=/rooms/201306877/messages duration=448.363µs
2026/10/10 14:59:44 INFO request method=POST path=/rooms/201306877/messages duration=436.487µs
2026/10/10 14:59:44 INFO request method=POST path=/rooms/201306877/messages duration=427.039µs
2026/10/10 14:59:44 INFO request method=POST path=/rooms/201306877/messages duration=543.675µs
2026/10/10 14:59:44 INFO request method=POST path=/rooms/201306877/messages duration=449.753µs
2026/10/10 14:59:44 INFO request method=POST path=/rooms/201306877/messages duration=425.951µs
2026/10/10 14:59:44 INFO request method=POST path=/rooms/201306877/messages duration=429.753µs
2026/10/10 14:59:44 INFO request method=POST path=/rooms/201306877/messages duration=395.897µs
2026/10/10 14:59:44 INFO request method=POST path=/rooms/201306877/messages duration=398.404µs
2026/10/10 14:59:44 INFO request method=POST path=/rooms/201306877/messages duration=448.338µs
2026/10/10 14:59:44 INFO request method=POST path=/rooms/201306877/messages duration=504.698µs
2026/10/10 14:59:44 INFO request method=POST path=/rooms/201306877/messages duration=471.772µs
2026/10/10 14:59:44 INFO request method=POST path=/rooms/201306877/messages duration=465.312µs
2026/10/10 14:59:44 INFO request method=POST path=/rooms/201306877/messages duration=455.41µs
2026/10/10 14:59:44 INFO request method=POST path=/rooms/201306877/messages duration=655.94µs
2026/10/10 14:59:44 INFO request method=POST path=/rooms/201306877/messages duration=612.883µs
2026/10/10 14:59:44 INFO request method=POST path=/rooms/201306877/messages duration=550.558µs
2026/10/10 14:59:44 INFO request method=POST path=/rooms/201306877/messages duration=510.777µs
2026/10/10 14:59:44 INFO request method=POST path=/rooms/201306877/messages duration=587.004µs
gc 128 @13.568s 0%: 0.022+1.9+0.010 ms clock, 0.090+0.040/1.8/1.1+0.042 ms cpu, 74->75->42 MB, 80 MB goal, 0 MB stacks, 0 MB globals, 4 P
2026/10/10 14:59:44 INFO request method=POST path=/rooms/201306877/messages duration=584.487µs
2026/10/10 14:59:44 INFO request method=POST path=/rooms/201306877/messages duration=528.583µs
2026/10/10 14:59:44 INFO request method=POST path=/rooms/201306877/messages duration=418.387µs
2026/10/10 14:59:44 INFO request method=POST path=/rooms/201306877/messages duration=408.045µs
2026/10/10 14:59:44 INFO request method=POST path=/rooms/201306877/messages duration=417.199µs
2026/10/10 14:59:44 INFO request method=POST path=/rooms/201306877/messages duration=387.044µs
2026/10/10 14:59:44 INFO request method=POST path=/rooms/201306877/messages duration=436.536µs
2026/10/10 14:59:44 INFO request method=POST path=/rooms/201306877/messages duration=362.99µs
2026/10/10 14:59:44 INFO request method=POST path=/rooms/201306877/messages duration=358.022µs
2026/10/10 14:59:44 INFO request method=POST path=/rooms/201306877/messages duration=341.269µs
2026/10/10 14:59:44 INFO request method=POST path=/rooms/201306877/messages duration=324.715µs
2026/10/10 14:59:44 INFO request method=POST path=/rooms/201306877/messages duration=333.839µs
2026/10/10 14:59:44 INFO request method=POST path=/rooms/201306877/messages duration=348.072µs
2026/10/10 14:59:44 INFO request method=POST path=/rooms/201306877/messages duration=322.014µs
2026/10/10 14:59:44 INFO request method=POST path=/rooms/201306877/messages duration=331.56µs
2026/10/10 14:59:44 INFO request method=POST path=/rooms/201306877/messages duration=327.507µs
2026/10/10 14:59:44 INFO request method=POST path=/rooms/201306877/messages duration=331.761µs
2026/10/10 14:59:44 INFO request method=POST path=/rooms/201306877/messages duration=318.694µs
2026/10/10 14:59:44 INFO request method=POST path=/rooms/201306877/messages duration=336.111µs
2026/10/10 14:59:44 INFO request method=POST path=/rooms/201306877/messages duration=315.102µs
2026/10/10 14:59:44 INFO request method=POST path=/rooms/201306877/messages duration=338.099µs
2026/10/10 14:59:44 INFO request method=POST path=/rooms/201306877/messages duration=396.236µs
2026/10/10 14:59:44 INFO request method=POST path=/rooms/201306877/messages duration=343.974µs
2026/10/10 14:59:44 INFO request method=POST path=/rooms/201306877/messages duration=352.925µs
2026/10/10 14:59:44 INFO request method=POST path=/rooms/201306877/messages duration=370.76µs
2026/10/10 14:59:44 INFO request method=POST path=/rooms/201306877/messages duration=367.477µs
2026/10/10 14:59:44 INFO request method=POST path=/rooms/201306877/messages duration=394.786µs
2026/10/10 14:59:44 INFO request method=POST path=/rooms/201306877/messages duration=399.99µs
2026/10/10 14:59:44 INFO request method=POST path=/rooms/201306877/messages duration=373.943µs
2026/10/10 14:59:44 INFO request method=POST path=/rooms/201306877/messages duration=390.822µs
2026/10/10 14:59:44 INFO request method=POST path=/rooms/201306877/messages duration=404.306µs
2026/10/10 14:59:44 INFO request method=POST path=/rooms/201306877/messages duration=379.311µs
2026/10/10 14:59:44 INFO request method=POST path=/rooms/201306877/messages duration=371.407µs
2026/10/10 14:59:44 INFO request method=POST path=/rooms/201306877/messages duration=407.317µs
2026/10/10 14:59:44 INFO request method=POST path=/rooms/201306877/messages duration=384.913µs
2026/10/10 14:59:44 INFO request method=POST path=/rooms/201306877/messages duration=475.165µs
2026/10/10 14:59:44 INFO request method=POST path=/rooms/201306877/messages duration=433.335µs
2026/10/10 14:59:44 INFO request method=POST path=/rooms/201306877/messages duration=353.14µs
2026/10/10 14:59:44 INFO request method=POST path=/rooms/201306877/messages duration=346.364µs
2026/10/10 14:59:44 INFO request method=POST path=/rooms/201306877/messages duration=362.925µs
2026/10/10 14:59:44 INFO request method=POST path=/rooms/201306877/messages duration=376.32µs
2026/10/10 14:59:44 INFO request method=POST path=/rooms/201306877/messages duration=329.725µs
2026/10/10 14:59:44 INFO request method=POST path=/rooms/201306877/messages duration=342.114µs
2026/10/10 14:59:44 INFO request method=POST path=/rooms/201306877/messages duration=340.268µs
2026/10/10 14:59:44 INFO request method=POST path=/rooms/201306877/messages duration=357.843µs
2026/10/10 14:59:44 INFO request method=POST path=/rooms/201306877/messages duration=368.147µs
2026/10/10 14:59:44 INFO request method=POST path=/rooms/201306877/messages duration=359.775µs
2026/10/10 14:59:44 INFO request method=POST path=/rooms/201306877/messages duration=370.221µs
2026/10/10 14:59:44 INFO request method=POST path=/rooms/201306877/messages duration=373.093µs
2026/10/10 14:59:44 INFO request method=POST path=/rooms/201306877/messages duration=386.964µs
2026/10/10 14:59:44 INFO request method=POST path=/rooms/201306877/messages duration=351.567µs
2026/10/10 14:59:44 INFO request method=POST path=/rooms/201306877/messages duration=374.37µs
2026/10/10 14:59:44 INFO request method=POST path=/rooms/201306877/messages duration=398.197µs
2026/10/10 14:59:44 INFO request method=POST path=/rooms/201306877/messages duration=386.732µs
2026/10/10 14:59:44 INFO request method=POST path=/rooms/201306877/messages duration=395.729µs
2026/10/10 14:59:44 INFO request method=POST path=/rooms/201306877/messages duration=451.504µs
2026/10/10 14:59:44 INFO request method=POST path=/rooms/201306877/messages duration=407.711µs
2026/10/10 14:59:44 INFO request method=POST path=/rooms/201306877/messages duration=426.22µs
2026/10/10 14:59:44 INFO request method=POST path=/rooms/201306877/messages duration=392.717µs
2026/10/10 14:59:44 INFO request method=POST path=/rooms/201306877/messages duration=410.485µs
2026/10/10 14:59:44 INFO request method=POST path=/rooms/201306877/messages duration=405.82µs
2026/10/10 14:59:44 INFO request method=POST path=/rooms/201306877/messages duration=407.659µs
2026/10/10 14:59:44 INFO request method=POST path=/rooms/201306877/messages duration=393.316µs
2026/10/10 14:59:44 INFO request method=POST path=/rooms/201306877/messages duration=393.92µs
2026/10/10 14:59:44 INFO request method=POST path=/rooms/201306877/messages duration=408.119µs
2026/10/10 14:59:44 INFO request method=POST path=/rooms/201306877/messages duration=399.579µs
2026/10/10 14:59:44 INFO request method=POST path=/rooms/201306877/messages duration=405.933µs
2026/10/10 14:59:44 INFO request method=POST path=/rooms/201306877/messages duration=400.032µs
2026/10/10 14:59:44 INFO request method=POST path=/rooms/201306877/messages duration=381.852µs
2026/10/10 14:59:44 INFO request method=POST path=/rooms/201306877/messages duration=382.896µs
2026/10/10 14:59:44 INFO request method=POST path=/rooms/201306877/messages duration=434.699µs
2026/10/10 14:59:44 INFO request method=POST path=/rooms/201306877/messages duration=377.533µs
2026/10/10 14:59:44 INFO request method=POST path=/rooms/201306877/messages duration=417.674µs
2026/10/10 14:59:44 INFO request method=POST path=/rooms/201306877/messages duration=399.626µs
2026/10/10 14:59:44 INFO request method=POST path=/rooms/201306877/messages duration=372.855µs
2026/10/10 14:59:44 INFO request method=POST path=/rooms/201306877/messages duration=371.74µs
2026/10/10 14:59:44 INFO request method=POST path=/rooms/201306877/messages duration=376.528µs
2026/10/10 14:59:44 INFO request method=POST path=/rooms/201306877/messages duration=375.308µs
2026/10/10 14:59:44 INFO request method=POST path=/rooms/201306877/messages duration=388.393µs
2026/10/10 14:59:44 INFO request method=POST path=/rooms/201306877/messages duration=377.536µs
2026/10/10 14:59:44 INFO request method=POST path=/rooms/201306877/messages duration=399.918µs
2026/10/10 14:59:44 INFO request method=POST path=/rooms/201306877/messages duration=405.401µs
2026/10/10 14:59:44 INFO request method=POST path=/rooms/201306877/messages duration=384.42µs
2026/10/10 14:59:44 INFO request method=POST path=/rooms/201306877/messages duration=368.646µs
2026/10/10 14:59:44 INFO request method=POST path=/rooms/201306877/messages duration=384.357µs
2026/10/10 14:59:44 INFO request method=POST path=/rooms/201306877/messages duration=444.524µs
2026/10/10 14:59:44 INFO request method=POST path=/rooms/201306877/messages duration=363.701µs
2026/10/10 14:59:44 INFO request method=POST path=/rooms/201306877/messages duration=402.145µs
2026/10/10 14:59:44 INFO request method=POST path=/rooms/201306877/messages duration=354.197µs
2026/10/10 14:59:44 INFO request method=POST path=/rooms/201306877/messages duration=361.265µs
2026/10/10 14:59:44 INFO request method=POST path=/rooms/201306877/messages duration=412.08µs
2026/10/10 14:59:44 INFO request method=POST path=/rooms/201306877/messages duration=382.971µs
2026/10/10 14:59:44 INFO request method=POST path=/rooms/201306877/messages duration=451.478µs
2026/10/10 14:59:44 INFO request method=POST path=/rooms/201306877/messages duration=386.998µs
2026/10/10 14:59:44 INFO request method=POST path=/rooms/201306877/messages duration=388.132µs
2026/10/10 14:59:44 INFO request method=POST path=/rooms/201306877/messages duration=384.847µs
2026/10/10 14:59:44 INFO request method=POST path=/rooms/201306877/messages duration=426.589µs
2026/10/10 14:59:44 INFO request method=POST path=/rooms/201306877/messages duration=407.43µs
2026/10/10 14:59:44 INFO request method=POST path=/rooms/201306877/messages duration=429.925µs
2026/10/10 14:59:44 INFO request method=POST path=/rooms/201306877/messages duration=434.244µs
2026/10/10 14:59:44 INFO request method=POST path=/rooms/201306877/messages duration=523.267µs
2026/10/10 14:59:44 INFO request method=POST path=/rooms/201306877/messages duration=390.882µs
2026/10/10 14:59:44 INFO request method=POST path=/rooms/201306877/messages duration=386.819µs
2026/10/10 14:59:44 INFO request method=POST path=/rooms/201306877/messages duration=406.129µs
2026/10/10 14:59:44 INFO request method=POST path=/rooms/201306877/messages duration=434.283µs
2026/10/10 14:59:44 INFO request method=POST path=/rooms/201306877/messages duration=409.886µs
2026/10/10 14:59:44 INFO request method=POST path=/rooms/201306877/messages duration=403.559µs
2026/10/10 14:59:44 INFO request method=POST path=/rooms/201306877/messages duration=422.304µs
2026/10/10 14:59:44 INFO request method=POST path=/rooms/201306877/messages duration=401.656µs
2026/10/10 14:59:44 INFO request method=POST path=/rooms/201306877/messages duration=400.637µs
2026/10/10 14:59:44 INFO request method=POST path=/rooms/201306877/messages duration=420.313µs
2026/10/10 14:59:44 INFO request method=POST path=/rooms/201306877/messages duration=444.894µs
2026/10/10 14:59:44 INFO request method=POST path=/rooms/201306877/messages duration=419.999µs
2026/10/10 14:59:44 INFO request method=POST path=/rooms/201306877/messages duration=448.434µs
2026/10/10 14:59:44 INFO request method=POST path=/rooms/201306877/messages duration=453.803µs
2026/10/10 14:59:44 INFO request method=POST path=/rooms/201306877/messages duration=435.94µs
2026/10/10 14:59:44 INFO request method=POST path=/rooms/201306877/messages duration=438.592µs
2026/10/10 14:59:44 INFO request method=POST path=/rooms/201306877/messages duration=445.201µs
2026/10/10 14:59:44 INFO request method=POST path=/rooms/201306877/messages duration=436.799µs
2026/10/10 14:59:44 INFO request method=POST path=/rooms/201306877/messages duration=508.712µs
2026/10/10 14:59:44 INFO request method=POST path=/rooms/201306877/messages duration=459.125µs
2026/10/10 14:59:44 INFO request method=POST path=/rooms/201306877/messages duration=418.642µs
2026/10/10 14:59:44 INFO request method=POST path=/rooms/201306877/messages duration=412.872µs
2026/10/10 14:59:44 INFO request method=POST path=/rooms/201306877/messages duration=440.779µs
2026/10/10 14:59:44 INFO request method=POST path=/rooms/201306877/messages duration=455.47µs
2026/10/10 14:59:44 INFO request method=POST path=/rooms/201306877/messages duration=451.281µs
2026/10/10 14:59:44 INFO request method=POST path=/rooms/201306877/messages duration=443.12µs
2026/10/10 14:59:44 INFO request method=POST path=/rooms/201306877/messages duration=410.66µs
2026/10/10 14:59:44 INFO request method=POST path=/rooms/201306877/messages duration=409.894µs
2026/10/10 14:59:44 INFO request method=POST path=/rooms/201306877/messages duration=429.16µs
2026/10/10 14:59:44 INFO request method=POST path=/rooms/201306877/messages duration=430.805µs
2026/10/10 14:59:44 INFO request method=POST path=/rooms/201306877/messages duration=462.202µs
2026/10/10 14:59:44 INFO request method=POST path=/rooms/201306877/messages duration=450.394µs
2026/10/10 14:59:44 INFO request method=POST path=/rooms/201306877/messages duration=437.453µs
2026/10/10 14:59:44 INFO request method=POST path=/rooms/201306877/messages duration=531.005µs
2026/10/10 14:59:44 INFO request method=POST path=/rooms/201306877/messages duration=439.934µs
2026/10/10 14:59:44 INFO request method=POST path=/rooms/201306877/messages duration=430.394µs
2026/10/10 14:59:44 INFO request method=POST path=/rooms/201306877/messages duration=398.671µs
2026/10/10 14:59:44 INFO request method=POST path=/rooms/201306877/messages duration=410.115µs
2026/10/10 14:59:44 INFO request method=POST path=/rooms/201306877/messages duration=400.326µs
2026/10/10 14:59:44 INFO request method=POST path=/rooms/201306877/messages duration=392.043µs
2026/10/10 14:59:44 INFO request method=POST path=/rooms/201306877/messages duration=424.699µs
2026/10/10 14:59:44 INFO request method=POST path=/rooms/201306877/messages duration=409.973µs
2026/10/10 14:59:44 INFO request method=POST path=/rooms/201306877/messages duration=357.21µs
2026/10/10 14:59:44 INFO request method=POST path=/rooms/201306877/messages duration=393.829µs
2026/10/10 14:59:44 INFO request method=POST path=/rooms/201306877/messages duration=363.51µs
2026/10/10 14:59:44 INFO request method=POST path=/rooms/201306877/messages duration=421.719µs
2026/10/10 14:59:44 INFO request method=POST path=/rooms/201306877/messages duration=357.474µs
2026/10/10 14:59:44 INFO request method=POST path=/rooms/201306877/messages duration=331.392µs
2026/10/10 14:59:44 INFO request method=POST path=/rooms/201306877/messages duration=385.744µs
2026/10/10 14:59:44 INFO request method=POST path=/rooms/201306877/messages duration=341.458µs
2026/10/10 14:59:44 INFO request method=POST path=/rooms/201306877/messages duration=327.68µs
2026/10/10 14:59:44 INFO request method=POST path=/rooms/201306877/messages duration=335.287µs
2026/10/10 14:59:44 INFO request method=POST path=/rooms/201306877/messages duration=338.357µs
2026/10/10 14:59:44 INFO request method=POST path=/rooms/201306877/messages duration=309.403µs
2026/10/10 14:59:44 INFO request method=POST path=/rooms/201306877/messages duration=324.281µs
2026/10/10 14:59:44 INFO request method=POST path=/rooms/201306877/messages duration=338.04µs
2026/10/10 14:59:44 INFO request method=POST path=/rooms/201306877/messages duration=319.663µs
2026/10/10 14:59:44 INFO request method=POST path=/rooms/201306877/messages duration=302.149µs
2026/10/10 14:59:44 INFO request method=POST path=/rooms/201306877/messages duration=324.424µs
2026/10/10 14:59:44 INFO request method=POST path=/rooms/201306877/messages duration=305.14µs
2026/10/10 14:59:44 INFO request method=POST path=/rooms/201306877/messages duration=295.884µs
2026/10/10 14:59:44 INFO request method=POST path=/rooms/201306877/messages duration=348.841µs
2026/10/10 14:59:44 INFO request method=POST path=/rooms/201306877/messages duration=353.034µs
2026/10/10 14:59:44 INFO request method=POST path=/rooms/201306877/messages duration=406.75µs
2026/10/10 14:59:44 INFO request method=POST path=/rooms/201306877/messages duration=335.8µs
2026/10/10 14:59:44 INFO request method=POST path=/rooms/201306877/messages duration=323.537µs
2026/10/10 14:59:44 INFO request method=POST path=/rooms/201306877/messages duration=334.821µs
2026/10/10 14:59:44 INFO request method=POST path=/rooms/201306877/messages duration=470.234µs
2026/10/10 14:59:44 INFO request method=POST path=/rooms/201306877/messages duration=361.218µs
2026/10/10 14:59:44 INFO request method=POST path=/rooms/201306877/messages duration=387.174µs
2026/10/10 14:59:44 INFO request method=POST path=/rooms/201306877/messages duration=357.277µs
2026/10/10 14:59:44 INFO request method=POST path=/rooms/201306877/messages duration=353.523µs
2026/10/10 14:59:44 INFO request method=POST path=/rooms/201306877/messages duration=356.985µs
2026/10/10 14:59:44 INFO request method=POST path=/rooms/201306877/messages duration=366.433µs
2026/10/10 14:59:44 INFO request method=POST path=/rooms/201306877/messages duration=374.015µs
2026/10/10 14:59:44 INFO request method=POST path=/rooms/201306877/messages duration=384.768µs
2026/10/10 14:59:44 INFO request method=POST path=/rooms/201306877/messages duration=362.539µs
2026/10/10 14:59:44 INFO request method=POST path=/rooms/201306877/messages duration=369.126µs
2026/10/10 14:59:44 INFO request method=POST path=/rooms/201306877/messages duration=371.523µs
2026/10/10 14:59:44 INFO request method=POST path=/rooms/201306877/messages duration=367.097µs
2026/10/10 14:59:44 INFO request method=POST path=/rooms/201306877/messages duration=395.423µs
2026/10/10 14:59:44 INFO request method=POST path=/rooms/201306877/messages duration=403.559µs
2026/10/10 14:59:44 INFO request method=POST path=/rooms/201306877/messages duration=452.002µs
2026/10/10 14:59:44 INFO request method=POST path=/rooms/201306877/messages duration=385.766µs
2026/10/10 14:59:44 INFO request method=POST path=/rooms/201306877/messages duration=437.886µs
2026/10/10 14:59:44 INFO request method=POST path=/rooms/201306877/messages duration=422.454µs
2026/10/10 14:59:44 INFO request method=POST path=/rooms/201306877/messages duration=382.152µs
2026/10/10 14:59:44 INFO request method=POST path=/rooms/201306877/messages duration=431.633µs
2026/10/10 14:59:44 INFO request method=POST path=/rooms/201306877/messages duration=392.822µs
2026/10/10 14:59:44 INFO request method=POST path=/rooms/201306877/messages duration=405.17µs
2026/10/10 14:59:44 INFO request method=POST path=/rooms/201306877/messages duration=364.006µs
2026/10/10 14:59:44 INFO request method=POST path=/rooms/201306877/messages duration=395.644µs
2026/10/10 14:59:44 INFO request method=POST path=/rooms/201306877/messages duration=396.219µs
2026/10/10 14:59:44 INFO request method=POST path=/rooms/201306877/messages duration=395.62µs
2026/10/10 14:59:44 INFO request method=POST path=/rooms/201306877/messages duration=393.132µs
2026/10/10 14:59:44 INFO request method=POST path=/rooms/201306877/messages duration=455.636µs
2026/10/10 14:59:44 INFO request method=POST path=/rooms/201306877/messages duration=508.203µs
2026/10/10 14:59:44 INFO request method=POST path=/rooms/201306877/messages duration=523.518µs
2026/10/10 14:59:44 INFO request method=POST path=/rooms/201306877/messages duration=384.411µs
2026/10/10 14:59:44 INFO request method=POST path=/rooms/201306877/messages duration=388.471µs
2026/10/10 14:59:44 INFO request method=POST path=/rooms/201306877/messages duration=442.357µs
2026/10/10 14:59:44 INFO request method=POST path=/rooms/201306877/messages duration=414.186µs
2026/10/10 14:59:44 INFO request method=POST path=/rooms/201306877/messages duration=400.502µs
2026/10/10 14:59:44 INFO request method=POST path=/rooms/201306877/messages duration=421.231µs
2026/10/10 14:59:44 INFO request method=POST path=/rooms/201306877/messages duration=396.333µs
2026/10/10 14:59:44 INFO request method=POST path=/rooms/201306877/messages duration=396.375µs
2026/10/10 14:59:44 INFO request method=POST path=/rooms/201306877/messages duration=402.77µs
2026/10/10 14:59:44 INFO request method=POST path=/rooms/201306877/messages duration=394.585µs
2026/10/10 14:59:44 INFO request method=POST path=/rooms/201306877/messages duration=384.01µs
2026/10/10 14:59:44 INFO request method=POST path=/rooms/201306877/messages duration=422.3µs
2026/10/10 14:59:44 INFO request method=POST path=/rooms/201306877/messages duration=384.261µs
2026/10/10 14:59:44 INFO request method=POST path=/rooms/201306877/messages duration=372.143µs
2026/10/10 14:59:44 INFO request method=POST path=/rooms/201306877/messages duration=371.695µs
2026/10/10 14:59:44 INFO request method=POST path=/rooms/201306877/messages duration=422.267µs
2026/10/10 14:59:44 INFO request method=POST path=/rooms/201306877/messages duration=380.129µs
2026/10/10 14:59:44 INFO request method=POST path=/rooms/201306877/messages duration=400.346µs
2026/10/10 14:59:44 INFO request method=POST path=/rooms/201306877/messages duration=392.536µs
2026/10/10 14:59:44 INFO request method=POST path=/rooms/201306877/messages duration=373.319µs
2026/10/10 14:59:44 INFO request method=POST path=/rooms/201306877/messages duration=392.863µs
2026/10/10 14:59:44 INFO request method=POST path=/rooms/201306877/messages duration=401.666µs
2026/10/10 14:59:44 INFO request method=POST path=/rooms/201306877/messages duration=403.098µs
2026/10/10 14:59:44 INFO request method=POST path=/rooms/201306877/messages duration=396.517µs
2026/10/10 14:59:44 INFO request method=POST path=/rooms/201306877/messages duration=386.255µs
2026/10/10 14:59:44 INFO request method=POST path=/rooms/201306877/messages duration=390.248µs
2026/10/10 14:59:44 INFO request method=POST path=/rooms/201306877/messages duration=388.323µs
2026/10/10 14:59:44 INFO request method=POST path=/rooms/201306877/messages duration=406.395µs
2026/10/10 14:59:44 INFO request method=POST path=/rooms/201306877/messages duration=438.537µs
2026/10/10 14:59:44 INFO request method=POST path=/rooms/201306877/messages duration=435.499µs
2026/10/10 14:59:44 INFO request method=POST path=/rooms/201306877/messages duration=501.3µs
2026/10/10 14:59:44 INFO request method=POST path=/rooms/201306877/messages duration=404.382µs
2026/10/10 14:59:44 INFO request method=POST path=/rooms/201306877/messages duration=453.987µs
2026/10/10 14:59:44 INFO request method=POST path=/rooms/201306877/messages duration=458.407µs
2026/10/10 14:59:44 INFO request method=POST path=/rooms/201306877/messages duration=435.235µs
2026/10/10 14:59:44 INFO request method=POST path=/rooms/201306877/messages duration=414.691µs
2026/10/10 14:59:44 INFO request method=POST path=/rooms/201306877/messages duration=402.646µs
2026/10/10 14:59:44 INFO request method=POST path=/rooms/201306877/messages duration=402.692µs
2026/10/10 14:59:44 INFO request method=POST path=/rooms/201306877/messages duration=430.535µs
2026/10/10 14:59:44 INFO request method=POST path=/rooms/201306877/messages duration=416.771µs
2026/10/10 14:59:44 INFO request method=POST path=/rooms/201306877/messages duration=387.318µs
2026/10/10 14:59:44 INFO request method=POST path=/rooms/201306877/messages duration=383.996µs
2026/10/10 14:59:44 INFO request method=POST path=/rooms/201306877/messages duration=407.535µs
2026/10/10 14:59:44 INFO request method=POST path=/rooms/201306877/messages duration=390.84µs
2026/10/10 14:59:44 INFO request method=POST path=/rooms/201306877/messages duration=397.935µs
2026/10/10 14:59:44 INFO request method=POST path=/rooms/201306877/messages duration=375.001µs
2026/10/10 14:59:44 INFO request method=POST path=/rooms/201306877/messages duration=384.529µs
2026/10/10 14:59:44 INFO request method=POST path=/rooms/201306877/messages duration=364.902µs
2026/10/10 14:59:44 INFO request method=POST path=/rooms/201306877/messages duration=428.929µs
2026/10/10 14:59:44 INFO request method=POST path=/rooms/201306877/messages duration=376.342µs
2026/10/10 14:59:44 INFO request method=POST path=/rooms/201306877/messages duration=450.256µs
2026/10/10 14:59:44 INFO request method=POST path=/rooms/201306877/messages duration=378.056µs
2026/10/10 14:59:44 INFO request method=POST path=/rooms/201306877/messages duration=366.131µs
2026/10/10 14:59:44 INFO request method=POST path=/rooms/201306877/messages duration=387.35µs
2026/10/10 14:59:44 INFO request method=POST path=/rooms/201306877/messages duration=396.421µs
2026/10/10 14:59:44 INFO request method=POST path=/rooms/201306877/messages duration=380.603µs
2026/10/10 14:59:44 INFO request method=POST path=/rooms/201306877/messages duration=397.782µs
2026/10/10 14:59:44 INFO request method=POST path=/rooms/201306877/messages duration=372.763µs
2026/10/10 14:59:44 INFO request method=POST path=/rooms/201306877/messages duration=400.957µs
2026/10/10 14:59:44 INFO request method=POST path=/rooms/201306877/messages duration=385.164µs
2026/10/10 14:59:44 INFO request method=POST path=/rooms/201306877/messages duration=379.351µs
2026/10/10 14:59:44 INFO request method=POST path=/rooms/201306877/messages duration=402.646µs
2026/10/10 14:59:44 INFO request method=POST path=/rooms/201306877/messages duration=415.825µs
2026/10/10 14:59:44 INFO request method=POST path=/rooms/201306877/messages duration=461.446µs
2026/10/10 14:59:44 INFO request method=POST path=/rooms/201306877/messages duration=389.917µs
2026/10/10 14:59:44 INFO request method=POST path=/rooms/201306877/messages duration=405.36µs
2026/10/10 14:59:44 INFO request method=POST path=/rooms/201306877/messages duration=423.996µs
2026/10/10 14:59:44 INFO request method=POST path=/rooms/201306877/messages duration=402.834µs
2026/10/10 14:59:44 INFO request method=POST path=/rooms/201306877/messages duration=453.348µs
2026/10/10 14:59:44 INFO request method=POST path=/rooms/201306877/messages duration=428.243µs
2026/10/10 14:59:44 INFO request method=POST path=/rooms/201306877/messages duration=440.618µs
2026/10/10 14:59:44 INFO request method=POST path=/rooms/201306877/messages duration=434.582µs
2026/10/10 14:59:44 INFO request method=POST path=/rooms/201306877/messages duration=626.133µs
2026/10/10 14:59:44 INFO request method=POST path=/rooms/201306877/messages duration=683.163µs
2026/10/10 14:59:44 INFO request method=POST path=/rooms/201306877/messages duration=551.738µs
2026/10/10 14:59:44 INFO request method=POST path=/rooms/201306877/messages duration=532.181µs
2026/10/10 14:59:44 INFO request method=POST path=/rooms/201306877/messages duration=484.715µs
gc 129 @13.660s 0%: 0.031+1.7+0.002 ms clock, 0.12+0.087/1.7/0.97+0.008 ms cpu, 81->82->44 MB, 84 MB goal, 0 MB stacks, 0 MB globals, 4 P
